158.130.6.254,38.98.51.20,66.4
158.130.6.254,38.98.51.20,66.3
158.130.6.254,38.98.51.20,66.3
158.130.6.254,38.98.51.20,66.3
158.130.6.254,38.98.51.20,66.4
158.130.6.254,38.98.51.20,66.4
158.130.6.254,38.98.51.20,66.3
158.130.6.254,38.98.51.20,66.4
158.130.6.254,38.98.51.20,66.3
158.130.6.254,38.98.51.20,66.4
158.130.6.254,38.98.51.20,66.4
158.130.6.254,38.98.51.20,66.4
158.130.6.254,38.98.51.20,66.4
158.130.6.254,38.98.51.20,66.4
158.130.6.254,38.98.51.20,66.4
158.130.6.254,38.98.51.20,66.4
158.130.6.254,38.98.51.20,66.3
158.130.6.254,38.98.51.20,66.4
158.130.6.254,38.98.51.20,66.3
158.130.6.254,38.98.51.20,66.4
158.130.6.254,38.98.51.20,66.4
158.130.6.254,38.98.51.20,66.4
158.130.6.254,38.98.51.20,66.3
158.130.6.254,38.98.51.20,66.4
158.130.6.254,38.98.51.20,66.4
158.130.6.254,38.98.51.20,66.4
158.130.6.254,38.98.51.20,66.4
158.130.6.254,38.98.51.20,66.4
158.130.6.254,38.98.51.20,66.3
158.130.6.254,38.98.51.20,66.3
158.130.6.254,38.98.51.20,66.4
158.130.6.254,38.98.51.20,66.4
158.130.6.254,38.98.51.20,66.4
158.130.6.254,38.98.51.20,66.4
158.130.6.254,38.98.51.20,66.4
158.130.6.254,38.98.51.20,66.4
158.130.6.254,38.98.51.20,66.4
158.130.6.254,38.98.51.20,66.4
158.130.6.254,38.98.51.20,66.4
158.130.6.254,38.98.51.20,66.4
158.130.6.254,38.98.51.20,66.4
158.130.6.254,38.98.51.20,66.4
158.130.6.254,38.98.51.20,66.3
158.130.6.254,38.98.51.20,66.5
158.130.6.254,38.98.51.20,66.4
158.130.6.254,38.98.51.20,66.4
158.130.6.254,38.98.51.20,66.4
158.130.6.254,38.98.51.20,66.3
158.130.6.254,38.98.51.20,66.3
158.130.6.254,38.98.51.20,66.4
158.130.6.254,38.98.51.20,66.3
158.130.6.254,38.98.51.20,66.3
158.130.6.254,38.98.51.20,66.4
158.130.6.254,38.98.51.20,66.4
158.130.6.254,38.98.51.20,66.4
158.130.6.254,38.98.51.20,66.2
158.130.6.254,38.98.51.20,66.4
158.130.6.254,38.98.51.20,66.3
158.130.6.254,38.98.51.20,66.4
158.130.6.254,38.98.51.20,66.4
158.130.6.254,38.98.51.20,66.4
158.130.6.254,38.98.51.20,66.4
158.130.6.254,38.98.51.20,66.4
158.130.6.254,38.98.51.20,66.4
158.130.6.254,38.98.51.20,66.4
158.130.6.254,38.98.51.20,66.4
158.130.6.254,38.98.51.20,66.4
158.130.6.254,38.98.51.20,66.4
158.130.6.254,38.98.51.20,66.3
158.130.6.254,38.98.51.20,66.3
158.130.6.254,38.98.51.20,66.2
158.130.6.254,38.98.51.20,66.3
158.130.6.254,38.98.51.20,66.3
158.130.6.254,38.98.51.20,66.4
158.130.6.254,38.98.51.20,66.3
158.130.6.254,38.98.51.20,66.3
158.130.6.254,38.98.51.20,66.4
158.130.6.254,38.98.51.20,66.2
158.130.6.254,38.98.51.20,66.3
158.130.6.254,38.98.51.20,66.3
158.130.6.254,38.98.51.20,66.3
158.130.6.254,38.98.51.20,66.4
158.130.6.254,38.98.51.20,66.3
158.130.6.254,38.98.51.20,66.3
158.130.6.254,38.98.51.20,66.3
158.130.6.254,38.98.51.20,66.4
158.130.6.254,38.98.51.20,66.3
158.130.6.254,38.98.51.20,66.4
158.130.6.254,38.98.51.20,66.3
158.130.6.254,38.98.51.20,66.4
158.130.6.254,38.98.51.20,66.4
158.130.6.254,38.98.51.20,66.4
158.130.6.254,38.98.51.20,66.4
158.130.6.254,38.98.51.20,66.3
158.130.6.254,38.98.51.20,66.4
158.130.6.254,38.98.51.20,66.4
158.130.6.254,38.98.51.20,66.4
158.130.6.254,38.98.51.20,66.3
158.130.6.254,38.98.51.20,66.3
158.130.6.254,38.98.51.20,66.4
158.130.6.254,38.98.51.20,66.4
158.130.6.254,38.98.51.20,66.3
158.130.6.254,38.98.51.20,66.4
158.130.6.254,38.98.51.20,66.4
158.130.6.254,38.98.51.20,66.4
158.130.6.254,38.98.51.20,66.4
158.130.6.254,38.98.51.20,66.3
158.130.6.254,38.98.51.20,66.4
158.130.6.254,38.98.51.20,66.4
158.130.6.254,38.98.51.20,66.3
158.130.6.254,38.98.51.20,66.4
158.130.6.254,38.98.51.20,66.4
158.130.6.254,38.98.51.20,66.3
158.130.6.254,38.98.51.20,66.4
158.130.6.254,38.98.51.20,66.4
158.130.6.254,38.98.51.20,66.4
158.130.6.254,38.98.51.20,66.2
158.130.6.254,38.98.51.20,66.3
158.130.6.254,38.98.51.20,66.4
158.130.6.254,38.98.51.20,66.4
158.130.6.254,38.98.51.20,66.4
158.130.6.254,38.98.51.20,66.4
158.130.6.254,38.98.51.20,66.4
158.130.6.254,38.98.51.20,66.4
158.130.6.254,38.98.51.20,66.4
158.130.6.254,38.98.51.20,66.4
158.130.6.254,38.98.51.20,66.3
158.130.6.254,38.98.51.20,66.4
158.130.6.254,38.98.51.20,66.4
158.130.6.254,38.98.51.20,66.4
158.130.6.254,38.98.51.20,66.3
158.130.6.254,38.98.51.20,66.4
158.130.6.254,38.98.51.20,66.4
158.130.6.254,38.98.51.20,66.4
158.130.6.254,38.98.51.20,66.4
158.130.6.254,38.98.51.20,66.3
158.130.6.254,38.98.51.20,66.3
158.130.6.254,38.98.51.20,66.4
158.130.6.254,38.98.51.20,66.4
158.130.6.254,38.98.51.20,66.4
158.130.6.254,38.98.51.20,66.4
158.130.6.254,38.98.51.20,66.4
158.130.6.254,38.98.51.20,66.4
158.130.6.254,38.98.51.20,66.3
158.130.6.254,38.98.51.20,66.3
158.130.6.254,38.98.51.20,66.4
158.130.6.254,38.98.51.20,66.4
158.130.6.254,38.98.51.20,66.4
158.130.6.254,38.98.51.20,66.4
158.130.6.254,38.98.51.20,66.4
158.130.6.254,38.98.51.20,66.4
158.130.6.254,38.98.51.20,66.4
158.130.6.254,38.98.51.20,66.3
158.130.6.254,38.98.51.20,66.4
158.130.6.254,38.98.51.20,66.4
158.130.6.254,38.98.51.20,66.4
158.130.6.254,38.98.51.20,66.3
158.130.6.254,38.98.51.20,66.4
158.130.6.254,38.98.51.20,66.4
158.130.6.254,38.98.51.20,66.4
158.130.6.254,38.98.51.20,66.3
158.130.6.254,38.98.51.20,66.4
158.130.6.254,38.98.51.20,66.3
158.130.6.254,38.98.51.20,66.4
158.130.6.254,38.98.51.20,66.3
158.130.6.254,38.98.51.20,66.4
158.130.6.254,38.98.51.20,66.3
158.130.6.254,38.98.51.20,66.3
158.130.6.254,38.98.51.20,66.4
158.130.6.254,38.98.51.20,66.4
158.130.6.254,38.98.51.20,66.4
158.130.6.254,38.98.51.20,66.3
158.130.6.254,38.98.51.20,66.3
158.130.6.254,38.98.51.20,66.3
158.130.6.254,38.98.51.20,66.6
158.130.6.254,38.98.51.20,66.3
158.130.6.254,38.98.51.20,66.4
158.130.6.254,38.98.51.20,66.3
158.130.6.254,38.98.51.20,66.3
158.130.6.254,38.98.51.20,66.4
158.130.6.254,38.98.51.20,66.4
158.130.6.254,38.98.51.20,66.3
158.130.6.254,38.98.51.20,66.4
158.130.6.254,38.98.51.20,66.4
158.130.6.254,38.98.51.20,66.4
158.130.6.254,38.98.51.20,66.4
158.130.6.254,38.98.51.20,66.4
158.130.6.254,38.98.51.20,66.4
158.130.6.254,38.98.51.20,66.4
158.130.6.254,38.98.51.20,66.4
158.130.6.254,38.98.51.20,66.4
158.130.6.254,38.98.51.20,66.4
158.130.6.254,38.98.51.20,66.4
158.130.6.254,38.98.51.20,66.3
158.130.6.254,38.98.51.20,66.3
158.130.6.254,38.98.51.20,66.4
158.130.6.254,38.98.51.20,66.4
158.130.6.254,38.98.51.20,66.3
158.130.6.254,38.98.51.20,66.4
158.130.6.254,38.98.51.20,66.4
158.130.6.254,38.98.51.20,66.4
158.130.6.254,38.98.51.20,67.1
158.130.6.254,38.98.51.20,67.2
158.130.6.254,38.98.51.20,67.2
158.130.6.254,38.98.51.20,66.4
158.130.6.254,38.98.51.20,66.4
158.130.6.254,38.98.51.20,66.4
158.130.6.254,38.98.51.20,66.3
158.130.6.254,38.98.51.20,66.4
158.130.6.254,38.98.51.20,66.3
158.130.6.254,38.98.51.20,66.3
158.130.6.254,38.98.51.20,66.4
158.130.6.254,38.98.51.20,66.4
158.130.6.254,38.98.51.20,66.3
158.130.6.254,38.98.51.20,66.3
158.130.6.254,38.98.51.20,66.2
158.130.6.254,38.98.51.20,66.4
158.130.6.254,38.98.51.20,66.4
158.130.6.254,38.98.51.20,66.3
158.130.6.254,38.98.51.20,66.4
158.130.6.254,38.98.51.20,66.3
158.130.6.254,38.98.51.20,66.3
158.130.6.254,38.98.51.20,66.4
158.130.6.254,38.98.51.20,66.4
158.130.6.254,38.98.51.20,66.4
158.130.6.254,38.98.51.20,66.4
158.130.6.254,38.98.51.20,66.4
158.130.6.254,38.98.51.20,66.4
158.130.6.254,38.98.51.20,66.4
158.130.6.254,38.98.51.20,66.4
158.130.6.254,38.98.51.20,66.2
158.130.6.254,38.98.51.20,66.4
158.130.6.254,38.98.51.20,66.4
158.130.6.254,38.98.51.20,66.4
158.130.6.254,38.98.51.20,66.4
158.130.6.254,38.98.51.20,66.4
158.130.6.254,38.98.51.20,66.4
158.130.6.254,38.98.51.20,66.4
158.130.6.254,38.98.51.20,66.4
158.130.6.254,38.98.51.20,66.3
158.130.6.254,38.98.51.20,66.3
158.130.6.254,38.98.51.20,66.4
158.130.6.254,38.98.51.20,66.3
158.130.6.254,38.98.51.20,66.4
158.130.6.254,38.98.51.20,66.3
158.130.6.254,38.98.51.20,66.4
158.130.6.254,38.98.51.20,66.4
158.130.6.254,38.98.51.20,66.4
158.130.6.254,38.98.51.20,66.4
158.130.6.254,38.98.51.20,66.4
158.130.6.254,38.98.51.20,66.3
158.130.6.254,38.98.51.20,66.4
158.130.6.254,38.98.51.20,66.4
158.130.6.254,38.98.51.20,66.4
158.130.6.254,38.98.51.20,66.3
158.130.6.254,38.98.51.20,66.3
158.130.6.254,38.98.51.20,66.4
158.130.6.254,38.98.51.20,66.3
158.130.6.254,38.98.51.20,66.4
158.130.6.254,38.98.51.20,66.4
158.130.6.254,38.98.51.20,66.3
158.130.6.254,38.98.51.20,66.3
158.130.6.254,38.98.51.20,66.3
158.130.6.254,38.98.51.20,66.4
158.130.6.254,38.98.51.20,66.3
158.130.6.254,38.98.51.20,66.4
158.130.6.254,38.98.51.20,66.4
158.130.6.254,38.98.51.20,66.3
158.130.6.254,38.98.51.20,66.4
158.130.6.254,38.98.51.20,66.3
158.130.6.254,38.98.51.20,66.3
158.130.6.254,38.98.51.20,66.4
158.130.6.254,38.98.51.20,66.4
158.130.6.254,38.98.51.20,66.4
158.130.6.254,38.98.51.20,66.4
158.130.6.254,38.98.51.20,66.4
158.130.6.254,38.98.51.20,66.4
158.130.6.254,38.98.51.20,66.3
158.130.6.254,38.98.51.20,66.4
158.130.6.254,38.98.51.20,66.3
158.130.6.254,38.98.51.20,66.4
158.130.6.254,38.98.51.20,66.3
158.130.6.254,38.98.51.20,66.3
158.130.6.254,38.98.51.20,66.4
158.130.6.254,38.98.51.20,66.4
158.130.6.254,38.98.51.20,66.3
158.130.6.254,38.98.51.20,66.3
158.130.6.254,38.98.51.20,66.3
158.130.6.254,38.98.51.20,66.4
158.130.6.254,38.98.51.20,66.4
158.130.6.254,38.98.51.20,66.3
158.130.6.254,38.98.51.20,66.4
158.130.6.254,38.98.51.20,66.4
158.130.6.254,38.98.51.20,66.4
158.130.6.254,38.98.51.20,66.4
158.130.6.254,38.98.51.20,66.4
158.130.6.254,38.98.51.20,66.4
158.130.6.254,38.98.51.20,66.4
158.130.6.254,38.98.51.20,66.4
158.130.6.254,38.98.51.20,66.4
158.130.6.254,38.98.51.20,66.4
158.130.6.254,38.98.51.20,66.4
158.130.6.254,38.98.51.20,66.4
158.130.6.254,38.98.51.20,66.4
158.130.6.254,38.98.51.20,66.3
158.130.6.254,38.98.51.20,66.4
158.130.6.254,38.98.51.20,66.4
158.130.6.254,38.98.51.20,66.4
158.130.6.254,38.98.51.20,66.3
158.130.6.254,38.98.51.20,66.4
158.130.6.254,38.98.51.20,66.4
158.130.6.254,38.98.51.20,66.6
158.130.6.254,38.98.51.20,66.4
158.130.6.254,38.98.51.20,66.4
158.130.6.254,38.98.51.20,66.4
158.130.6.254,38.98.51.20,66.4
158.130.6.254,38.98.51.20,66.4
158.130.6.254,38.98.51.20,66.3
158.130.6.254,38.98.51.20,66.4
158.130.6.254,38.98.51.20,66.4
158.130.6.254,38.98.51.20,66.4
158.130.6.254,38.98.51.20,66.4
158.130.6.254,38.98.51.20,66.4
158.130.6.254,38.98.51.20,66.3
158.130.6.254,38.98.51.20,66.3
158.130.6.254,38.98.51.20,66.3
158.130.6.254,38.98.51.20,66.3
158.130.6.254,38.98.51.20,66.4
158.130.6.254,38.98.51.20,66.3
158.130.6.254,38.98.51.20,66.3
158.130.6.254,38.98.51.20,66.4
158.130.6.254,38.98.51.20,66.4
158.130.6.254,38.98.51.20,66.3
158.130.6.254,38.98.51.20,66.3
158.130.6.254,38.98.51.20,66.4
158.130.6.254,38.98.51.20,66.4
158.130.6.254,38.98.51.20,66.4
158.130.6.254,38.98.51.20,66.4
158.130.6.254,38.98.51.20,66.1
158.130.6.254,38.98.51.20,66.4
158.130.6.254,38.98.51.20,66.4
158.130.6.254,38.98.51.20,66.3
158.130.6.254,38.98.51.20,66.3
158.130.6.254,38.98.51.20,66.4
158.130.6.254,38.98.51.20,66.4
158.130.6.254,38.98.51.20,66.3
158.130.6.254,38.98.51.20,66.4
158.130.6.254,38.98.51.20,66.4
158.130.6.254,38.98.51.20,66.4
158.130.6.254,38.98.51.20,66.4
158.130.6.254,38.98.51.20,66.4
158.130.6.254,38.98.51.20,66.4
158.130.6.254,38.98.51.20,66.4
158.130.6.254,38.98.51.20,66.3
158.130.6.254,38.98.51.20,66.4
158.130.6.254,38.98.51.20,66.4
158.130.6.254,38.98.51.20,66.3
158.130.6.254,38.98.51.20,66.3
158.130.6.254,38.98.51.20,66.4
158.130.6.254,38.98.51.20,66.3
158.130.6.254,38.98.51.20,66.3
158.130.6.254,38.98.51.20,66.3
158.130.6.254,38.98.51.20,66.3
158.130.6.254,38.98.51.20,66.2
158.130.6.254,38.98.51.20,66.4
158.130.6.254,38.98.51.20,66.2
158.130.6.254,38.98.51.20,66.4
158.130.6.254,38.98.51.20,66.3
158.130.6.254,38.98.51.20,66.4
158.130.6.254,38.98.51.20,66.4
158.130.6.254,38.98.51.20,66.3
158.130.6.254,38.98.51.20,66.3
158.130.6.254,38.98.51.20,66.4
158.130.6.254,38.98.51.20,66.3
158.130.6.254,38.98.51.20,66.3
158.130.6.254,38.98.51.20,66.4
158.130.6.254,38.98.51.20,66.4
158.130.6.254,38.98.51.20,66.4
158.130.6.254,38.98.51.20,66.4
158.130.6.254,38.98.51.20,66.3
158.130.6.254,38.98.51.20,66.4
158.130.6.254,38.98.51.20,66.3
158.130.6.254,38.98.51.20,66.4
158.130.6.254,38.98.51.20,66.4
158.130.6.254,38.98.51.20,66.3
158.130.6.254,38.98.51.20,66.4
158.130.6.254,38.98.51.20,66.3
158.130.6.254,38.98.51.20,66.3
158.130.6.254,38.98.51.20,66.4
158.130.6.254,38.98.51.20,66.4
158.130.6.254,38.98.51.20,66.4
158.130.6.254,38.98.51.20,66.4
158.130.6.254,38.98.51.20,66.3
158.130.6.254,38.98.51.20,66.4
158.130.6.254,38.98.51.20,66.3
158.130.6.254,38.98.51.20,66.4
158.130.6.254,38.98.51.20,66.4
158.130.6.254,38.98.51.20,66.4
158.130.6.254,38.98.51.20,66.3
158.130.6.254,38.98.51.20,66.4
158.130.6.254,38.98.51.20,66.4
158.130.6.254,38.98.51.20,66.3
158.130.6.254,38.98.51.20,66.4
158.130.6.254,38.98.51.20,66.4
158.130.6.254,38.98.51.20,66.3
158.130.6.254,38.98.51.20,66.4
158.130.6.254,38.98.51.20,66.4
158.130.6.254,38.98.51.20,66.4
158.130.6.254,38.98.51.20,66.2
158.130.6.254,38.98.51.20,66.4
158.130.6.254,38.98.51.20,66.4
158.130.6.254,38.98.51.20,66.4
158.130.6.254,38.98.51.20,66.3
158.130.6.254,38.98.51.20,66.4
158.130.6.254,38.98.51.20,66.4
158.130.6.254,38.98.51.20,66.4
158.130.6.254,38.98.51.20,66.4
158.130.6.254,38.98.51.20,66.4
158.130.6.254,38.98.51.20,66.4
158.130.6.254,38.98.51.20,66.3
158.130.6.254,38.98.51.20,66.3
158.130.6.254,38.98.51.20,66.4
158.130.6.254,38.98.51.20,66.4
158.130.6.254,38.98.51.20,66.4
158.130.6.254,38.98.51.20,66.4
158.130.6.254,38.98.51.20,66.4
158.130.6.254,38.98.51.20,66.4
158.130.6.254,38.98.51.20,66.4
158.130.6.254,38.98.51.20,66.4
158.130.6.254,38.98.51.20,66.4
158.130.6.254,38.98.51.20,66.3
158.130.6.254,38.98.51.20,66.4
158.130.6.254,38.98.51.20,66.3
158.130.6.254,38.98.51.20,66.4
158.130.6.254,38.98.51.20,66.4
158.130.6.254,38.98.51.20,66.4
158.130.6.254,38.98.51.20,66.4
158.130.6.254,38.98.51.20,66.4
158.130.6.254,38.98.51.20,66.4
158.130.6.254,38.98.51.20,66.3
158.130.6.254,38.98.51.20,66.3
158.130.6.254,38.98.51.20,66.3
158.130.6.254,38.98.51.20,66.4
158.130.6.254,38.98.51.20,66.5
158.130.6.254,38.98.51.20,66.3
158.130.6.254,38.98.51.20,66.4
158.130.6.254,38.98.51.20,66.4
158.130.6.254,38.98.51.20,66.3
158.130.6.254,38.98.51.20,66.5
158.130.6.254,38.98.51.20,66.3
158.130.6.254,38.98.51.20,66.4
158.130.6.254,38.98.51.20,66.3
158.130.6.254,38.98.51.20,66.3
158.130.6.254,38.98.51.20,66.1
158.130.6.254,38.98.51.20,66.1
158.130.6.254,38.98.51.20,66.4
158.130.6.254,38.98.51.20,66.4
158.130.6.254,38.98.51.20,66.4
158.130.6.254,38.98.51.20,66.4
158.130.6.254,38.98.51.20,66.4
158.130.6.254,38.98.51.20,66.4
158.130.6.254,38.98.51.20,66.4
158.130.6.254,38.98.51.20,66.4
158.130.6.254,38.98.51.20,66.4
158.130.6.254,38.98.51.20,66.3
158.130.6.254,38.98.51.20,66.4
158.130.6.254,38.98.51.20,66.4
158.130.6.254,38.98.51.20,66.4
158.130.6.254,38.98.51.20,66.4
158.130.6.254,38.98.51.20,66.4
158.130.6.254,38.98.51.20,66.1
158.130.6.254,38.98.51.20,66.4
158.130.6.254,38.98.51.20,66.3
158.130.6.254,38.98.51.20,66.3
158.130.6.254,38.98.51.20,66.4
158.130.6.254,38.98.51.20,66.3
158.130.6.254,38.98.51.20,66.4
158.130.6.254,38.98.51.20,66.4
158.130.6.254,38.98.51.20,66.4
158.130.6.254,38.98.51.20,66.4
158.130.6.254,38.98.51.20,66.4
158.130.6.254,38.98.51.20,66.3
158.130.6.254,38.98.51.20,66.3
158.130.6.254,38.98.51.20,66.4
158.130.6.254,38.98.51.20,66.3
158.130.6.254,38.98.51.20,66.4
158.130.6.254,38.98.51.20,66.4
158.130.6.254,38.98.51.20,66.4
158.130.6.254,38.98.51.20,66.4
158.130.6.254,38.98.51.20,66.4
158.130.6.254,38.98.51.20,66.4
158.130.6.254,38.98.51.20,66.4
158.130.6.254,38.98.51.20,66.3
158.130.6.254,38.98.51.20,66.4
158.130.6.254,38.98.51.20,66.4
158.130.6.254,38.98.51.20,66.4
158.130.6.254,38.98.51.20,66.3
158.130.6.254,38.98.51.20,66.4
158.130.6.254,38.98.51.20,66.4
158.130.6.254,38.98.51.20,66.4
158.130.6.254,38.98.51.20,66.3
158.130.6.254,38.98.51.20,66.4
158.130.6.254,38.98.51.20,66.3
158.130.6.254,38.98.51.20,66.4
158.130.6.254,38.98.51.20,66.4
158.130.6.254,38.98.51.20,66.4
158.130.6.254,38.98.51.20,66.4
158.130.6.254,38.98.51.20,66.3
158.130.6.254,38.98.51.20,66.3
158.130.6.254,38.98.51.20,66.4
158.130.6.254,38.98.51.20,66.4
158.130.6.254,38.98.51.20,66.4
158.130.6.254,38.98.51.20,66.4
158.130.6.254,38.98.51.20,66.4
158.130.6.254,38.98.51.20,66.4
158.130.6.254,38.98.51.20,66.2
158.130.6.254,38.98.51.20,66.4
158.130.6.254,38.98.51.20,66.4
158.130.6.254,38.98.51.20,66.4
158.130.6.254,38.98.51.20,66.3
158.130.6.254,38.98.51.20,66.4
158.130.6.254,38.98.51.20,66.4
158.130.6.254,38.98.51.20,66.4
158.130.6.254,38.98.51.20,66.4
158.130.6.254,38.98.51.20,66.3
158.130.6.254,38.98.51.20,66.4
158.130.6.254,38.98.51.20,66.3
158.130.6.254,38.98.51.20,66.4
158.130.6.254,38.98.51.20,66.3
158.130.6.254,38.98.51.20,66.3
158.130.6.254,38.98.51.20,66.4
158.130.6.254,38.98.51.20,66.4
158.130.6.254,38.98.51.20,66.4
158.130.6.254,38.98.51.20,66.4
158.130.6.254,38.98.51.20,66.4
158.130.6.254,38.98.51.20,66.3
158.130.6.254,38.98.51.20,66.3
158.130.6.254,38.98.51.20,66.4
158.130.6.254,38.98.51.20,66.4
158.130.6.254,38.98.51.20,66.3
158.130.6.254,38.98.51.20,66.4
158.130.6.254,38.98.51.20,66.3
158.130.6.254,38.98.51.20,66.4
158.130.6.254,38.98.51.20,66.3
158.130.6.254,38.98.51.20,66.4
158.130.6.254,38.98.51.20,66.3
158.130.6.254,38.98.51.20,66.3
158.130.6.254,38.98.51.20,66.3
158.130.6.254,38.98.51.20,66.4
158.130.6.254,38.98.51.20,66.3
158.130.6.254,38.98.51.20,66.3
158.130.6.254,38.98.51.20,66.4
158.130.6.254,38.98.51.20,66.4
158.130.6.254,38.98.51.20,66.3
158.130.6.254,38.98.51.20,66.3
158.130.6.254,38.98.51.20,66.3
158.130.6.254,38.98.51.20,66.3
158.130.6.254,38.98.51.20,66.3
158.130.6.254,38.98.51.20,66.3
158.130.6.254,38.98.51.20,66.3
158.130.6.254,38.98.51.20,66.4
158.130.6.254,38.98.51.20,66.4
158.130.6.254,38.98.51.20,66.4
158.130.6.254,38.98.51.20,66.4
158.130.6.254,38.98.51.20,66.4
158.130.6.254,38.98.51.20,66.3
158.130.6.254,38.98.51.20,66.4
158.130.6.254,38.98.51.20,66.5
158.130.6.254,38.98.51.20,66.4
158.130.6.254,38.98.51.20,66.4
158.130.6.254,38.98.51.20,66.4
158.130.6.254,38.98.51.20,66.3
158.130.6.254,38.98.51.20,66.3
158.130.6.254,38.98.51.20,66.3
158.130.6.254,38.98.51.20,66.4
158.130.6.254,38.98.51.20,66.3
158.130.6.254,38.98.51.20,66.4
158.130.6.254,38.98.51.20,66.4
158.130.6.254,38.98.51.20,66.4
158.130.6.254,38.98.51.20,66.4
158.130.6.254,38.98.51.20,66.3
158.130.6.254,38.98.51.20,66.4
158.130.6.254,38.98.51.20,66.4
158.130.6.254,38.98.51.20,66.4
158.130.6.254,38.98.51.20,66.3
158.130.6.254,38.98.51.20,66.4
158.130.6.254,38.98.51.20,66.4
158.130.6.254,38.98.51.20,66.4
158.130.6.254,38.98.51.20,66.3
158.130.6.254,38.98.51.20,66.4
158.130.6.254,38.98.51.20,66.2
158.130.6.254,38.98.51.20,66.4
158.130.6.254,38.98.51.20,66.3
158.130.6.254,38.98.51.20,66.4
158.130.6.254,38.98.51.20,66.3
158.130.6.254,38.98.51.20,66.4
158.130.6.254,38.98.51.20,66.3
158.130.6.254,38.98.51.20,66.4
158.130.6.254,38.98.51.20,66.3
158.130.6.254,38.98.51.20,66.3
158.130.6.254,38.98.51.20,66.5
158.130.6.254,38.98.51.20,66.4
158.130.6.254,38.98.51.20,66.3
158.130.6.254,38.98.51.20,66.4
158.130.6.254,38.98.51.20,66.4
158.130.6.254,38.98.51.20,66.3
158.130.6.254,38.98.51.20,66.4
158.130.6.254,38.98.51.20,66.4
158.130.6.254,38.98.51.20,66.4
158.130.6.254,38.98.51.20,66.3
158.130.6.254,38.98.51.20,66.4
158.130.6.254,38.98.51.20,66.4
158.130.6.254,38.98.51.20,66.3
158.130.6.254,38.98.51.20,66.4
158.130.6.254,38.98.51.20,66.4
158.130.6.254,38.98.51.20,66.4
158.130.6.254,38.98.51.20,66.3
158.130.6.254,38.98.51.20,66.5
158.130.6.254,38.98.51.20,66.3
158.130.6.254,38.98.51.20,66.4
158.130.6.254,38.98.51.20,66.4
158.130.6.254,38.98.51.20,66.4
158.130.6.254,38.98.51.20,66.3
158.130.6.254,38.98.51.20,66.3
158.130.6.254,38.98.51.20,66.3
158.130.6.254,38.98.51.20,66.4
158.130.6.254,38.98.51.20,66.4
158.130.6.254,38.98.51.20,66.4
158.130.6.254,38.98.51.20,66.4
158.130.6.254,38.98.51.20,66.3
158.130.6.254,38.98.51.20,66.3
158.130.6.254,38.98.51.20,66.4
158.130.6.254,38.98.51.20,66.3
158.130.6.254,38.98.51.20,66.3
158.130.6.254,38.98.51.20,66.4
158.130.6.254,38.98.51.20,66.4
158.130.6.254,38.98.51.20,66.4
158.130.6.254,38.98.51.20,66.4
158.130.6.254,38.98.51.20,66.4
158.130.6.254,38.98.51.20,66.7
158.130.6.254,38.98.51.20,66.3
158.130.6.254,38.98.51.20,66.3
158.130.6.254,38.98.51.20,66.4
158.130.6.254,38.98.51.20,66.4
158.130.6.254,38.98.51.20,66.4
158.130.6.254,38.98.51.20,66.4
158.130.6.254,38.98.51.20,66.4
158.130.6.254,38.98.51.20,66.4
158.130.6.254,38.98.51.20,66.4
158.130.6.254,38.98.51.20,66.4
158.130.6.254,38.98.51.20,66.4
158.130.6.254,38.98.51.20,66.4
158.130.6.254,38.98.51.20,66.4
158.130.6.254,38.98.51.20,66.4
158.130.6.254,38.98.51.20,66.4
158.130.6.254,38.98.51.20,66.4
158.130.6.254,38.98.51.20,66.3
158.130.6.254,38.98.51.20,66.4
158.130.6.254,38.98.51.20,66.4
158.130.6.254,38.98.51.20,66.4
158.130.6.254,38.98.51.20,66.4
158.130.6.254,38.98.51.20,66.4
158.130.6.254,38.98.51.20,66.3
158.130.6.254,38.98.51.20,66.4
158.130.6.254,38.98.51.20,66.4
158.130.6.254,38.98.51.20,66.4
158.130.6.254,38.98.51.20,66.3
158.130.6.254,38.98.51.20,66.4
158.130.6.254,38.98.51.20,66.3
158.130.6.254,38.98.51.20,66.4
158.130.6.254,38.98.51.20,66.4
158.130.6.254,38.98.51.20,66.3
158.130.6.254,38.98.51.20,66.3
158.130.6.254,38.98.51.20,66.4
158.130.6.254,38.98.51.20,66.4
158.130.6.254,38.98.51.20,66.4
158.130.6.254,38.98.51.20,66.4
158.130.6.254,38.98.51.20,66.3
158.130.6.254,38.98.51.20,66.4
158.130.6.254,38.98.51.20,66.4
158.130.6.254,38.98.51.20,66.4
158.130.6.254,38.98.51.20,66.3
158.130.6.254,38.98.51.20,66.3
158.130.6.254,38.98.51.20,66.4
158.130.6.254,38.98.51.20,66.4
158.130.6.254,38.98.51.20,66.2
158.130.6.254,38.98.51.20,66.4
158.130.6.254,38.98.51.20,66.3
158.130.6.254,38.98.51.20,66.4
158.130.6.254,38.98.51.20,66.4
158.130.6.254,38.98.51.20,66.4
158.130.6.254,38.98.51.20,66.3
158.130.6.254,38.98.51.20,66.4
158.130.6.254,38.98.51.20,66.3
158.130.6.254,38.98.51.20,66.3
158.130.6.254,38.98.51.20,66.4
158.130.6.254,38.98.51.20,66.4
158.130.6.254,38.98.51.20,66.4
158.130.6.254,38.98.51.20,66.4
158.130.6.254,38.98.51.20,66.4
158.130.6.254,38.98.51.20,66.4
158.130.6.254,38.98.51.20,66.4
158.130.6.254,38.98.51.20,66.4
158.130.6.254,38.98.51.20,66.4
158.130.6.254,38.98.51.20,66.4
158.130.6.254,38.98.51.20,66.4
158.130.6.254,38.98.51.20,66.3
158.130.6.254,38.98.51.20,66.4
158.130.6.254,38.98.51.20,66.4
158.130.6.254,38.98.51.20,66.4
158.130.6.254,38.98.51.20,66.3
158.130.6.254,38.98.51.20,66.4
158.130.6.254,38.98.51.20,66.4
158.130.6.254,38.98.51.20,66.4
158.130.6.254,38.98.51.20,66.4
158.130.6.254,38.98.51.20,66.3
158.130.6.254,38.98.51.20,66.3
158.130.6.254,38.98.51.20,66.6
158.130.6.254,38.98.51.20,66.4
158.130.6.254,38.98.51.20,66.4
158.130.6.254,38.98.51.20,66.3
158.130.6.254,38.98.51.20,66.3
158.130.6.254,38.98.51.20,66.3
158.130.6.254,38.98.51.20,66.5
158.130.6.254,38.98.51.20,66.3
158.130.6.254,38.98.51.20,66.4
158.130.6.254,38.98.51.20,66.4
158.130.6.254,38.98.51.20,66.3
158.130.6.254,38.98.51.20,66.4
158.130.6.254,38.98.51.20,66.4
158.130.6.254,38.98.51.20,66.3
158.130.6.254,38.98.51.20,66.4
158.130.6.254,38.98.51.20,66.4
158.130.6.254,38.98.51.20,66.4
158.130.6.254,38.98.51.20,66.3
158.130.6.254,38.98.51.20,66.3
158.130.6.254,38.98.51.20,66.4
158.130.6.254,38.98.51.20,66.2
158.130.6.254,38.98.51.20,66.4
158.130.6.254,38.98.51.20,66.3
158.130.6.254,38.98.51.20,66.3
158.130.6.254,38.98.51.20,66.3
158.130.6.254,38.98.51.20,66.4
158.130.6.254,38.98.51.20,66.4
158.130.6.254,38.98.51.20,66.4
158.130.6.254,38.98.51.20,66.4
158.130.6.254,38.98.51.20,66.3
158.130.6.254,38.98.51.20,66.4
158.130.6.254,38.98.51.20,66.4
158.130.6.254,38.98.51.20,66.4
158.130.6.254,38.98.51.20,66.2
158.130.6.254,38.98.51.20,66.4
158.130.6.254,38.98.51.20,66.4
158.130.6.254,38.98.51.20,66.4
158.130.6.254,38.98.51.20,66.5
158.130.6.254,38.98.51.20,66.3
158.130.6.254,38.98.51.20,66.4
158.130.6.254,38.98.51.20,66.3
158.130.6.254,38.98.51.20,66.3
158.130.6.254,38.98.51.20,66.4
158.130.6.254,38.98.51.20,66.7
158.130.6.254,38.98.51.20,66.3
158.130.6.254,38.98.51.20,66.4
158.130.6.254,38.98.51.20,66.4
158.130.6.254,38.98.51.20,66.4
158.130.6.254,38.98.51.20,66.4
158.130.6.254,38.98.51.20,66.4
158.130.6.254,38.98.51.20,66.4
158.130.6.254,38.98.51.20,66.4
158.130.6.254,38.98.51.20,66.3
158.130.6.254,38.98.51.20,66.4
158.130.6.254,38.98.51.20,66.3
158.130.6.254,38.98.51.20,66.4
158.130.6.254,38.98.51.20,66.3
158.130.6.254,38.98.51.20,66.4
158.130.6.254,38.98.51.20,66.4
158.130.6.254,38.98.51.20,66.4
158.130.6.254,38.98.51.20,66.3
158.130.6.254,38.98.51.20,66.3
158.130.6.254,38.98.51.20,66.3
158.130.6.254,38.98.51.20,66.3
158.130.6.254,38.98.51.20,66.4
158.130.6.254,38.98.51.20,66.4
158.130.6.254,38.98.51.20,66.4
158.130.6.254,38.98.51.20,66.4
158.130.6.254,38.98.51.20,66.4
158.130.6.254,38.98.51.20,66.4
158.130.6.254,38.98.51.20,66.4
158.130.6.254,38.98.51.20,66.3
158.130.6.254,38.98.51.20,66.3
158.130.6.254,38.98.51.20,66.4
158.130.6.254,38.98.51.20,66.4
158.130.6.254,38.98.51.20,66.3
158.130.6.254,38.98.51.20,66.3
158.130.6.254,38.98.51.20,66.4
158.130.6.254,38.98.51.20,66.4
158.130.6.254,38.98.51.20,66.4
158.130.6.254,38.98.51.20,66.4
158.130.6.254,38.98.51.20,66.3
158.130.6.254,38.98.51.20,66.4
158.130.6.254,38.98.51.20,66.4
158.130.6.254,38.98.51.20,66.4
158.130.6.254,38.98.51.20,66.4
158.130.6.254,38.98.51.20,66.4
158.130.6.254,38.98.51.20,66.4
158.130.6.254,38.98.51.20,66.3
158.130.6.254,38.98.51.20,66.3
158.130.6.254,38.98.51.20,66.4
158.130.6.254,38.98.51.20,66.4
158.130.6.254,38.98.51.20,66.4
158.130.6.254,38.98.51.20,66.4
158.130.6.254,38.98.51.20,66.4
158.130.6.254,38.98.51.20,66.4
158.130.6.254,38.98.51.20,66.4
158.130.6.254,38.98.51.20,66.4
158.130.6.254,38.98.51.20,66.4
158.130.6.254,38.98.51.20,66.4
158.130.6.254,38.98.51.20,66.3
158.130.6.254,38.98.51.20,66.4
158.130.6.254,38.98.51.20,66.4
158.130.6.254,38.98.51.20,66.4
158.130.6.254,38.98.51.20,66.4
158.130.6.254,38.98.51.20,66.4
158.130.6.254,38.98.51.20,66.4
158.130.6.254,38.98.51.20,66.3
158.130.6.254,38.98.51.20,66.4
158.130.6.254,38.98.51.20,66.4
158.130.6.254,38.98.51.20,66.4
158.130.6.254,38.98.51.20,66.4
158.130.6.254,38.98.51.20,66.4
158.130.6.254,38.98.51.20,66.4
158.130.6.254,38.98.51.20,66.4
158.130.6.254,38.98.51.20,66.4
158.130.6.254,38.98.51.20,66.4
158.130.6.254,38.98.51.20,66.4
158.130.6.254,38.98.51.20,66.4
158.130.6.254,38.98.51.20,66.3
158.130.6.254,38.98.51.20,66.3
158.130.6.254,38.98.51.20,66.4
158.130.6.254,38.98.51.20,66.4
158.130.6.254,38.98.51.20,66.4
158.130.6.254,38.98.51.20,66.3
158.130.6.254,38.98.51.20,66.3
158.130.6.254,38.98.51.20,66.4
158.130.6.254,38.98.51.20,66.5
158.130.6.254,38.98.51.20,66.4
158.130.6.254,38.98.51.20,66.4
158.130.6.254,38.98.51.20,66.2
158.130.6.254,38.98.51.20,66.4
158.130.6.254,38.98.51.20,66.4
158.130.6.254,38.98.51.20,66.4
158.130.6.254,38.98.51.20,66.4
158.130.6.254,38.98.51.20,66.4
158.130.6.254,38.98.51.20,66.4
158.130.6.254,38.98.51.20,66.3
158.130.6.254,38.98.51.20,66.3
158.130.6.254,38.98.51.20,66.3
158.130.6.254,38.98.51.20,66.3
158.130.6.254,38.98.51.20,66.4
158.130.6.254,38.98.51.20,66.4
158.130.6.254,38.98.51.20,66.3
158.130.6.254,38.98.51.20,66.4
158.130.6.254,38.98.51.20,66.4
158.130.6.254,38.98.51.20,66.3
158.130.6.254,38.98.51.20,66.3
158.130.6.254,38.98.51.20,66.3
158.130.6.254,38.98.51.20,66.4
158.130.6.254,38.98.51.20,66.4
158.130.6.254,38.98.51.20,66.4
158.130.6.254,38.98.51.20,66.4
158.130.6.254,38.98.51.20,66.3
158.130.6.254,38.98.51.20,66.5
158.130.6.254,38.98.51.20,66.3
158.130.6.254,38.98.51.20,66.3
158.130.6.254,38.98.51.20,66.4
158.130.6.254,38.98.51.20,66.3
158.130.6.254,38.98.51.20,66.4
158.130.6.254,38.98.51.20,66.4
158.130.6.254,38.98.51.20,66.4
158.130.6.254,38.98.51.20,66.4
158.130.6.254,38.98.51.20,66.4
158.130.6.254,38.98.51.20,66.3
158.130.6.254,38.98.51.20,66.3
158.130.6.254,38.98.51.20,66.3
158.130.6.254,38.98.51.20,66.3
158.130.6.254,38.98.51.20,66.4
158.130.6.254,38.98.51.20,66.4
158.130.6.254,38.98.51.20,66.4
158.130.6.254,38.98.51.20,66.3
158.130.6.254,38.98.51.20,66.4
158.130.6.254,38.98.51.20,66.4
158.130.6.254,38.98.51.20,66.4
158.130.6.254,38.98.51.20,66.4
158.130.6.254,38.98.51.20,66.4
158.130.6.254,38.98.51.20,66.4
158.130.6.254,38.98.51.20,66.4
158.130.6.254,38.98.51.20,66.4
158.130.6.254,38.98.51.20,66.4
158.130.6.254,38.98.51.20,66.4
158.130.6.254,38.98.51.20,66.4
158.130.6.254,38.98.51.20,66.4
158.130.6.254,38.98.51.20,66.4
158.130.6.254,38.98.51.20,66.4
158.130.6.254,38.98.51.20,66.4
158.130.6.254,38.98.51.20,66.4
158.130.6.254,38.98.51.20,66.4
158.130.6.254,38.98.51.20,66.3
158.130.6.254,38.98.51.20,66.3
158.130.6.254,38.98.51.20,66.4
158.130.6.254,38.98.51.20,66.4
158.130.6.254,38.98.51.20,66.4
158.130.6.254,38.98.51.20,66.4
158.130.6.254,38.98.51.20,66.3
158.130.6.254,38.98.51.20,66.4
158.130.6.254,38.98.51.20,66.4
158.130.6.254,38.98.51.20,66.4
158.130.6.254,38.98.51.20,66.3
158.130.6.254,38.98.51.20,66.3
158.130.6.254,38.98.51.20,66.4
158.130.6.254,38.98.51.20,66.4
158.130.6.254,38.98.51.20,66.4
158.130.6.254,38.98.51.20,66.4
158.130.6.254,38.98.51.20,66.3
158.130.6.254,38.98.51.20,66.4
158.130.6.254,38.98.51.20,66.3
158.130.6.254,38.98.51.20,66.4
158.130.6.254,38.98.51.20,66.4
158.130.6.254,38.98.51.20,66.4
158.130.6.254,38.98.51.20,66.2
158.130.6.254,38.98.51.20,66.4
158.130.6.254,38.98.51.20,66.4
158.130.6.254,38.98.51.20,66.4
158.130.6.254,38.98.51.20,66.3
158.130.6.254,38.98.51.20,66.4
158.130.6.254,38.98.51.20,66.3
158.130.6.254,38.98.51.20,66.4
158.130.6.254,38.98.51.20,66.4
158.130.6.254,38.98.51.20,66.3
158.130.6.254,38.98.51.20,66.4
158.130.6.254,38.98.51.20,66.3
158.130.6.254,38.98.51.20,66.3
158.130.6.254,38.98.51.20,66.3
158.130.6.254,38.98.51.20,66.4
158.130.6.254,38.98.51.20,66.4
158.130.6.254,38.98.51.20,66.4
158.130.6.254,38.98.51.20,66.4
158.130.6.254,38.98.51.20,66.4
158.130.6.254,38.98.51.20,66.4
158.130.6.254,38.98.51.20,66.4
158.130.6.254,38.98.51.20,66.4
158.130.6.254,38.98.51.20,66.3
158.130.6.254,38.98.51.20,66.4
158.130.6.254,38.98.51.20,66.3
158.130.6.254,38.98.51.20,66.4
158.130.6.254,38.98.51.20,66.4
158.130.6.254,38.98.51.20,66.4
158.130.6.254,38.98.51.20,66.4
158.130.6.254,38.98.51.20,66.4
158.130.6.254,38.98.51.20,66.4
158.130.6.254,38.98.51.20,66.4
158.130.6.254,38.98.51.20,66.4
158.130.6.254,38.98.51.20,66.4
158.130.6.254,38.98.51.20,66.4
158.130.6.254,38.98.51.20,66.4
158.130.6.254,38.98.51.20,66.3
158.130.6.254,38.98.51.20,66.3
158.130.6.254,38.98.51.20,66.4
158.130.6.254,38.98.51.20,66.4
158.130.6.254,38.98.51.20,66.4
158.130.6.254,38.98.51.20,66.4
158.130.6.254,38.98.51.20,66.3
158.130.6.254,38.98.51.20,66.4
158.130.6.254,38.98.51.20,66.4
158.130.6.254,38.98.51.20,66.4
158.130.6.254,38.98.51.20,66.4
158.130.6.254,38.98.51.20,66.3
158.130.6.254,38.98.51.20,66.4
158.130.6.254,38.98.51.20,66.4
158.130.6.254,38.98.51.20,66.4
158.130.6.254,38.98.51.20,66.4
158.130.6.254,38.98.51.20,66.3
158.130.6.254,38.98.51.20,66.4
158.130.6.254,38.98.51.20,66.3
158.130.6.254,38.98.51.20,66.3
158.130.6.254,38.98.51.20,66.3
158.130.6.254,38.98.51.20,66.2
158.130.6.254,38.98.51.20,66.3
158.130.6.254,38.98.51.20,66.3
158.130.6.254,38.98.51.20,66.2
158.130.6.254,38.98.51.20,66.4
158.130.6.254,38.98.51.20,66.3
158.130.6.254,38.98.51.20,66.4
158.130.6.254,38.98.51.20,66.4
158.130.6.254,38.98.51.20,66.3
158.130.6.254,38.98.51.20,66.2
158.130.6.254,38.98.51.20,66.4
158.130.6.254,38.98.51.20,66.3
158.130.6.254,38.98.51.20,66.4
158.130.6.254,38.98.51.20,66.4
158.130.6.254,38.98.51.20,66.4
158.130.6.254,216.156.197.165,7.61
158.130.6.254,216.156.197.165,7.76
158.130.6.254,216.156.197.165,7.63
158.130.6.254,216.156.197.165,7.75
158.130.6.254,216.156.197.165,7.66
158.130.6.254,216.156.197.165,7.60
158.130.6.254,216.156.197.165,7.58
158.130.6.254,216.156.197.165,7.62
158.130.6.254,216.156.197.165,7.64
158.130.6.254,216.156.197.165,7.63
158.130.6.254,216.156.197.165,7.76
158.130.6.254,216.156.197.165,7.62
158.130.6.254,216.156.197.165,7.64
158.130.6.254,216.156.197.165,7.61
158.130.6.254,216.156.197.165,7.72
158.130.6.254,216.156.197.165,7.87
158.130.6.254,216.156.197.165,7.81
158.130.6.254,216.156.197.165,7.67
158.130.6.254,216.156.197.165,7.71
158.130.6.254,216.156.197.165,7.72
158.130.6.254,216.156.197.165,7.70
158.130.6.254,216.156.197.165,7.64
158.130.6.254,216.156.197.165,7.75
158.130.6.254,216.156.197.165,7.62
158.130.6.254,216.156.197.165,7.80
158.130.6.254,216.156.197.165,7.73
158.130.6.254,216.156.197.165,7.63
158.130.6.254,216.156.197.165,7.63
158.130.6.254,216.156.197.165,7.62
158.130.6.254,216.156.197.165,7.63
158.130.6.254,216.156.197.165,7.71
158.130.6.254,216.156.197.165,7.71
158.130.6.254,216.156.197.165,7.76
158.130.6.254,216.156.197.165,7.66
158.130.6.254,216.156.197.165,7.73
158.130.6.254,216.156.197.165,7.70
158.130.6.254,216.156.197.165,7.64
158.130.6.254,216.156.197.165,7.64
158.130.6.254,216.156.197.165,7.67
158.130.6.254,216.156.197.165,7.62
158.130.6.254,216.156.197.165,7.63
158.130.6.254,216.156.197.165,7.72
158.130.6.254,216.156.197.165,7.63
158.130.6.254,216.156.197.165,7.70
158.130.6.254,216.156.197.165,7.63
158.130.6.254,216.156.197.165,7.72
158.130.6.254,216.156.197.165,7.69
158.130.6.254,216.156.197.165,7.65
158.130.6.254,216.156.197.165,7.63
158.130.6.254,216.156.197.165,7.64
158.130.6.254,216.156.197.165,7.69
158.130.6.254,216.156.197.165,7.61
158.130.6.254,216.156.197.165,7.61
158.130.6.254,216.156.197.165,7.69
158.130.6.254,216.156.197.165,7.68
158.130.6.254,216.156.197.165,7.66
158.130.6.254,216.156.197.165,7.65
158.130.6.254,216.156.197.165,7.64
158.130.6.254,216.156.197.165,7.73
158.130.6.254,216.156.197.165,7.62
158.130.6.254,216.156.197.165,7.63
158.130.6.254,216.156.197.165,7.68
158.130.6.254,216.156.197.165,7.61
158.130.6.254,216.156.197.165,7.98
158.130.6.254,216.156.197.165,7.62
158.130.6.254,216.156.197.165,7.81
158.130.6.254,216.156.197.165,7.63
158.130.6.254,216.156.197.165,7.76
158.130.6.254,216.156.197.165,7.61
158.130.6.254,216.156.197.165,7.72
158.130.6.254,216.156.197.165,7.71
158.130.6.254,216.156.197.165,7.71
158.130.6.254,216.156.197.165,7.72
158.130.6.254,216.156.197.165,7.91
158.130.6.254,216.156.197.165,7.74
158.130.6.254,216.156.197.165,7.68
158.130.6.254,216.156.197.165,7.66
158.130.6.254,216.156.197.165,7.89
158.130.6.254,216.156.197.165,7.77
158.130.6.254,216.156.197.165,7.69
158.130.6.254,216.156.197.165,7.70
158.130.6.254,216.156.197.165,7.63
158.130.6.254,216.156.197.165,7.63
158.130.6.254,216.156.197.165,7.71
158.130.6.254,216.156.197.165,7.65
158.130.6.254,216.156.197.165,7.63
158.130.6.254,216.156.197.165,7.69
158.130.6.254,216.156.197.165,7.70
158.130.6.254,216.156.197.165,7.74
158.130.6.254,216.156.197.165,7.68
158.130.6.254,216.156.197.165,7.72
158.130.6.254,216.156.197.165,7.67
158.130.6.254,216.156.197.165,7.73
158.130.6.254,216.156.197.165,7.66
158.130.6.254,216.156.197.165,7.72
158.130.6.254,216.156.197.165,7.78
158.130.6.254,216.156.197.165,7.63
158.130.6.254,216.156.197.165,7.71
158.130.6.254,216.156.197.165,7.63
158.130.6.254,216.156.197.165,7.61
158.130.6.254,216.156.197.165,7.75
158.130.6.254,216.156.197.165,7.65
158.130.6.254,216.156.197.165,7.72
158.130.6.254,216.156.197.165,7.70
158.130.6.254,216.156.197.165,7.68
158.130.6.254,216.156.197.165,7.62
158.130.6.254,216.156.197.165,7.77
158.130.6.254,216.156.197.165,7.85
158.130.6.254,216.156.197.165,7.61
158.130.6.254,216.156.197.165,7.72
158.130.6.254,216.156.197.165,7.72
158.130.6.254,216.156.197.165,7.85
158.130.6.254,216.156.197.165,7.83
158.130.6.254,216.156.197.165,7.70
158.130.6.254,216.156.197.165,7.75
158.130.6.254,216.156.197.165,7.71
158.130.6.254,216.156.197.165,7.71
158.130.6.254,216.156.197.165,7.71
158.130.6.254,216.156.197.165,7.82
158.130.6.254,216.156.197.165,7.73
158.130.6.254,216.156.197.165,7.80
158.130.6.254,216.156.197.165,7.68
158.130.6.254,216.156.197.165,7.76
158.130.6.254,216.156.197.165,7.71
158.130.6.254,216.156.197.165,7.60
158.130.6.254,216.156.197.165,7.70
158.130.6.254,216.156.197.165,7.64
158.130.6.254,216.156.197.165,7.74
158.130.6.254,216.156.197.165,7.60
158.130.6.254,216.156.197.165,7.74
158.130.6.254,216.156.197.165,7.73
158.130.6.254,216.156.197.165,7.65
158.130.6.254,216.156.197.165,7.73
158.130.6.254,216.156.197.165,7.61
158.130.6.254,216.156.197.165,7.72
158.130.6.254,216.156.197.165,7.70
158.130.6.254,216.156.197.165,7.64
158.130.6.254,216.156.197.165,7.69
158.130.6.254,216.156.197.165,7.70
158.130.6.254,216.156.197.165,7.75
158.130.6.254,216.156.197.165,7.56
158.130.6.254,216.156.197.165,7.85
158.130.6.254,216.156.197.165,7.74
158.130.6.254,216.156.197.165,7.63
158.130.6.254,216.156.197.165,7.70
158.130.6.254,216.156.197.165,7.63
158.130.6.254,216.156.197.165,7.64
158.130.6.254,216.156.197.165,7.63
158.130.6.254,216.156.197.165,7.62
158.130.6.254,216.156.197.165,7.69
158.130.6.254,216.156.197.165,7.71
158.130.6.254,216.156.197.165,7.77
158.130.6.254,216.156.197.165,7.61
158.130.6.254,216.156.197.165,7.71
158.130.6.254,216.156.197.165,7.59
158.130.6.254,216.156.197.165,7.71
158.130.6.254,216.156.197.165,7.77
158.130.6.254,216.156.197.165,7.60
158.130.6.254,216.156.197.165,7.69
158.130.6.254,216.156.197.165,7.71
158.130.6.254,216.156.197.165,7.76
158.130.6.254,216.156.197.165,7.66
158.130.6.254,216.156.197.165,7.70
158.130.6.254,216.156.197.165,7.58
158.130.6.254,216.156.197.165,7.92
158.130.6.254,216.156.197.165,7.64
158.130.6.254,216.156.197.165,7.70
158.130.6.254,216.156.197.165,7.67
158.130.6.254,216.156.197.165,7.61
158.130.6.254,216.156.197.165,7.69
158.130.6.254,216.156.197.165,7.63
158.130.6.254,216.156.197.165,7.62
158.130.6.254,216.156.197.165,7.63
158.130.6.254,216.156.197.165,7.79
158.130.6.254,216.156.197.165,7.62
158.130.6.254,216.156.197.165,7.60
158.130.6.254,216.156.197.165,7.71
158.130.6.254,216.156.197.165,7.79
158.130.6.254,216.156.197.165,7.63
158.130.6.254,216.156.197.165,7.62
158.130.6.254,216.156.197.165,7.79
158.130.6.254,216.156.197.165,7.63
158.130.6.254,216.156.197.165,7.64
158.130.6.254,216.156.197.165,7.62
158.130.6.254,216.156.197.165,7.63
158.130.6.254,216.156.197.165,7.75
158.130.6.254,216.156.197.165,7.63
158.130.6.254,216.156.197.165,7.73
158.130.6.254,216.156.197.165,7.62
158.130.6.254,216.156.197.165,7.71
158.130.6.254,216.156.197.165,7.63
158.130.6.254,216.156.197.165,7.84
158.130.6.254,216.156.197.165,7.71
158.130.6.254,216.156.197.165,7.74
158.130.6.254,216.156.197.165,7.62
158.130.6.254,216.156.197.165,7.73
158.130.6.254,216.156.197.165,7.81
158.130.6.254,216.156.197.165,7.66
158.130.6.254,216.156.197.165,7.73
158.130.6.254,216.156.197.165,7.81
158.130.6.254,216.156.197.165,7.63
158.130.6.254,216.156.197.165,7.76
158.130.6.254,216.156.197.165,7.64
158.130.6.254,216.156.197.165,7.70
158.130.6.254,216.156.197.165,7.73
158.130.6.254,216.156.197.165,7.54
158.130.6.254,216.156.197.165,7.74
158.130.6.254,216.156.197.165,7.74
158.130.6.254,216.156.197.165,7.71
158.130.6.254,216.156.197.165,7.64
158.130.6.254,216.156.197.165,7.63
158.130.6.254,216.156.197.165,7.74
158.130.6.254,216.156.197.165,7.70
158.130.6.254,216.156.197.165,7.70
158.130.6.254,216.156.197.165,7.76
158.130.6.254,216.156.197.165,7.63
158.130.6.254,216.156.197.165,7.71
158.130.6.254,216.156.197.165,7.72
158.130.6.254,216.156.197.165,7.76
158.130.6.254,216.156.197.165,7.81
158.130.6.254,216.156.197.165,7.61
158.130.6.254,216.156.197.165,7.70
158.130.6.254,216.156.197.165,7.72
158.130.6.254,216.156.197.165,7.68
158.130.6.254,216.156.197.165,7.75
158.130.6.254,216.156.197.165,7.76
158.130.6.254,216.156.197.165,7.72
158.130.6.254,216.156.197.165,7.71
158.130.6.254,216.156.197.165,7.74
158.130.6.254,216.156.197.165,7.62
158.130.6.254,216.156.197.165,7.79
158.130.6.254,216.156.197.165,7.69
158.130.6.254,216.156.197.165,7.73
158.130.6.254,216.156.197.165,7.66
158.130.6.254,216.156.197.165,7.64
158.130.6.254,216.156.197.165,7.79
158.130.6.254,216.156.197.165,7.79
158.130.6.254,216.156.197.165,7.63
158.130.6.254,216.156.197.165,7.73
158.130.6.254,216.156.197.165,7.64
158.130.6.254,216.156.197.165,7.63
158.130.6.254,216.156.197.165,7.71
158.130.6.254,216.156.197.165,7.76
158.130.6.254,216.156.197.165,7.78
158.130.6.254,216.156.197.165,7.79
158.130.6.254,216.156.197.165,7.68
158.130.6.254,216.156.197.165,7.62
158.130.6.254,216.156.197.165,7.78
158.130.6.254,216.156.197.165,7.75
158.130.6.254,216.156.197.165,7.76
158.130.6.254,216.156.197.165,7.74
158.130.6.254,216.156.197.165,7.71
158.130.6.254,216.156.197.165,7.65
158.130.6.254,216.156.197.165,7.71
158.130.6.254,216.156.197.165,7.73
158.130.6.254,216.156.197.165,7.67
158.130.6.254,216.156.197.165,7.60
158.130.6.254,216.156.197.165,7.75
158.130.6.254,216.156.197.165,7.65
158.130.6.254,216.156.197.165,7.62
158.130.6.254,216.156.197.165,7.73
158.130.6.254,216.156.197.165,7.63
158.130.6.254,216.156.197.165,7.81
158.130.6.254,216.156.197.165,7.62
158.130.6.254,216.156.197.165,7.70
158.130.6.254,216.156.197.165,7.69
158.130.6.254,216.156.197.165,7.62
158.130.6.254,216.156.197.165,7.64
158.130.6.254,216.156.197.165,7.68
158.130.6.254,216.156.197.165,7.97
158.130.6.254,216.156.197.165,7.70
158.130.6.254,216.156.197.165,7.66
158.130.6.254,216.156.197.165,7.72
158.130.6.254,216.156.197.165,7.65
158.130.6.254,216.156.197.165,7.73
158.130.6.254,216.156.197.165,7.72
158.130.6.254,216.156.197.165,7.75
158.130.6.254,216.156.197.165,7.65
158.130.6.254,216.156.197.165,7.64
158.130.6.254,216.156.197.165,7.64
158.130.6.254,216.156.197.165,7.62
158.130.6.254,216.156.197.165,7.71
158.130.6.254,216.156.197.165,7.63
158.130.6.254,216.156.197.165,7.68
158.130.6.254,216.156.197.165,7.65
158.130.6.254,216.156.197.165,7.91
158.130.6.254,216.156.197.165,7.64
158.130.6.254,216.156.197.165,7.70
158.130.6.254,216.156.197.165,7.71
158.130.6.254,216.156.197.165,7.72
158.130.6.254,216.156.197.165,7.81
158.130.6.254,216.156.197.165,7.65
158.130.6.254,216.156.197.165,7.74
158.130.6.254,216.156.197.165,7.68
158.130.6.254,216.156.197.165,7.64
158.130.6.254,216.156.197.165,7.64
158.130.6.254,216.156.197.165,7.81
158.130.6.254,216.156.197.165,7.91
158.130.6.254,216.156.197.165,7.70
158.130.6.254,216.156.197.165,7.72
158.130.6.254,216.156.197.165,7.66
158.130.6.254,216.156.197.165,7.75
158.130.6.254,216.156.197.165,7.64
158.130.6.254,216.156.197.165,7.58
158.130.6.254,216.156.197.165,7.82
158.130.6.254,216.156.197.165,7.72
158.130.6.254,216.156.197.165,7.76
158.130.6.254,216.156.197.165,7.71
158.130.6.254,216.156.197.165,7.73
158.130.6.254,216.156.197.165,7.70
158.130.6.254,216.156.197.165,7.72
158.130.6.254,216.156.197.165,7.72
158.130.6.254,216.156.197.165,7.68
158.130.6.254,216.156.197.165,7.62
158.130.6.254,216.156.197.165,7.72
158.130.6.254,216.156.197.165,7.70
158.130.6.254,216.156.197.165,7.76
158.130.6.254,216.156.197.165,7.67
158.130.6.254,216.156.197.165,7.69
158.130.6.254,216.156.197.165,7.68
158.130.6.254,216.156.197.165,7.75
158.130.6.254,216.156.197.165,7.80
158.130.6.254,216.156.197.165,7.65
158.130.6.254,216.156.197.165,7.81
158.130.6.254,216.156.197.165,7.76
158.130.6.254,216.156.197.165,7.73
158.130.6.254,216.156.197.165,7.74
158.130.6.254,216.156.197.165,7.80
158.130.6.254,216.156.197.165,7.75
158.130.6.254,216.156.197.165,7.67
158.130.6.254,216.156.197.165,7.75
158.130.6.254,216.156.197.165,7.88
158.130.6.254,216.156.197.165,7.72
158.130.6.254,216.156.197.165,7.60
158.130.6.254,216.156.197.165,7.66
158.130.6.254,216.156.197.165,7.66
158.130.6.254,216.156.197.165,7.75
158.130.6.254,216.156.197.165,7.61
158.130.6.254,216.156.197.165,7.60
158.130.6.254,216.156.197.165,7.65
158.130.6.254,216.156.197.165,7.79
158.130.6.254,216.156.197.165,7.71
158.130.6.254,216.156.197.165,7.60
158.130.6.254,216.156.197.165,7.78
158.130.6.254,216.156.197.165,7.77
158.130.6.254,216.156.197.165,7.64
158.130.6.254,216.156.197.165,7.74
158.130.6.254,216.156.197.165,7.74
158.130.6.254,216.156.197.165,7.66
158.130.6.254,216.156.197.165,7.77
158.130.6.254,216.156.197.165,7.70
158.130.6.254,216.156.197.165,7.71
158.130.6.254,216.156.197.165,7.65
158.130.6.254,216.156.197.165,7.66
158.130.6.254,216.156.197.165,7.67
158.130.6.254,216.156.197.165,7.69
158.130.6.254,216.156.197.165,7.74
158.130.6.254,216.156.197.165,7.79
158.130.6.254,216.156.197.165,7.67
158.130.6.254,216.156.197.165,7.74
158.130.6.254,216.156.197.165,7.79
158.130.6.254,216.156.197.165,7.71
158.130.6.254,216.156.197.165,7.65
158.130.6.254,216.156.197.165,7.72
158.130.6.254,216.156.197.165,7.66
158.130.6.254,216.156.197.165,7.86
158.130.6.254,216.156.197.165,7.63
158.130.6.254,216.156.197.165,7.64
158.130.6.254,216.156.197.165,7.77
158.130.6.254,216.156.197.165,7.71
158.130.6.254,216.156.197.165,7.64
158.130.6.254,216.156.197.165,7.71
158.130.6.254,216.156.197.165,7.64
158.130.6.254,216.156.197.165,7.86
158.130.6.254,216.156.197.165,7.97
158.130.6.254,216.156.197.165,7.82
158.130.6.254,216.156.197.165,7.92
158.130.6.254,216.156.197.165,7.62
158.130.6.254,216.156.197.165,7.60
158.130.6.254,216.156.197.165,7.67
158.130.6.254,216.156.197.165,7.73
158.130.6.254,216.156.197.165,7.71
158.130.6.254,216.156.197.165,7.65
158.130.6.254,216.156.197.165,7.63
158.130.6.254,216.156.197.165,7.62
158.130.6.254,216.156.197.165,7.65
158.130.6.254,216.156.197.165,7.86
158.130.6.254,216.156.197.165,7.78
158.130.6.254,216.156.197.165,7.69
158.130.6.254,216.156.197.165,7.74
158.130.6.254,216.156.197.165,7.69
158.130.6.254,216.156.197.165,7.71
158.130.6.254,216.156.197.165,7.68
158.130.6.254,216.156.197.165,7.71
158.130.6.254,216.156.197.165,7.61
158.130.6.254,216.156.197.165,7.95
158.130.6.254,216.156.197.165,7.64
158.130.6.254,216.156.197.165,7.67
158.130.6.254,216.156.197.165,7.66
158.130.6.254,216.156.197.165,7.82
158.130.6.254,216.156.197.165,8.11
158.130.6.254,216.156.197.165,7.73
158.130.6.254,216.156.197.165,7.62
158.130.6.254,216.156.197.165,7.71
158.130.6.254,216.156.197.165,7.75
158.130.6.254,216.156.197.165,7.78
158.130.6.254,216.156.197.165,7.84
158.130.6.254,216.156.197.165,7.63
158.130.6.254,216.156.197.165,7.73
158.130.6.254,216.156.197.165,7.71
158.130.6.254,216.156.197.165,7.63
158.130.6.254,216.156.197.165,7.70
158.130.6.254,216.156.197.165,7.75
158.130.6.254,216.156.197.165,7.62
158.130.6.254,216.156.197.165,7.64
158.130.6.254,216.156.197.165,7.64
158.130.6.254,216.156.197.165,7.70
158.130.6.254,216.156.197.165,7.72
158.130.6.254,216.156.197.165,7.65
158.130.6.254,216.156.197.165,7.65
158.130.6.254,216.156.197.165,7.63
158.130.6.254,216.156.197.165,7.63
158.130.6.254,216.156.197.165,7.69
158.130.6.254,216.156.197.165,7.90
158.130.6.254,216.156.197.165,7.77
158.130.6.254,216.156.197.165,7.76
158.130.6.254,216.156.197.165,7.69
158.130.6.254,216.156.197.165,7.75
158.130.6.254,216.156.197.165,7.70
158.130.6.254,216.156.197.165,7.63
158.130.6.254,216.156.197.165,7.62
158.130.6.254,216.156.197.165,7.61
158.130.6.254,216.156.197.165,7.65
158.130.6.254,216.156.197.165,7.76
158.130.6.254,216.156.197.165,7.67
158.130.6.254,216.156.197.165,7.71
158.130.6.254,216.156.197.165,7.73
158.130.6.254,216.156.197.165,7.72
158.130.6.254,216.156.197.165,7.75
158.130.6.254,216.156.197.165,7.64
158.130.6.254,216.156.197.165,7.62
158.130.6.254,216.156.197.165,7.62
158.130.6.254,216.156.197.165,7.79
158.130.6.254,216.156.197.165,7.66
158.130.6.254,216.156.197.165,7.60
158.130.6.254,216.156.197.165,7.63
158.130.6.254,216.156.197.165,7.65
158.130.6.254,216.156.197.165,7.69
158.130.6.254,216.156.197.165,7.66
158.130.6.254,216.156.197.165,7.77
158.130.6.254,216.156.197.165,7.71
158.130.6.254,216.156.197.165,7.64
158.130.6.254,216.156.197.165,7.70
158.130.6.254,216.156.197.165,7.66
158.130.6.254,216.156.197.165,7.63
158.130.6.254,216.156.197.165,7.64
158.130.6.254,216.156.197.165,7.71
158.130.6.254,216.156.197.165,7.73
158.130.6.254,216.156.197.165,7.55
158.130.6.254,216.156.197.165,7.70
158.130.6.254,216.156.197.165,7.69
158.130.6.254,216.156.197.165,7.63
158.130.6.254,216.156.197.165,7.89
158.130.6.254,216.156.197.165,7.62
158.130.6.254,216.156.197.165,7.63
158.130.6.254,216.156.197.165,7.76
158.130.6.254,216.156.197.165,7.74
158.130.6.254,216.156.197.165,7.63
158.130.6.254,216.156.197.165,7.62
158.130.6.254,216.156.197.165,7.66
158.130.6.254,216.156.197.165,7.64
158.130.6.254,216.156.197.165,7.64
158.130.6.254,216.156.197.165,7.76
158.130.6.254,216.156.197.165,7.74
158.130.6.254,216.156.197.165,7.78
158.130.6.254,216.156.197.165,7.69
158.130.6.254,216.156.197.165,7.71
158.130.6.254,216.156.197.165,7.67
158.130.6.254,216.156.197.165,7.69
158.130.6.254,216.156.197.165,7.67
158.130.6.254,216.156.197.165,7.71
158.130.6.254,216.156.197.165,7.70
158.130.6.254,216.156.197.165,7.63
158.130.6.254,216.156.197.165,7.82
158.130.6.254,216.156.197.165,7.76
158.130.6.254,216.156.197.165,7.61
158.130.6.254,216.156.197.165,7.63
158.130.6.254,216.156.197.165,7.65
158.130.6.254,216.156.197.165,7.67
158.130.6.254,216.156.197.165,7.73
158.130.6.254,216.156.197.165,7.60
158.130.6.254,216.156.197.165,7.71
158.130.6.254,216.156.197.165,7.72
158.130.6.254,216.156.197.165,7.63
158.130.6.254,216.156.197.165,7.66
158.130.6.254,216.156.197.165,7.63
158.130.6.254,216.156.197.165,7.76
158.130.6.254,216.156.197.165,7.64
158.130.6.254,216.156.197.165,7.72
158.130.6.254,216.156.197.165,7.71
158.130.6.254,216.156.197.165,7.62
158.130.6.254,216.156.197.165,7.62
158.130.6.254,216.156.197.165,7.69
158.130.6.254,216.156.197.165,7.63
158.130.6.254,216.156.197.165,7.73
158.130.6.254,216.156.197.165,7.70
158.130.6.254,216.156.197.165,7.62
158.130.6.254,216.156.197.165,7.72
158.130.6.254,216.156.197.165,7.72
158.130.6.254,216.156.197.165,7.73
158.130.6.254,216.156.197.165,7.73
158.130.6.254,216.156.197.165,7.75
158.130.6.254,216.156.197.165,7.62
158.130.6.254,216.156.197.165,7.70
158.130.6.254,216.156.197.165,7.74
158.130.6.254,216.156.197.165,7.68
158.130.6.254,216.156.197.165,7.62
158.130.6.254,216.156.197.165,7.76
158.130.6.254,216.156.197.165,7.68
158.130.6.254,216.156.197.165,7.69
158.130.6.254,216.156.197.165,7.63
158.130.6.254,216.156.197.165,7.82
158.130.6.254,216.156.197.165,7.62
158.130.6.254,216.156.197.165,7.61
158.130.6.254,216.156.197.165,7.78
158.130.6.254,216.156.197.165,7.70
158.130.6.254,216.156.197.165,7.71
158.130.6.254,216.156.197.165,7.78
158.130.6.254,216.156.197.165,7.65
158.130.6.254,216.156.197.165,7.60
158.130.6.254,216.156.197.165,7.70
158.130.6.254,216.156.197.165,7.73
158.130.6.254,216.156.197.165,7.64
158.130.6.254,216.156.197.165,7.76
158.130.6.254,216.156.197.165,7.70
158.130.6.254,216.156.197.165,7.75
158.130.6.254,216.156.197.165,7.78
158.130.6.254,216.156.197.165,7.69
158.130.6.254,216.156.197.165,7.66
158.130.6.254,216.156.197.165,7.63
158.130.6.254,216.156.197.165,7.71
158.130.6.254,216.156.197.165,7.59
158.130.6.254,216.156.197.165,7.68
158.130.6.254,216.156.197.165,7.72
158.130.6.254,216.156.197.165,7.70
158.130.6.254,216.156.197.165,7.71
158.130.6.254,216.156.197.165,7.74
158.130.6.254,216.156.197.165,7.69
158.130.6.254,216.156.197.165,7.67
158.130.6.254,216.156.197.165,7.71
158.130.6.254,216.156.197.165,7.72
158.130.6.254,216.156.197.165,7.72
158.130.6.254,216.156.197.165,7.70
158.130.6.254,216.156.197.165,7.59
158.130.6.254,216.156.197.165,7.72
158.130.6.254,216.156.197.165,7.79
158.130.6.254,216.156.197.165,7.71
158.130.6.254,216.156.197.165,7.67
158.130.6.254,216.156.197.165,7.62
158.130.6.254,216.156.197.165,7.65
158.130.6.254,216.156.197.165,7.65
158.130.6.254,216.156.197.165,7.64
158.130.6.254,216.156.197.165,7.66
158.130.6.254,216.156.197.165,7.70
158.130.6.254,216.156.197.165,7.70
158.130.6.254,216.156.197.165,7.62
158.130.6.254,216.156.197.165,7.77
158.130.6.254,216.156.197.165,7.82
158.130.6.254,216.156.197.165,7.61
158.130.6.254,216.156.197.165,7.69
158.130.6.254,216.156.197.165,7.75
158.130.6.254,216.156.197.165,7.64
158.130.6.254,216.156.197.165,7.64
158.130.6.254,216.156.197.165,7.66
158.130.6.254,216.156.197.165,7.75
158.130.6.254,216.156.197.165,7.72
158.130.6.254,216.156.197.165,7.64
158.130.6.254,216.156.197.165,7.61
158.130.6.254,216.156.197.165,7.67
158.130.6.254,216.156.197.165,7.69
158.130.6.254,216.156.197.165,7.73
158.130.6.254,216.156.197.165,7.70
158.130.6.254,216.156.197.165,7.92
158.130.6.254,216.156.197.165,7.65
158.130.6.254,216.156.197.165,7.61
158.130.6.254,216.156.197.165,7.65
158.130.6.254,216.156.197.165,7.76
158.130.6.254,216.156.197.165,7.62
158.130.6.254,216.156.197.165,7.60
158.130.6.254,216.156.197.165,7.74
158.130.6.254,216.156.197.165,7.60
158.130.6.254,216.156.197.165,7.73
158.130.6.254,216.156.197.165,7.62
158.130.6.254,216.156.197.165,7.77
158.130.6.254,216.156.197.165,7.60
158.130.6.254,216.156.197.165,7.70
158.130.6.254,216.156.197.165,7.64
158.130.6.254,216.156.197.165,7.61
158.130.6.254,216.156.197.165,7.61
158.130.6.254,216.156.197.165,7.61
158.130.6.254,216.156.197.165,7.76
158.130.6.254,216.156.197.165,7.70
158.130.6.254,216.156.197.165,7.75
158.130.6.254,216.156.197.165,7.74
158.130.6.254,216.156.197.165,7.65
158.130.6.254,216.156.197.165,7.67
158.130.6.254,216.156.197.165,7.61
158.130.6.254,216.156.197.165,7.61
158.130.6.254,216.156.197.165,7.70
158.130.6.254,216.156.197.165,7.62
158.130.6.254,216.156.197.165,7.62
158.130.6.254,216.156.197.165,7.75
158.130.6.254,216.156.197.165,7.69
158.130.6.254,216.156.197.165,7.61
158.130.6.254,216.156.197.165,7.65
158.130.6.254,216.156.197.165,7.60
158.130.6.254,216.156.197.165,7.63
158.130.6.254,216.156.197.165,7.61
158.130.6.254,216.156.197.165,7.74
158.130.6.254,216.156.197.165,7.63
158.130.6.254,216.156.197.165,7.72
158.130.6.254,216.156.197.165,7.63
158.130.6.254,216.156.197.165,7.78
158.130.6.254,216.156.197.165,7.60
158.130.6.254,216.156.197.165,7.70
158.130.6.254,216.156.197.165,7.60
158.130.6.254,216.156.197.165,7.68
158.130.6.254,216.156.197.165,7.73
158.130.6.254,216.156.197.165,7.63
158.130.6.254,216.156.197.165,7.62
158.130.6.254,216.156.197.165,7.70
158.130.6.254,216.156.197.165,7.69
158.130.6.254,216.156.197.165,7.62
158.130.6.254,216.156.197.165,7.72
158.130.6.254,216.156.197.165,7.71
158.130.6.254,216.156.197.165,7.51
158.130.6.254,216.156.197.165,7.63
158.130.6.254,216.156.197.165,7.79
158.130.6.254,216.156.197.165,7.70
158.130.6.254,216.156.197.165,7.70
158.130.6.254,216.156.197.165,7.62
158.130.6.254,216.156.197.165,7.69
158.130.6.254,216.156.197.165,7.87
158.130.6.254,216.156.197.165,7.89
158.130.6.254,216.156.197.165,7.76
158.130.6.254,216.156.197.165,7.62
158.130.6.254,216.156.197.165,7.72
158.130.6.254,216.156.197.165,7.64
158.130.6.254,216.156.197.165,7.69
158.130.6.254,216.156.197.165,7.67
158.130.6.254,216.156.197.165,7.70
158.130.6.254,216.156.197.165,7.84
158.130.6.254,216.156.197.165,7.61
158.130.6.254,216.156.197.165,7.71
158.130.6.254,216.156.197.165,7.62
158.130.6.254,216.156.197.165,7.72
158.130.6.254,216.156.197.165,7.71
158.130.6.254,216.156.197.165,7.59
158.130.6.254,216.156.197.165,7.69
158.130.6.254,216.156.197.165,7.83
158.130.6.254,216.156.197.165,7.60
158.130.6.254,216.156.197.165,7.62
158.130.6.254,216.156.197.165,7.70
158.130.6.254,216.156.197.165,7.73
158.130.6.254,216.156.197.165,7.58
158.130.6.254,216.156.197.165,7.68
158.130.6.254,216.156.197.165,7.61
158.130.6.254,216.156.197.165,7.69
158.130.6.254,216.156.197.165,7.73
158.130.6.254,216.156.197.165,7.63
158.130.6.254,216.156.197.165,7.62
158.130.6.254,216.156.197.165,7.64
158.130.6.254,216.156.197.165,7.70
158.130.6.254,216.156.197.165,7.93
158.130.6.254,216.156.197.165,7.63
158.130.6.254,216.156.197.165,7.66
158.130.6.254,216.156.197.165,7.76
158.130.6.254,216.156.197.165,7.60
158.130.6.254,216.156.197.165,7.77
158.130.6.254,216.156.197.165,7.70
158.130.6.254,216.156.197.165,7.62
158.130.6.254,216.156.197.165,7.73
158.130.6.254,216.156.197.165,7.70
158.130.6.254,216.156.197.165,7.70
158.130.6.254,216.156.197.165,7.70
158.130.6.254,216.156.197.165,7.63
158.130.6.254,216.156.197.165,7.66
158.130.6.254,216.156.197.165,7.72
158.130.6.254,216.156.197.165,7.67
158.130.6.254,216.156.197.165,7.93
158.130.6.254,216.156.197.165,7.75
158.130.6.254,216.156.197.165,7.83
158.130.6.254,216.156.197.165,7.75
158.130.6.254,216.156.197.165,8.45
158.130.6.254,216.156.197.165,7.68
158.130.6.254,216.156.197.165,7.62
158.130.6.254,216.156.197.165,7.71
158.130.6.254,216.156.197.165,7.65
158.130.6.254,216.156.197.165,7.69
158.130.6.254,216.156.197.165,7.78
158.130.6.254,216.156.197.165,7.79
158.130.6.254,216.156.197.165,7.79
158.130.6.254,216.156.197.165,7.75
158.130.6.254,216.156.197.165,7.70
158.130.6.254,216.156.197.165,7.66
158.130.6.254,216.156.197.165,7.82
158.130.6.254,216.156.197.165,7.61
158.130.6.254,216.156.197.165,7.77
158.130.6.254,216.156.197.165,7.64
158.130.6.254,216.156.197.165,7.62
158.130.6.254,216.156.197.165,7.70
158.130.6.254,216.156.197.165,7.77
158.130.6.254,216.156.197.165,7.61
158.130.6.254,216.156.197.165,7.61
158.130.6.254,216.156.197.165,7.77
158.130.6.254,216.156.197.165,7.61
158.130.6.254,216.156.197.165,7.75
158.130.6.254,216.156.197.165,7.76
158.130.6.254,216.156.197.165,7.76
158.130.6.254,216.156.197.165,7.74
158.130.6.254,216.156.197.165,7.64
158.130.6.254,216.156.197.165,7.72
158.130.6.254,216.156.197.165,7.62
158.130.6.254,216.156.197.165,8.03
158.130.6.254,216.156.197.165,7.62
158.130.6.254,216.156.197.165,7.76
158.130.6.254,216.156.197.165,7.75
158.130.6.254,216.156.197.165,7.76
158.130.6.254,216.156.197.165,7.73
158.130.6.254,216.156.197.165,7.64
158.130.6.254,216.156.197.165,7.69
158.130.6.254,216.156.197.165,7.71
158.130.6.254,216.156.197.165,7.76
158.130.6.254,216.156.197.165,7.62
158.130.6.254,216.156.197.165,7.72
158.130.6.254,216.156.197.165,7.74
158.130.6.254,216.156.197.165,7.71
158.130.6.254,216.156.197.165,7.65
158.130.6.254,216.156.197.165,7.61
158.130.6.254,216.156.197.165,7.70
158.130.6.254,216.156.197.165,7.70
158.130.6.254,216.156.197.165,7.62
158.130.6.254,216.156.197.165,7.63
158.130.6.254,216.156.197.165,7.62
158.130.6.254,216.156.197.165,7.67
158.130.6.254,216.156.197.165,7.66
158.130.6.254,216.156.197.165,7.64
158.130.6.254,216.156.197.165,7.60
158.130.6.254,216.156.197.165,7.59
158.130.6.254,216.156.197.165,7.58
158.130.6.254,216.156.197.165,7.68
158.130.6.254,216.156.197.165,7.67
158.130.6.254,216.156.197.165,7.66
158.130.6.254,216.156.197.165,7.67
158.130.6.254,216.156.197.165,7.74
158.130.6.254,216.156.197.165,7.72
158.130.6.254,216.156.197.165,7.61
158.130.6.254,216.156.197.165,7.65
158.130.6.254,216.156.197.165,7.62
158.130.6.254,216.156.197.165,7.64
158.130.6.254,216.156.197.165,7.84
158.130.6.254,216.156.197.165,7.88
158.130.6.254,216.156.197.165,7.74
158.130.6.254,216.156.197.165,7.70
158.130.6.254,216.156.197.165,7.85
158.130.6.254,216.156.197.165,7.80
158.130.6.254,216.156.197.165,7.68
158.130.6.254,216.156.197.165,7.85
158.130.6.254,216.156.197.165,7.64
158.130.6.254,216.156.197.165,7.71
158.130.6.254,216.156.197.165,7.63
158.130.6.254,216.156.197.165,7.79
158.130.6.254,216.156.197.165,7.64
158.130.6.254,216.156.197.165,7.68
158.130.6.254,216.156.197.165,7.62
158.130.6.254,216.156.197.165,7.62
158.130.6.254,216.156.197.165,7.63
158.130.6.254,216.156.197.165,7.72
158.130.6.254,216.156.197.165,7.73
158.130.6.254,216.156.197.165,7.74
158.130.6.254,216.156.197.165,7.62
158.130.6.254,216.156.197.165,7.72
158.130.6.254,216.156.197.165,7.73
158.130.6.254,216.156.197.165,7.88
158.130.6.254,216.156.197.165,7.63
158.130.6.254,216.156.197.165,7.77
158.130.6.254,216.156.197.165,8.83
158.130.6.254,216.156.197.165,7.73
158.130.6.254,216.156.197.165,7.63
158.130.6.254,216.156.197.165,7.71
158.130.6.254,216.156.197.165,7.75
158.130.6.254,216.156.197.165,7.71
158.130.6.254,216.156.197.165,7.63
158.130.6.254,216.156.197.165,7.62
158.130.6.254,216.156.197.165,7.60
158.130.6.254,216.156.197.165,7.64
158.130.6.254,216.156.197.165,7.65
158.130.6.254,216.156.197.165,7.69
158.130.6.254,216.156.197.165,7.72
158.130.6.254,216.156.197.165,7.61
158.130.6.254,216.156.197.165,7.73
158.130.6.254,216.156.197.165,7.71
158.130.6.254,216.156.197.165,7.76
158.130.6.254,216.156.197.165,7.71
158.130.6.254,216.156.197.165,7.69
158.130.6.254,216.156.197.165,7.64
158.130.6.254,216.156.197.165,7.62
158.130.6.254,216.156.197.165,7.73
158.130.6.254,216.156.197.165,7.63
158.130.6.254,216.156.197.165,7.70
158.130.6.254,216.156.197.165,7.73
158.130.6.254,216.156.197.165,7.70
158.130.6.254,216.156.197.165,7.73
158.130.6.254,216.156.197.165,7.69
158.130.6.254,216.156.197.165,7.69
158.130.6.254,216.156.197.165,7.70
158.130.6.254,216.156.197.165,7.64
158.130.6.254,216.156.197.165,7.72
158.130.6.254,216.156.197.165,7.77
158.130.6.254,216.156.197.165,7.61
158.130.6.254,216.156.197.165,7.74
158.130.6.254,216.156.197.165,7.70
158.130.6.254,216.156.197.165,7.71
158.130.6.254,216.156.197.165,7.74
158.130.6.254,216.156.197.165,7.60
158.130.6.254,216.156.197.165,7.71
158.130.6.254,216.156.197.165,7.71
158.130.6.254,216.156.197.165,7.64
158.130.6.254,216.156.197.165,7.61
158.130.6.254,216.156.197.165,7.73
158.130.6.254,216.156.197.165,7.62
158.130.6.254,216.156.197.165,7.62
158.130.6.254,216.156.197.165,7.77
158.130.6.254,216.156.197.165,7.84
158.130.6.254,216.156.197.165,7.62
158.130.6.254,216.156.197.165,7.67
158.130.6.254,216.156.197.165,7.69
158.130.6.254,216.156.197.165,7.63
158.130.6.254,216.156.197.165,7.79
158.130.6.254,216.156.197.165,7.63
158.130.6.254,216.156.197.165,7.62
158.130.6.254,216.156.197.165,7.62
158.130.6.254,216.156.197.165,7.71
158.130.6.254,216.156.197.165,7.76
158.130.6.254,216.156.197.165,7.65
158.130.6.254,216.156.197.165,7.82
158.130.6.254,216.156.197.165,7.72
158.130.6.254,216.156.197.165,7.64
158.130.6.254,216.156.197.165,7.71
158.130.6.254,216.156.197.165,7.66
158.130.6.254,216.156.197.165,7.72
158.130.6.254,216.156.197.165,7.63
158.130.6.254,216.156.197.165,7.73
158.130.6.254,216.156.197.165,7.64
158.130.6.254,216.156.197.165,7.61
158.130.6.254,216.156.197.165,7.71
158.130.6.254,216.156.197.165,7.63
158.130.6.254,216.156.197.165,7.71
158.130.6.254,216.156.197.165,7.75
158.130.6.254,216.156.197.165,7.60
158.130.6.254,216.156.197.165,7.61
158.130.6.254,216.156.197.165,7.65
158.130.6.254,216.156.197.165,7.75
158.130.6.254,216.156.197.165,7.63
158.130.6.254,216.156.197.165,7.61
158.130.6.254,216.156.197.165,7.73
158.130.6.254,216.156.197.165,7.59
158.130.6.254,216.156.197.165,7.63
158.130.6.254,216.156.197.165,7.70
158.130.6.254,216.156.197.165,7.61
158.130.6.254,216.156.197.165,7.69
158.130.6.254,216.156.197.165,7.60
158.130.6.254,216.156.197.165,7.60
158.130.6.254,216.156.197.165,7.72
158.130.6.254,216.156.197.165,7.61
158.130.6.254,216.156.197.165,7.60
158.130.6.254,216.156.197.165,7.78
158.130.6.254,216.156.197.165,7.61
158.130.6.254,216.156.197.165,7.67
158.130.6.254,216.156.197.165,7.83
158.130.6.254,216.156.197.165,7.62
158.130.6.254,216.156.197.165,7.71
158.130.6.254,216.156.197.165,7.84
158.130.6.254,216.156.197.165,7.65
158.130.6.254,216.156.197.165,7.60
158.130.6.254,216.156.197.165,7.71
158.130.6.254,216.156.197.165,7.76
158.130.6.254,216.156.197.165,7.61
158.130.6.254,216.156.197.165,7.71
158.130.6.254,216.156.197.165,7.62
158.130.6.254,216.156.197.165,7.61
158.130.6.254,216.156.197.165,7.64
158.130.6.254,216.156.197.165,7.65
158.130.6.254,216.156.197.165,7.69
158.130.6.254,216.156.197.165,7.55
158.130.6.254,216.156.197.165,7.60
158.130.6.254,216.156.197.165,7.90
158.130.6.254,216.156.197.165,7.65
158.130.6.254,216.156.197.165,7.63
158.130.6.254,216.156.197.165,7.62
158.130.6.254,216.156.197.165,7.85
158.130.6.254,216.156.197.165,7.71
158.130.6.254,216.156.197.165,7.62
158.130.6.254,216.156.197.165,7.64
158.130.6.254,216.156.197.165,7.67
158.130.6.254,216.156.197.165,7.69
158.130.6.254,216.156.197.165,7.59
158.130.6.254,216.156.197.165,7.75
158.130.6.254,216.156.197.165,7.61
158.130.6.254,216.156.197.165,7.74
158.130.6.254,216.156.197.165,7.63
158.130.6.254,216.156.197.165,7.60
158.130.6.254,216.156.197.165,7.65
158.130.6.254,216.156.197.165,7.62
158.130.6.254,216.156.197.165,7.66
158.130.6.254,216.156.197.165,7.72
158.130.6.254,216.156.197.165,7.65
158.130.6.254,216.156.197.165,7.71
158.130.6.254,216.156.197.165,7.76
158.130.6.254,216.156.197.165,7.64
158.130.6.254,216.156.197.165,7.72
158.130.6.254,216.156.197.165,7.61
158.130.6.254,216.156.197.165,7.76
158.130.6.254,216.156.197.165,7.87
158.130.6.254,216.156.197.165,7.64
158.130.6.254,216.156.197.165,7.79
158.130.6.254,216.156.197.165,7.64
158.130.6.254,216.156.197.165,7.73
158.130.6.254,216.156.197.165,7.86
158.130.6.254,216.156.197.165,7.69
158.130.6.254,216.156.197.165,7.69
158.130.6.254,216.156.197.165,7.69
158.130.6.254,216.156.197.165,7.81
158.130.6.254,216.156.197.165,7.72
158.130.6.254,216.156.197.165,7.70
158.130.6.254,216.156.197.165,7.82
158.130.6.254,216.156.197.165,7.71
158.130.6.254,216.156.197.165,7.73
158.130.6.254,216.156.197.165,7.63
158.130.6.254,216.156.197.165,7.72
158.130.6.254,216.156.197.165,7.64
158.130.6.254,216.156.197.165,7.71
158.130.6.254,216.156.197.165,7.62
158.130.6.254,216.156.197.165,7.65
158.130.6.254,216.156.197.165,7.76
158.130.6.254,216.156.197.165,7.76
158.130.6.254,216.156.197.165,7.69
158.130.6.254,216.156.197.165,7.74
158.130.6.254,216.156.197.165,7.70
158.130.6.254,216.156.197.165,7.64
158.130.6.254,216.156.197.165,7.67
158.130.6.254,216.156.197.165,7.72
158.130.6.254,216.156.197.165,7.62
158.130.6.254,216.156.197.165,7.64
158.130.6.254,216.156.197.165,7.66
158.130.6.254,216.156.197.165,7.75
158.130.6.254,216.156.197.165,7.60
158.130.6.254,216.156.197.165,7.85
158.130.6.254,216.156.197.165,7.64
158.130.6.254,216.156.197.165,7.69
158.130.6.254,216.156.197.165,7.64
158.130.6.254,216.156.197.165,7.67
158.130.6.254,216.156.197.165,7.79
158.130.6.254,216.156.197.165,7.66
158.130.6.254,216.156.197.165,7.68
158.130.6.254,216.156.197.165,7.64
158.130.6.254,216.156.197.165,7.62
158.130.6.254,216.156.197.165,7.73
158.130.6.254,216.156.197.165,7.71
158.130.6.254,216.156.197.165,7.70
158.130.6.254,216.156.197.165,7.61
158.130.6.254,216.156.197.165,7.62
158.130.6.254,216.156.197.165,7.70
158.130.6.254,216.156.197.165,7.90
158.130.6.254,216.156.197.165,7.65
158.130.6.254,216.156.197.165,7.72
158.130.6.254,216.156.197.165,7.64
158.130.6.254,216.156.197.165,7.76
158.130.6.254,216.156.197.165,7.69
158.130.6.254,216.156.197.165,7.68
158.130.6.254,216.156.197.165,7.63
158.130.6.254,216.156.197.165,7.87
158.130.6.254,216.156.197.165,7.78
158.130.6.254,216.156.197.165,7.68
158.130.6.254,216.156.197.165,7.73
158.130.6.254,216.156.197.165,7.61
158.130.6.254,216.156.197.165,7.64
158.130.6.254,216.156.197.165,7.72
158.130.6.254,216.156.197.165,7.79
158.130.6.254,216.156.197.165,7.62
158.130.6.254,216.156.197.165,7.71
158.130.6.254,216.156.197.165,7.66
158.130.6.254,216.156.197.165,7.76
158.130.6.254,216.156.197.165,7.71
158.130.6.254,216.156.197.165,7.79
158.130.6.254,216.156.197.165,7.79
158.130.6.254,216.156.197.165,7.63
158.130.6.254,216.156.197.165,7.61
158.130.6.254,216.156.197.165,7.63
158.130.6.254,216.156.197.165,7.71
158.130.6.254,38.102.0.109,78.8
158.130.6.254,38.102.0.109,78.9
158.130.6.254,38.102.0.109,78.8
158.130.6.254,38.102.0.109,78.8
158.130.6.254,38.102.0.109,78.8
158.130.6.254,38.102.0.109,78.8
158.130.6.254,38.102.0.109,78.8
158.130.6.254,38.102.0.109,78.8
158.130.6.254,38.102.0.109,78.8
158.130.6.254,38.102.0.109,78.8
158.130.6.254,38.102.0.109,78.8
158.130.6.254,38.102.0.109,78.8
158.130.6.254,38.102.0.109,78.8
158.130.6.254,38.102.0.109,78.8
158.130.6.254,38.102.0.109,78.8
158.130.6.254,38.102.0.109,78.8
158.130.6.254,38.102.0.109,78.8
158.130.6.254,38.102.0.109,78.8
158.130.6.254,38.102.0.109,78.8
158.130.6.254,38.102.0.109,78.8
158.130.6.254,38.102.0.109,78.8
158.130.6.254,38.102.0.109,78.8
158.130.6.254,38.102.0.109,78.8
158.130.6.254,38.102.0.109,78.8
158.130.6.254,38.102.0.109,78.8
158.130.6.254,38.102.0.109,78.9
158.130.6.254,38.102.0.109,78.8
158.130.6.254,38.102.0.109,78.8
158.130.6.254,38.102.0.109,78.8
158.130.6.254,38.102.0.109,78.8
158.130.6.254,38.102.0.109,78.9
158.130.6.254,38.102.0.109,78.8
158.130.6.254,38.102.0.109,78.8
158.130.6.254,38.102.0.109,78.9
158.130.6.254,38.102.0.109,78.8
158.130.6.254,38.102.0.109,78.8
158.130.6.254,38.102.0.109,78.8
158.130.6.254,38.102.0.109,78.8
158.130.6.254,38.102.0.109,78.8
158.130.6.254,38.102.0.109,78.8
158.130.6.254,38.102.0.109,78.8
158.130.6.254,38.102.0.109,79.2
158.130.6.254,38.102.0.109,78.8
158.130.6.254,38.102.0.109,78.8
158.130.6.254,38.102.0.109,78.8
158.130.6.254,38.102.0.109,78.8
158.130.6.254,38.102.0.109,78.9
158.130.6.254,38.102.0.109,78.9
158.130.6.254,38.102.0.109,78.8
158.130.6.254,38.102.0.109,78.8
158.130.6.254,38.102.0.109,78.8
158.130.6.254,38.102.0.109,78.8
158.130.6.254,38.102.0.109,78.8
158.130.6.254,38.102.0.109,78.8
158.130.6.254,38.102.0.109,78.8
158.130.6.254,38.102.0.109,79.0
158.130.6.254,38.102.0.109,78.8
158.130.6.254,38.102.0.109,78.8
158.130.6.254,38.102.0.109,78.8
158.130.6.254,38.102.0.109,78.8
158.130.6.254,38.102.0.109,78.8
158.130.6.254,38.102.0.109,78.8
158.130.6.254,38.102.0.109,78.8
158.130.6.254,38.102.0.109,78.9
158.130.6.254,38.102.0.109,78.8
158.130.6.254,38.102.0.109,78.8
158.130.6.254,38.102.0.109,78.8
158.130.6.254,38.102.0.109,78.8
158.130.6.254,38.102.0.109,78.8
158.130.6.254,38.102.0.109,78.8
158.130.6.254,38.102.0.109,78.8
158.130.6.254,38.102.0.109,78.8
158.130.6.254,38.102.0.109,78.8
158.130.6.254,38.102.0.109,78.8
158.130.6.254,38.102.0.109,78.9
158.130.6.254,38.102.0.109,78.8
158.130.6.254,38.102.0.109,78.8
158.130.6.254,38.102.0.109,78.8
158.130.6.254,38.102.0.109,78.8
158.130.6.254,38.102.0.109,78.9
158.130.6.254,38.102.0.109,78.8
158.130.6.254,38.102.0.109,78.8
158.130.6.254,38.102.0.109,78.8
158.130.6.254,38.102.0.109,78.9
158.130.6.254,38.102.0.109,78.8
158.130.6.254,38.102.0.109,78.8
158.130.6.254,38.102.0.109,78.8
158.130.6.254,38.102.0.109,78.8
158.130.6.254,38.102.0.109,78.8
158.130.6.254,38.102.0.109,78.8
158.130.6.254,38.102.0.109,78.8
158.130.6.254,38.102.0.109,78.9
158.130.6.254,38.102.0.109,78.8
158.130.6.254,38.102.0.109,78.8
158.130.6.254,38.102.0.109,78.8
158.130.6.254,38.102.0.109,78.8
158.130.6.254,38.102.0.109,78.8
158.130.6.254,38.102.0.109,78.9
158.130.6.254,38.102.0.109,78.8
158.130.6.254,38.102.0.109,78.8
158.130.6.254,38.102.0.109,78.8
158.130.6.254,38.102.0.109,78.8
158.130.6.254,38.102.0.109,78.8
158.130.6.254,38.102.0.109,78.8
158.130.6.254,38.102.0.109,78.8
158.130.6.254,38.102.0.109,78.8
158.130.6.254,38.102.0.109,78.8
158.130.6.254,38.102.0.109,78.8
158.130.6.254,38.102.0.109,78.8
158.130.6.254,38.102.0.109,78.8
158.130.6.254,38.102.0.109,78.8
158.130.6.254,38.102.0.109,78.8
158.130.6.254,38.102.0.109,78.8
158.130.6.254,38.102.0.109,78.8
158.130.6.254,38.102.0.109,78.8
158.130.6.254,38.102.0.109,78.8
158.130.6.254,38.102.0.109,78.8
158.130.6.254,38.102.0.109,78.8
158.130.6.254,38.102.0.109,78.8
158.130.6.254,38.102.0.109,78.8
158.130.6.254,38.102.0.109,78.8
158.130.6.254,38.102.0.109,78.8
158.130.6.254,38.102.0.109,78.8
158.130.6.254,38.102.0.109,78.9
158.130.6.254,38.102.0.109,78.8
158.130.6.254,38.102.0.109,78.8
158.130.6.254,38.102.0.109,78.8
158.130.6.254,38.102.0.109,78.8
158.130.6.254,38.102.0.109,78.8
158.130.6.254,38.102.0.109,78.8
158.130.6.254,38.102.0.109,78.8
158.130.6.254,38.102.0.109,78.8
158.130.6.254,38.102.0.109,78.8
158.130.6.254,38.102.0.109,78.8
158.130.6.254,38.102.0.109,78.8
158.130.6.254,38.102.0.109,78.8
158.130.6.254,38.102.0.109,78.9
158.130.6.254,38.102.0.109,78.8
158.130.6.254,38.102.0.109,78.8
158.130.6.254,38.102.0.109,78.8
158.130.6.254,38.102.0.109,78.8
158.130.6.254,38.102.0.109,78.8
158.130.6.254,38.102.0.109,78.8
158.130.6.254,38.102.0.109,78.8
158.130.6.254,38.102.0.109,78.8
158.130.6.254,38.102.0.109,78.8
158.130.6.254,38.102.0.109,78.8
158.130.6.254,38.102.0.109,78.8
158.130.6.254,38.102.0.109,78.8
158.130.6.254,38.102.0.109,78.8
158.130.6.254,38.102.0.109,78.8
158.130.6.254,38.102.0.109,78.8
158.130.6.254,38.102.0.109,78.8
158.130.6.254,38.102.0.109,78.8
158.130.6.254,38.102.0.109,78.8
158.130.6.254,38.102.0.109,78.8
158.130.6.254,38.102.0.109,78.8
158.130.6.254,38.102.0.109,78.8
158.130.6.254,38.102.0.109,78.8
158.130.6.254,38.102.0.109,78.8
158.130.6.254,38.102.0.109,78.8
158.130.6.254,38.102.0.109,78.8
158.130.6.254,38.102.0.109,78.8
158.130.6.254,38.102.0.109,78.8
158.130.6.254,38.102.0.109,78.8
158.130.6.254,38.102.0.109,78.8
158.130.6.254,38.102.0.109,78.8
158.130.6.254,38.102.0.109,78.8
158.130.6.254,38.102.0.109,78.8
158.130.6.254,38.102.0.109,78.8
158.130.6.254,38.102.0.109,78.8
158.130.6.254,38.102.0.109,78.8
158.130.6.254,38.102.0.109,78.9
158.130.6.254,38.102.0.109,78.9
158.130.6.254,38.102.0.109,78.8
158.130.6.254,38.102.0.109,78.8
158.130.6.254,38.102.0.109,78.8
158.130.6.254,38.102.0.109,78.8
158.130.6.254,38.102.0.109,78.8
158.130.6.254,38.102.0.109,78.8
158.130.6.254,38.102.0.109,78.8
158.130.6.254,38.102.0.109,78.8
158.130.6.254,38.102.0.109,78.8
158.130.6.254,38.102.0.109,78.8
158.130.6.254,38.102.0.109,78.9
158.130.6.254,38.102.0.109,78.9
158.130.6.254,38.102.0.109,78.8
158.130.6.254,38.102.0.109,78.8
158.130.6.254,38.102.0.109,78.8
158.130.6.254,38.102.0.109,78.8
158.130.6.254,38.102.0.109,78.8
158.130.6.254,38.102.0.109,78.8
158.130.6.254,38.102.0.109,78.8
158.130.6.254,38.102.0.109,78.8
158.130.6.254,38.102.0.109,78.9
158.130.6.254,38.102.0.109,78.8
158.130.6.254,38.102.0.109,78.8
158.130.6.254,38.102.0.109,78.8
158.130.6.254,38.102.0.109,78.8
158.130.6.254,38.102.0.109,78.8
158.130.6.254,38.102.0.109,78.8
158.130.6.254,38.102.0.109,78.8
158.130.6.254,38.102.0.109,78.8
158.130.6.254,38.102.0.109,78.8
158.130.6.254,38.102.0.109,78.8
158.130.6.254,38.102.0.109,78.8
158.130.6.254,38.102.0.109,78.8
158.130.6.254,38.102.0.109,78.8
158.130.6.254,38.102.0.109,78.8
158.130.6.254,38.102.0.109,78.8
158.130.6.254,38.102.0.109,78.8
158.130.6.254,38.102.0.109,78.8
158.130.6.254,38.102.0.109,78.9
158.130.6.254,38.102.0.109,78.8
158.130.6.254,38.102.0.109,78.8
158.130.6.254,38.102.0.109,78.8
158.130.6.254,38.102.0.109,78.8
158.130.6.254,38.102.0.109,78.8
158.130.6.254,38.102.0.109,78.8
158.130.6.254,38.102.0.109,78.8
158.130.6.254,38.102.0.109,78.8
158.130.6.254,38.102.0.109,78.8
158.130.6.254,38.102.0.109,78.8
158.130.6.254,38.102.0.109,78.8
158.130.6.254,38.102.0.109,78.8
158.130.6.254,38.102.0.109,78.8
158.130.6.254,38.102.0.109,78.8
158.130.6.254,38.102.0.109,78.8
158.130.6.254,38.102.0.109,78.8
158.130.6.254,38.102.0.109,78.8
158.130.6.254,38.102.0.109,78.8
158.130.6.254,38.102.0.109,78.8
158.130.6.254,38.102.0.109,78.8
158.130.6.254,38.102.0.109,78.8
158.130.6.254,38.102.0.109,78.9
158.130.6.254,38.102.0.109,78.8
158.130.6.254,38.102.0.109,78.8
158.130.6.254,38.102.0.109,78.8
158.130.6.254,38.102.0.109,78.8
158.130.6.254,38.102.0.109,78.8
158.130.6.254,38.102.0.109,78.8
158.130.6.254,38.102.0.109,78.9
158.130.6.254,38.102.0.109,78.8
158.130.6.254,38.102.0.109,78.8
158.130.6.254,38.102.0.109,78.8
158.130.6.254,38.102.0.109,78.8
158.130.6.254,38.102.0.109,78.8
158.130.6.254,38.102.0.109,78.8
158.130.6.254,38.102.0.109,78.8
158.130.6.254,38.102.0.109,78.8
158.130.6.254,38.102.0.109,78.8
158.130.6.254,38.102.0.109,78.8
158.130.6.254,38.102.0.109,78.8
158.130.6.254,38.102.0.109,78.8
158.130.6.254,38.102.0.109,78.8
158.130.6.254,38.102.0.109,78.8
158.130.6.254,38.102.0.109,78.8
158.130.6.254,38.102.0.109,78.8
158.130.6.254,38.102.0.109,78.8
158.130.6.254,38.102.0.109,78.8
158.130.6.254,38.102.0.109,78.8
158.130.6.254,38.102.0.109,78.8
158.130.6.254,38.102.0.109,78.8
158.130.6.254,38.102.0.109,78.8
158.130.6.254,38.102.0.109,78.8
158.130.6.254,38.102.0.109,78.8
158.130.6.254,38.102.0.109,78.8
158.130.6.254,38.102.0.109,78.8
158.130.6.254,38.102.0.109,78.9
158.130.6.254,38.102.0.109,78.9
158.130.6.254,38.102.0.109,78.8
158.130.6.254,38.102.0.109,78.8
158.130.6.254,38.102.0.109,78.8
158.130.6.254,38.102.0.109,78.8
158.130.6.254,38.102.0.109,78.8
158.130.6.254,38.102.0.109,78.8
158.130.6.254,38.102.0.109,78.8
158.130.6.254,38.102.0.109,78.8
158.130.6.254,38.102.0.109,78.8
158.130.6.254,38.102.0.109,78.8
158.130.6.254,38.102.0.109,78.8
158.130.6.254,38.102.0.109,78.8
158.130.6.254,38.102.0.109,78.8
158.130.6.254,38.102.0.109,78.8
158.130.6.254,38.102.0.109,78.8
158.130.6.254,38.102.0.109,78.8
158.130.6.254,38.102.0.109,78.8
158.130.6.254,38.102.0.109,78.8
158.130.6.254,38.102.0.109,78.8
158.130.6.254,38.102.0.109,78.8
158.130.6.254,38.102.0.109,78.8
158.130.6.254,38.102.0.109,78.9
158.130.6.254,38.102.0.109,78.8
158.130.6.254,38.102.0.109,78.8
158.130.6.254,38.102.0.109,78.8
158.130.6.254,38.102.0.109,78.8
158.130.6.254,38.102.0.109,78.8
158.130.6.254,38.102.0.109,78.8
158.130.6.254,38.102.0.109,78.8
158.130.6.254,38.102.0.109,78.8
158.130.6.254,38.102.0.109,78.8
158.130.6.254,38.102.0.109,78.9
158.130.6.254,38.102.0.109,78.8
158.130.6.254,38.102.0.109,78.8
158.130.6.254,38.102.0.109,78.8
158.130.6.254,38.102.0.109,78.8
158.130.6.254,38.102.0.109,78.8
158.130.6.254,38.102.0.109,78.8
158.130.6.254,38.102.0.109,78.8
158.130.6.254,38.102.0.109,78.9
158.130.6.254,38.102.0.109,78.9
158.130.6.254,38.102.0.109,78.8
158.130.6.254,38.102.0.109,78.8
158.130.6.254,38.102.0.109,78.8
158.130.6.254,38.102.0.109,78.8
158.130.6.254,38.102.0.109,78.8
158.130.6.254,38.102.0.109,78.8
158.130.6.254,38.102.0.109,78.8
158.130.6.254,38.102.0.109,78.8
158.130.6.254,38.102.0.109,78.8
158.130.6.254,38.102.0.109,78.8
158.130.6.254,38.102.0.109,78.8
158.130.6.254,38.102.0.109,78.8
158.130.6.254,38.102.0.109,78.8
158.130.6.254,38.102.0.109,78.8
158.130.6.254,38.102.0.109,79.0
158.130.6.254,38.102.0.109,78.8
158.130.6.254,38.102.0.109,78.8
158.130.6.254,38.102.0.109,78.9
158.130.6.254,38.102.0.109,78.9
158.130.6.254,38.102.0.109,78.9
158.130.6.254,38.102.0.109,78.8
158.130.6.254,38.102.0.109,78.8
158.130.6.254,38.102.0.109,78.8
158.130.6.254,38.102.0.109,78.8
158.130.6.254,38.102.0.109,78.9
158.130.6.254,38.102.0.109,78.8
158.130.6.254,38.102.0.109,78.8
158.130.6.254,38.102.0.109,78.8
158.130.6.254,38.102.0.109,78.8
158.130.6.254,38.102.0.109,78.7
158.130.6.254,38.102.0.109,78.8
158.130.6.254,38.102.0.109,78.8
158.130.6.254,38.102.0.109,78.8
158.130.6.254,38.102.0.109,78.8
158.130.6.254,38.102.0.109,78.8
158.130.6.254,38.102.0.109,78.8
158.130.6.254,38.102.0.109,78.8
158.130.6.254,38.102.0.109,78.8
158.130.6.254,38.102.0.109,78.8
158.130.6.254,38.102.0.109,78.8
158.130.6.254,38.102.0.109,78.8
158.130.6.254,38.102.0.109,78.8
158.130.6.254,38.102.0.109,78.8
158.130.6.254,38.102.0.109,78.8
158.130.6.254,38.102.0.109,78.8
158.130.6.254,38.102.0.109,78.8
158.130.6.254,38.102.0.109,78.8
158.130.6.254,38.102.0.109,78.8
158.130.6.254,38.102.0.109,78.8
158.130.6.254,38.102.0.109,78.9
158.130.6.254,38.102.0.109,78.8
158.130.6.254,38.102.0.109,78.8
158.130.6.254,38.102.0.109,78.8
158.130.6.254,38.102.0.109,78.8
158.130.6.254,38.102.0.109,78.8
158.130.6.254,38.102.0.109,78.8
158.130.6.254,38.102.0.109,78.8
158.130.6.254,38.102.0.109,78.8
158.130.6.254,38.102.0.109,78.8
158.130.6.254,38.102.0.109,78.8
158.130.6.254,38.102.0.109,78.8
158.130.6.254,38.102.0.109,78.8
158.130.6.254,38.102.0.109,78.8
158.130.6.254,38.102.0.109,78.8
158.130.6.254,38.102.0.109,78.8
158.130.6.254,38.102.0.109,78.8
158.130.6.254,38.102.0.109,78.8
158.130.6.254,38.102.0.109,78.9
158.130.6.254,38.102.0.109,78.8
158.130.6.254,38.102.0.109,78.8
158.130.6.254,38.102.0.109,78.8
158.130.6.254,38.102.0.109,78.8
158.130.6.254,38.102.0.109,78.8
158.130.6.254,38.102.0.109,78.8
158.130.6.254,38.102.0.109,78.8
158.130.6.254,38.102.0.109,78.8
158.130.6.254,38.102.0.109,78.8
158.130.6.254,38.102.0.109,78.8
158.130.6.254,38.102.0.109,78.8
158.130.6.254,38.102.0.109,78.8
158.130.6.254,38.102.0.109,78.8
158.130.6.254,38.102.0.109,78.8
158.130.6.254,38.102.0.109,78.8
158.130.6.254,38.102.0.109,78.8
158.130.6.254,38.102.0.109,78.8
158.130.6.254,38.102.0.109,78.8
158.130.6.254,38.102.0.109,78.8
158.130.6.254,38.102.0.109,78.8
158.130.6.254,38.102.0.109,78.8
158.130.6.254,38.102.0.109,78.8
158.130.6.254,38.102.0.109,78.8
158.130.6.254,38.102.0.109,78.8
158.130.6.254,38.102.0.109,78.8
158.130.6.254,38.102.0.109,78.8
158.130.6.254,38.102.0.109,78.8
158.130.6.254,38.102.0.109,78.8
158.130.6.254,38.102.0.109,78.8
158.130.6.254,38.102.0.109,78.8
158.130.6.254,38.102.0.109,78.8
158.130.6.254,38.102.0.109,78.8
158.130.6.254,38.102.0.109,78.8
158.130.6.254,38.102.0.109,78.8
158.130.6.254,38.102.0.109,78.9
158.130.6.254,38.102.0.109,78.9
158.130.6.254,38.102.0.109,78.8
158.130.6.254,38.102.0.109,78.8
158.130.6.254,38.102.0.109,78.8
158.130.6.254,38.102.0.109,78.8
158.130.6.254,38.102.0.109,78.8
158.130.6.254,38.102.0.109,78.8
158.130.6.254,38.102.0.109,78.8
158.130.6.254,38.102.0.109,78.8
158.130.6.254,38.102.0.109,78.8
158.130.6.254,38.102.0.109,78.8
158.130.6.254,38.102.0.109,78.8
158.130.6.254,38.102.0.109,78.8
158.130.6.254,38.102.0.109,78.8
158.130.6.254,38.102.0.109,78.8
158.130.6.254,38.102.0.109,78.8
158.130.6.254,38.102.0.109,78.8
158.130.6.254,38.102.0.109,78.8
158.130.6.254,38.102.0.109,78.8
158.130.6.254,38.102.0.109,78.8
158.130.6.254,38.102.0.109,78.8
158.130.6.254,38.102.0.109,78.8
158.130.6.254,38.102.0.109,78.8
158.130.6.254,38.102.0.109,78.8
158.130.6.254,38.102.0.109,78.8
158.130.6.254,38.102.0.109,78.8
158.130.6.254,38.102.0.109,78.8
158.130.6.254,38.102.0.109,78.8
158.130.6.254,38.102.0.109,78.8
158.130.6.254,38.102.0.109,78.8
158.130.6.254,38.102.0.109,78.8
158.130.6.254,38.102.0.109,78.8
158.130.6.254,38.102.0.109,78.8
158.130.6.254,38.102.0.109,78.8
158.130.6.254,38.102.0.109,78.8
158.130.6.254,38.102.0.109,78.8
158.130.6.254,38.102.0.109,78.8
158.130.6.254,38.102.0.109,78.8
158.130.6.254,38.102.0.109,78.8
158.130.6.254,38.102.0.109,78.8
158.130.6.254,38.102.0.109,78.8
158.130.6.254,38.102.0.109,78.8
158.130.6.254,38.102.0.109,78.8
158.130.6.254,38.102.0.109,78.8
158.130.6.254,38.102.0.109,78.8
158.130.6.254,38.102.0.109,78.8
158.130.6.254,38.102.0.109,78.8
158.130.6.254,38.102.0.109,78.8
158.130.6.254,38.102.0.109,78.8
158.130.6.254,38.102.0.109,78.8
158.130.6.254,38.102.0.109,78.8
158.130.6.254,38.102.0.109,78.8
158.130.6.254,38.102.0.109,78.8
158.130.6.254,38.102.0.109,78.8
158.130.6.254,38.102.0.109,78.8
158.130.6.254,38.102.0.109,78.8
158.130.6.254,38.102.0.109,78.8
158.130.6.254,38.102.0.109,78.8
158.130.6.254,38.102.0.109,78.8
158.130.6.254,38.102.0.109,78.9
158.130.6.254,38.102.0.109,78.8
158.130.6.254,38.102.0.109,78.8
158.130.6.254,38.102.0.109,78.8
158.130.6.254,38.102.0.109,78.8
158.130.6.254,38.102.0.109,78.8
158.130.6.254,38.102.0.109,78.8
158.130.6.254,38.102.0.109,78.8
158.130.6.254,38.102.0.109,78.8
158.130.6.254,38.102.0.109,78.8
158.130.6.254,38.102.0.109,78.8
158.130.6.254,38.102.0.109,78.8
158.130.6.254,38.102.0.109,78.8
158.130.6.254,38.102.0.109,78.6
158.130.6.254,38.102.0.109,78.8
158.130.6.254,38.102.0.109,78.8
158.130.6.254,38.102.0.109,78.8
158.130.6.254,38.102.0.109,78.8
158.130.6.254,38.102.0.109,78.8
158.130.6.254,38.102.0.109,78.8
158.130.6.254,38.102.0.109,78.8
158.130.6.254,38.102.0.109,78.8
158.130.6.254,38.102.0.109,78.8
158.130.6.254,38.102.0.109,78.8
158.130.6.254,38.102.0.109,78.8
158.130.6.254,38.102.0.109,78.8
158.130.6.254,38.102.0.109,78.8
158.130.6.254,38.102.0.109,78.8
158.130.6.254,38.102.0.109,78.8
158.130.6.254,38.102.0.109,78.8
158.130.6.254,38.102.0.109,78.8
158.130.6.254,38.102.0.109,78.8
158.130.6.254,38.102.0.109,78.8
158.130.6.254,38.102.0.109,78.8
158.130.6.254,38.102.0.109,78.8
158.130.6.254,38.102.0.109,78.8
158.130.6.254,38.102.0.109,79.0
158.130.6.254,38.102.0.109,78.8
158.130.6.254,38.102.0.109,78.8
158.130.6.254,38.102.0.109,78.8
158.130.6.254,38.102.0.109,78.8
158.130.6.254,38.102.0.109,78.8
158.130.6.254,38.102.0.109,78.8
158.130.6.254,38.102.0.109,78.8
158.130.6.254,38.102.0.109,78.7
158.130.6.254,38.102.0.109,78.8
158.130.6.254,38.102.0.109,78.8
158.130.6.254,38.102.0.109,78.8
158.130.6.254,38.102.0.109,78.9
158.130.6.254,38.102.0.109,78.8
158.130.6.254,38.102.0.109,78.8
158.130.6.254,38.102.0.109,78.8
158.130.6.254,38.102.0.109,78.8
158.130.6.254,38.102.0.109,78.8
158.130.6.254,38.102.0.109,78.8
158.130.6.254,38.102.0.109,78.8
158.130.6.254,38.102.0.109,78.8
158.130.6.254,38.102.0.109,78.9
158.130.6.254,38.102.0.109,78.8
158.130.6.254,38.102.0.109,78.8
158.130.6.254,38.102.0.109,78.8
158.130.6.254,38.102.0.109,78.8
158.130.6.254,38.102.0.109,78.8
158.130.6.254,38.102.0.109,78.8
158.130.6.254,38.102.0.109,78.8
158.130.6.254,38.102.0.109,78.9
158.130.6.254,38.102.0.109,78.8
158.130.6.254,38.102.0.109,78.8
158.130.6.254,38.102.0.109,78.8
158.130.6.254,38.102.0.109,78.8
158.130.6.254,38.102.0.109,78.8
158.130.6.254,38.102.0.109,78.6
158.130.6.254,38.102.0.109,78.8
158.130.6.254,38.102.0.109,78.8
158.130.6.254,38.102.0.109,78.8
158.130.6.254,38.102.0.109,78.8
158.130.6.254,38.102.0.109,78.8
158.130.6.254,38.102.0.109,78.8
158.130.6.254,38.102.0.109,78.8
158.130.6.254,38.102.0.109,78.8
158.130.6.254,38.102.0.109,78.8
158.130.6.254,38.102.0.109,78.8
158.130.6.254,38.102.0.109,78.8
158.130.6.254,38.102.0.109,78.8
158.130.6.254,38.102.0.109,78.8
158.130.6.254,38.102.0.109,79.2
158.130.6.254,38.102.0.109,78.8
158.130.6.254,38.102.0.109,78.8
158.130.6.254,38.102.0.109,78.8
158.130.6.254,38.102.0.109,78.8
158.130.6.254,38.102.0.109,78.8
158.130.6.254,38.102.0.109,78.8
158.130.6.254,38.102.0.109,78.8
158.130.6.254,38.102.0.109,78.8
158.130.6.254,38.102.0.109,78.8
158.130.6.254,38.102.0.109,78.8
158.130.6.254,38.102.0.109,78.8
158.130.6.254,38.102.0.109,78.9
158.130.6.254,38.102.0.109,78.8
158.130.6.254,38.102.0.109,78.8
158.130.6.254,38.102.0.109,78.8
158.130.6.254,38.102.0.109,78.8
158.130.6.254,38.102.0.109,78.8
158.130.6.254,38.102.0.109,78.9
158.130.6.254,38.102.0.109,78.8
158.130.6.254,38.102.0.109,78.8
158.130.6.254,38.102.0.109,78.8
158.130.6.254,38.102.0.109,78.8
158.130.6.254,38.102.0.109,78.8
158.130.6.254,38.102.0.109,78.8
158.130.6.254,38.102.0.109,78.8
158.130.6.254,38.102.0.109,78.8
158.130.6.254,38.102.0.109,78.7
158.130.6.254,38.102.0.109,78.8
158.130.6.254,38.102.0.109,78.8
158.130.6.254,38.102.0.109,78.8
158.130.6.254,38.102.0.109,78.8
158.130.6.254,38.102.0.109,78.9
158.130.6.254,38.102.0.109,78.8
158.130.6.254,38.102.0.109,78.8
158.130.6.254,38.102.0.109,78.8
158.130.6.254,38.102.0.109,78.8
158.130.6.254,38.102.0.109,78.8
158.130.6.254,38.102.0.109,78.9
158.130.6.254,38.102.0.109,78.8
158.130.6.254,38.102.0.109,78.8
158.130.6.254,38.102.0.109,78.8
158.130.6.254,38.102.0.109,78.8
158.130.6.254,38.102.0.109,78.8
158.130.6.254,38.102.0.109,78.8
158.130.6.254,38.102.0.109,78.9
158.130.6.254,38.102.0.109,78.8
158.130.6.254,38.102.0.109,78.9
158.130.6.254,38.102.0.109,78.8
158.130.6.254,38.102.0.109,78.8
158.130.6.254,38.102.0.109,78.8
158.130.6.254,38.102.0.109,78.8
158.130.6.254,38.102.0.109,78.8
158.130.6.254,38.102.0.109,78.8
158.130.6.254,38.102.0.109,78.8
158.130.6.254,38.102.0.109,78.8
158.130.6.254,38.102.0.109,78.8
158.130.6.254,38.102.0.109,78.8
158.130.6.254,38.102.0.109,78.8
158.130.6.254,38.102.0.109,78.8
158.130.6.254,38.102.0.109,78.8
158.130.6.254,38.102.0.109,78.8
158.130.6.254,38.102.0.109,78.8
158.130.6.254,38.102.0.109,78.8
158.130.6.254,38.102.0.109,78.8
158.130.6.254,38.102.0.109,78.8
158.130.6.254,38.102.0.109,78.8
158.130.6.254,38.102.0.109,78.8
158.130.6.254,38.102.0.109,78.8
158.130.6.254,38.102.0.109,78.8
158.130.6.254,38.102.0.109,78.8
158.130.6.254,38.102.0.109,78.9
158.130.6.254,38.102.0.109,78.8
158.130.6.254,38.102.0.109,78.8
158.130.6.254,38.102.0.109,78.8
158.130.6.254,38.102.0.109,78.8
158.130.6.254,38.102.0.109,78.8
158.130.6.254,38.102.0.109,78.8
158.130.6.254,38.102.0.109,78.8
158.130.6.254,38.102.0.109,78.8
158.130.6.254,38.102.0.109,78.8
158.130.6.254,38.102.0.109,78.8
158.130.6.254,38.102.0.109,78.8
158.130.6.254,38.102.0.109,78.8
158.130.6.254,38.102.0.109,78.8
158.130.6.254,38.102.0.109,78.8
158.130.6.254,38.102.0.109,78.8
158.130.6.254,38.102.0.109,78.8
158.130.6.254,38.102.0.109,78.8
158.130.6.254,38.102.0.109,78.8
158.130.6.254,38.102.0.109,78.8
158.130.6.254,38.102.0.109,78.8
158.130.6.254,38.102.0.109,78.8
158.130.6.254,38.102.0.109,78.8
158.130.6.254,38.102.0.109,78.8
158.130.6.254,38.102.0.109,78.8
158.130.6.254,38.102.0.109,78.8
158.130.6.254,38.102.0.109,78.8
158.130.6.254,38.102.0.109,78.8
158.130.6.254,38.102.0.109,78.8
158.130.6.254,38.102.0.109,78.8
158.130.6.254,38.102.0.109,78.8
158.130.6.254,38.102.0.109,78.8
158.130.6.254,38.102.0.109,78.8
158.130.6.254,38.102.0.109,78.8
158.130.6.254,38.102.0.109,79.1
158.130.6.254,38.102.0.109,78.8
158.130.6.254,38.102.0.109,78.8
158.130.6.254,38.102.0.109,78.8
158.130.6.254,38.102.0.109,78.8
158.130.6.254,38.102.0.109,78.8
158.130.6.254,38.102.0.109,78.8
158.130.6.254,38.102.0.109,78.8
158.130.6.254,38.102.0.109,78.8
158.130.6.254,38.102.0.109,78.8
158.130.6.254,38.102.0.109,78.8
158.130.6.254,38.102.0.109,78.8
158.130.6.254,38.102.0.109,78.8
158.130.6.254,38.102.0.109,78.8
158.130.6.254,38.102.0.109,78.8
158.130.6.254,38.102.0.109,78.8
158.130.6.254,38.102.0.109,78.8
158.130.6.254,38.102.0.109,78.8
158.130.6.254,38.102.0.109,78.8
158.130.6.254,38.102.0.109,78.8
158.130.6.254,38.102.0.109,78.8
158.130.6.254,38.102.0.109,78.8
158.130.6.254,38.102.0.109,78.8
158.130.6.254,38.102.0.109,78.8
158.130.6.254,38.102.0.109,78.8
158.130.6.254,38.102.0.109,78.8
158.130.6.254,38.102.0.109,78.8
158.130.6.254,38.102.0.109,78.8
158.130.6.254,38.102.0.109,78.8
158.130.6.254,38.102.0.109,78.9
158.130.6.254,38.102.0.109,78.8
158.130.6.254,38.102.0.109,78.8
158.130.6.254,38.102.0.109,78.9
158.130.6.254,38.102.0.109,78.8
158.130.6.254,38.102.0.109,78.8
158.130.6.254,38.102.0.109,78.8
158.130.6.254,38.102.0.109,78.8
158.130.6.254,38.102.0.109,78.8
158.130.6.254,38.102.0.109,78.8
158.130.6.254,38.102.0.109,78.8
158.130.6.254,38.102.0.109,78.8
158.130.6.254,38.102.0.109,78.8
158.130.6.254,38.102.0.109,78.8
158.130.6.254,38.102.0.109,78.8
158.130.6.254,38.102.0.109,78.8
158.130.6.254,38.102.0.109,78.8
158.130.6.254,38.102.0.109,78.8
158.130.6.254,38.102.0.109,78.8
158.130.6.254,38.102.0.109,78.8
158.130.6.254,38.102.0.109,78.8
158.130.6.254,38.102.0.109,78.8
158.130.6.254,38.102.0.109,78.8
158.130.6.254,38.102.0.109,78.8
158.130.6.254,38.102.0.109,78.8
158.130.6.254,38.102.0.109,78.8
158.130.6.254,38.102.0.109,78.8
158.130.6.254,38.102.0.109,78.8
158.130.6.254,38.102.0.109,78.8
158.130.6.254,38.102.0.109,78.8
158.130.6.254,38.102.0.109,78.8
158.130.6.254,38.102.0.109,78.8
158.130.6.254,38.102.0.109,78.8
158.130.6.254,38.102.0.109,78.8
158.130.6.254,38.102.0.109,78.8
158.130.6.254,38.102.0.109,78.8
158.130.6.254,38.102.0.109,78.8
158.130.6.254,38.102.0.109,78.8
158.130.6.254,38.102.0.109,78.8
158.130.6.254,38.102.0.109,78.8
158.130.6.254,38.102.0.109,78.8
158.130.6.254,38.102.0.109,78.7
158.130.6.254,38.102.0.109,78.8
158.130.6.254,38.102.0.109,78.8
158.130.6.254,38.102.0.109,78.8
158.130.6.254,38.102.0.109,78.8
158.130.6.254,38.102.0.109,78.8
158.130.6.254,38.102.0.109,78.8
158.130.6.254,38.102.0.109,78.8
158.130.6.254,38.102.0.109,78.9
158.130.6.254,38.102.0.109,78.8
158.130.6.254,38.102.0.109,78.8
158.130.6.254,38.102.0.109,78.8
158.130.6.254,38.102.0.109,78.8
158.130.6.254,38.102.0.109,78.8
158.130.6.254,38.102.0.109,78.8
158.130.6.254,38.102.0.109,78.8
158.130.6.254,38.102.0.109,78.8
158.130.6.254,38.102.0.109,78.8
158.130.6.254,38.102.0.109,78.8
158.130.6.254,38.102.0.109,78.8
158.130.6.254,38.102.0.109,78.8
158.130.6.254,38.102.0.109,78.8
158.130.6.254,38.102.0.109,78.8
158.130.6.254,38.102.0.109,80.3
158.130.6.254,38.102.0.109,78.8
158.130.6.254,38.102.0.109,78.8
158.130.6.254,38.102.0.109,78.8
158.130.6.254,38.102.0.109,78.8
158.130.6.254,38.102.0.109,78.8
158.130.6.254,38.102.0.109,78.8
158.130.6.254,38.102.0.109,78.7
158.130.6.254,38.102.0.109,78.8
158.130.6.254,38.102.0.109,78.8
158.130.6.254,38.102.0.109,78.8
158.130.6.254,38.102.0.109,78.8
158.130.6.254,38.102.0.109,78.8
158.130.6.254,38.102.0.109,78.8
158.130.6.254,38.102.0.109,78.8
158.130.6.254,38.102.0.109,78.8
158.130.6.254,38.102.0.109,78.8
158.130.6.254,38.102.0.109,78.8
158.130.6.254,38.102.0.109,78.8
158.130.6.254,38.102.0.109,78.8
158.130.6.254,38.102.0.109,78.8
158.130.6.254,38.102.0.109,78.8
158.130.6.254,38.102.0.109,78.8
158.130.6.254,38.102.0.109,78.8
158.130.6.254,38.102.0.109,78.8
158.130.6.254,38.102.0.109,78.8
158.130.6.254,38.102.0.109,78.8
158.130.6.254,38.102.0.109,78.8
158.130.6.254,38.102.0.109,78.8
158.130.6.254,38.102.0.109,78.8
158.130.6.254,38.102.0.109,78.8
158.130.6.254,38.102.0.109,78.8
158.130.6.254,38.102.0.109,78.8
158.130.6.254,38.102.0.109,78.8
158.130.6.254,38.102.0.109,78.8
158.130.6.254,38.102.0.109,78.8
158.130.6.254,38.102.0.109,78.8
158.130.6.254,38.102.0.109,78.8
158.130.6.254,38.102.0.109,78.8
158.130.6.254,38.102.0.109,78.8
158.130.6.254,38.102.0.109,78.8
158.130.6.254,38.102.0.109,78.8
158.130.6.254,38.102.0.109,78.8
158.130.6.254,38.102.0.109,78.8
158.130.6.254,38.102.0.109,79.0
158.130.6.254,38.102.0.109,78.8
158.130.6.254,38.102.0.109,78.8
158.130.6.254,38.102.0.109,78.8
158.130.6.254,38.102.0.109,78.8
158.130.6.254,38.102.0.109,78.8
158.130.6.254,38.102.0.109,78.8
158.130.6.254,38.102.0.109,78.8
158.130.6.254,38.102.0.109,78.8
158.130.6.254,38.102.0.109,78.8
158.130.6.254,38.102.0.109,78.8
158.130.6.254,38.102.0.109,78.8
158.130.6.254,38.102.0.109,78.8
158.130.6.254,38.102.0.109,78.9
158.130.6.254,38.102.0.109,78.9
158.130.6.254,38.102.0.109,78.8
158.130.6.254,38.102.0.109,78.8
158.130.6.254,38.102.0.109,78.8
158.130.6.254,38.102.0.109,78.8
158.130.6.254,38.102.0.109,78.8
158.130.6.254,38.102.0.109,78.8
158.130.6.254,38.102.0.109,78.8
158.130.6.254,38.102.0.109,78.8
158.130.6.254,38.102.0.109,78.8
158.130.6.254,38.102.0.109,78.9
158.130.6.254,38.102.0.109,78.8
158.130.6.254,38.102.0.109,78.8
158.130.6.254,38.102.0.109,78.8
158.130.6.254,38.102.0.109,78.8
158.130.6.254,38.102.0.109,78.8
158.130.6.254,38.102.0.109,78.8
158.130.6.254,38.102.0.109,78.8
158.130.6.254,38.102.0.109,78.8
158.130.6.254,38.102.0.109,78.8
158.130.6.254,38.102.0.109,78.8
158.130.6.254,38.102.0.109,78.8
158.130.6.254,38.102.0.109,78.8
158.130.6.254,38.102.0.109,78.8
158.130.6.254,38.102.0.109,78.8
158.130.6.254,38.102.0.109,78.8
158.130.6.254,38.102.0.109,78.8
158.130.6.254,38.102.0.109,78.8
158.130.6.254,38.102.0.109,78.8
158.130.6.254,38.102.0.109,78.8
158.130.6.254,38.102.0.109,78.8
158.130.6.254,38.102.0.109,78.8
158.130.6.254,38.102.0.109,78.8
158.130.6.254,38.102.0.109,78.8
158.130.6.254,38.102.0.109,78.8
158.130.6.254,38.102.0.109,79.3
158.130.6.254,38.102.0.109,78.8
158.130.6.254,38.102.0.109,78.8
158.130.6.254,38.102.0.109,78.8
158.130.6.254,38.102.0.109,78.8
158.130.6.254,38.102.0.109,78.8
158.130.6.254,38.102.0.109,79.0
158.130.6.254,38.102.0.109,78.8
158.130.6.254,38.102.0.109,78.8
158.130.6.254,38.102.0.109,78.8
158.130.6.254,38.102.0.109,78.8
158.130.6.254,38.102.0.109,78.8
158.130.6.254,38.102.0.109,78.8
158.130.6.254,38.102.0.109,78.8
158.130.6.254,38.102.0.109,78.8
158.130.6.254,38.102.0.109,78.8
158.130.6.254,38.102.0.109,78.9
158.130.6.254,38.102.0.109,78.8
158.130.6.254,38.102.0.109,78.8
158.130.6.254,38.102.0.109,78.8
158.130.6.254,38.102.0.109,79.0
158.130.6.254,38.102.0.109,78.8
158.130.6.254,38.102.0.109,78.8
158.130.6.254,38.102.0.109,78.9
158.130.6.254,38.102.0.109,78.8
158.130.6.254,38.102.0.109,78.8
158.130.6.254,38.102.0.109,78.8
158.130.6.254,38.102.0.109,78.8
158.130.6.254,38.102.0.109,78.7
158.130.6.254,38.102.0.109,78.8
158.130.6.254,38.102.0.109,78.8
158.130.6.254,38.102.0.109,78.8
158.130.6.254,38.102.0.109,78.8
158.130.6.254,38.102.0.109,78.8
158.130.6.254,38.102.0.109,78.8
158.130.6.254,38.102.0.109,78.8
158.130.6.254,38.102.0.109,78.8
158.130.6.254,38.102.0.109,78.8
158.130.6.254,38.102.0.109,78.8
158.130.6.254,38.102.0.109,78.8
158.130.6.254,38.102.0.109,78.8
158.130.6.254,38.102.0.109,78.8
158.130.6.254,38.102.0.109,78.8
158.130.6.254,38.102.0.109,78.8
158.130.6.254,38.102.0.109,78.8
158.130.6.254,38.102.0.109,78.8
158.130.6.254,38.102.0.109,78.8
158.130.6.254,38.102.0.109,78.8
158.130.6.254,38.102.0.109,78.8
158.130.6.254,38.102.0.109,78.6
158.130.6.254,38.102.0.109,78.8
158.130.6.254,38.102.0.109,78.8
158.130.6.254,38.102.0.109,78.8
158.130.6.254,38.102.0.109,78.8
158.130.6.254,38.102.0.109,78.8
158.130.6.254,38.102.0.109,78.8
158.130.6.254,38.102.0.109,78.8
158.130.6.254,38.102.0.109,78.8
158.130.6.254,38.102.0.109,78.8
158.130.6.254,38.102.0.109,78.8
158.130.6.254,38.102.0.109,78.8
158.130.6.254,38.102.0.109,78.8
158.130.6.254,38.102.0.109,78.8
158.130.6.254,38.102.0.109,78.8
158.130.6.254,38.102.0.109,78.8
158.130.6.254,38.102.0.109,78.8
158.130.6.254,38.102.0.109,78.8
158.130.6.254,38.102.0.109,78.9
158.130.6.254,38.102.0.109,78.8
158.130.6.254,38.102.0.109,78.9
158.130.6.254,38.102.0.109,78.8
158.130.6.254,38.102.0.109,78.8
158.130.6.254,38.102.0.109,78.8
158.130.6.254,38.102.0.109,78.8
158.130.6.254,38.102.0.109,78.8
158.130.6.254,38.102.0.109,78.9
158.130.6.254,38.102.0.109,78.8
158.130.6.254,38.102.0.109,78.8
158.130.6.254,38.102.0.109,78.8
158.130.6.254,38.102.0.109,78.8
158.130.6.254,38.102.0.109,78.8
158.130.6.254,38.102.0.109,78.8
158.130.6.254,38.102.0.109,78.8
158.130.6.254,38.102.0.109,78.8
158.130.6.254,38.102.0.109,78.9
158.130.6.254,38.102.0.109,78.8
158.130.6.254,38.102.0.109,78.8
158.130.6.254,38.102.0.109,78.8
158.130.6.254,38.102.0.109,78.8
158.130.6.254,38.102.0.109,78.8
158.130.6.254,38.102.0.109,78.8
158.130.6.254,38.102.0.109,78.8
158.130.6.254,38.102.0.109,78.8
158.130.6.254,38.102.0.109,78.8
158.130.6.254,38.102.0.109,78.8
158.130.6.254,38.102.0.109,78.8
158.130.6.254,38.102.0.109,78.8
158.130.6.254,38.102.0.109,78.8
158.130.6.254,38.102.0.109,78.8
158.130.6.254,38.102.0.109,78.9
158.130.6.254,38.102.0.109,78.8
158.130.6.254,38.102.0.109,78.8
158.130.6.254,38.102.0.109,78.8
158.130.6.254,38.102.0.109,78.8
158.130.6.254,38.102.0.109,78.8
158.130.6.254,38.102.0.109,78.8
158.130.6.254,38.102.0.109,78.8
158.130.6.254,38.102.0.109,78.8
158.130.6.254,38.102.0.109,78.8
158.130.6.254,38.102.0.109,78.8
158.130.6.254,38.102.0.109,78.8
158.130.6.254,38.102.0.109,78.8
158.130.6.254,38.102.0.109,78.8
158.130.6.254,38.102.0.109,78.8
158.130.6.254,38.102.0.109,78.8
158.130.6.254,38.102.0.109,78.8
158.130.6.254,38.102.0.109,78.8
158.130.6.254,38.102.0.109,78.8
158.130.6.254,38.102.0.109,78.8
158.130.6.254,38.102.0.109,78.8
158.130.6.254,38.102.0.109,78.8
158.130.6.254,38.102.0.109,78.8
158.130.6.254,38.102.0.109,78.8
158.130.6.254,38.102.0.109,78.8
158.130.6.254,38.102.0.109,79.0
158.130.6.254,38.102.0.109,78.8
158.130.6.254,38.102.0.109,78.8
158.130.6.254,38.102.0.109,78.8
158.130.6.254,38.102.0.109,78.8
158.130.6.254,38.102.0.109,78.8
158.130.6.254,38.102.0.109,78.8
158.130.6.254,38.102.0.109,78.8
158.130.6.254,38.102.0.109,78.8
158.130.6.254,38.102.0.109,78.8
158.130.6.254,38.102.0.109,78.8
158.130.6.254,38.102.0.109,78.8
158.130.6.254,38.102.0.109,78.9
158.130.6.254,38.102.0.109,78.9
158.130.6.254,38.102.0.109,78.8
158.130.6.254,38.102.0.109,78.9
158.130.6.254,38.102.0.109,78.6
158.130.6.254,38.102.0.109,78.8
158.130.6.254,38.102.0.109,78.8
158.130.6.254,38.102.0.109,78.8
158.130.6.254,38.102.0.109,78.8
158.130.6.254,38.102.0.109,78.8
158.130.6.254,38.102.0.109,78.8
158.130.6.254,38.102.0.109,78.8
158.130.6.254,38.102.0.109,78.8
158.130.6.254,38.102.0.109,78.8
158.130.6.254,38.102.0.109,78.8
