192.12.33.100,216.156.197.165,77.6
192.12.33.100,216.156.197.165,75.5
192.12.33.100,216.156.197.165,75.6
192.12.33.100,216.156.197.165,75.6
192.12.33.100,216.156.197.165,75.6
192.12.33.100,216.156.197.165,75.6
192.12.33.100,216.156.197.165,75.6
192.12.33.100,216.156.197.165,75.5
192.12.33.100,216.156.197.165,75.5
192.12.33.100,216.156.197.165,75.6
192.12.33.100,216.156.197.165,76.3
192.12.33.100,216.156.197.165,75.6
192.12.33.100,216.156.197.165,75.5
192.12.33.100,216.156.197.165,75.6
192.12.33.100,216.156.197.165,75.6
192.12.33.100,216.156.197.165,75.6
192.12.33.100,216.156.197.165,75.6
192.12.33.100,216.156.197.165,75.6
192.12.33.100,216.156.197.165,75.6
192.12.33.100,216.156.197.165,75.6
192.12.33.100,216.156.197.165,99.6
192.12.33.100,216.156.197.165,75.6
192.12.33.100,216.156.197.165,75.5
192.12.33.100,216.156.197.165,75.5
192.12.33.100,216.156.197.165,78.8
192.12.33.100,216.156.197.165,75.6
192.12.33.100,216.156.197.165,75.6
192.12.33.100,216.156.197.165,75.6
192.12.33.100,216.156.197.165,75.5
192.12.33.100,216.156.197.165,75.5
192.12.33.100,216.156.197.165,75.5
192.12.33.100,216.156.197.165,75.5
192.12.33.100,216.156.197.165,75.5
192.12.33.100,216.156.197.165,75.6
192.12.33.100,216.156.197.165,75.6
192.12.33.100,216.156.197.165,75.6
192.12.33.100,216.156.197.165,75.6
192.12.33.100,216.156.197.165,75.5
192.12.33.100,216.156.197.165,75.5
192.12.33.100,216.156.197.165,75.6
192.12.33.100,216.156.197.165,75.5
192.12.33.100,216.156.197.165,75.6
192.12.33.100,216.156.197.165,75.6
192.12.33.100,216.156.197.165,75.6
192.12.33.100,216.156.197.165,75.7
192.12.33.100,216.156.197.165,75.6
192.12.33.100,216.156.197.165,75.6
192.12.33.100,216.156.197.165,75.6
192.12.33.100,216.156.197.165,75.6
192.12.33.100,216.156.197.165,75.5
192.12.33.100,216.156.197.165,75.6
192.12.33.100,216.156.197.165,75.6
192.12.33.100,216.156.197.165,75.5
192.12.33.100,216.156.197.165,75.6
192.12.33.100,216.156.197.165,75.5
192.12.33.100,216.156.197.165,75.5
192.12.33.100,216.156.197.165,75.6
192.12.33.100,216.156.197.165,75.6
192.12.33.100,216.156.197.165,75.5
192.12.33.100,216.156.197.165,75.6
192.12.33.100,216.156.197.165,75.5
192.12.33.100,216.156.197.165,75.6
192.12.33.100,216.156.197.165,75.6
192.12.33.100,216.156.197.165,75.6
192.12.33.100,216.156.197.165,75.6
192.12.33.100,216.156.197.165,75.5
192.12.33.100,216.156.197.165,75.6
192.12.33.100,216.156.197.165,75.6
192.12.33.100,216.156.197.165,75.5
192.12.33.100,216.156.197.165,75.5
192.12.33.100,216.156.197.165,75.6
192.12.33.100,216.156.197.165,75.5
192.12.33.100,216.156.197.165,75.5
192.12.33.100,216.156.197.165,75.6
192.12.33.100,216.156.197.165,76.7
192.12.33.100,216.156.197.165,75.6
192.12.33.100,216.156.197.165,75.6
192.12.33.100,216.156.197.165,75.5
192.12.33.100,216.156.197.165,75.7
192.12.33.100,216.156.197.165,75.6
192.12.33.100,216.156.197.165,75.6
192.12.33.100,216.156.197.165,75.6
192.12.33.100,216.156.197.165,75.6
192.12.33.100,216.156.197.165,75.5
192.12.33.100,216.156.197.165,75.6
192.12.33.100,216.156.197.165,75.7
192.12.33.100,216.156.197.165,75.6
192.12.33.100,216.156.197.165,75.5
192.12.33.100,216.156.197.165,75.6
192.12.33.100,216.156.197.165,75.5
192.12.33.100,216.156.197.165,75.5
192.12.33.100,216.156.197.165,75.5
192.12.33.100,216.156.197.165,75.5
192.12.33.100,216.156.197.165,75.6
192.12.33.100,216.156.197.165,75.5
192.12.33.100,216.156.197.165,75.6
192.12.33.100,216.156.197.165,75.6
192.12.33.100,216.156.197.165,75.6
192.12.33.100,216.156.197.165,75.5
192.12.33.100,216.156.197.165,75.5
192.12.33.100,216.156.197.165,75.5
192.12.33.100,216.156.197.165,75.5
192.12.33.100,216.156.197.165,76.2
192.12.33.100,216.156.197.165,75.5
192.12.33.100,216.156.197.165,75.6
192.12.33.100,216.156.197.165,75.6
192.12.33.100,216.156.197.165,75.6
192.12.33.100,216.156.197.165,75.6
192.12.33.100,216.156.197.165,75.6
192.12.33.100,216.156.197.165,75.6
192.12.33.100,216.156.197.165,75.6
192.12.33.100,216.156.197.165,75.6
192.12.33.100,216.156.197.165,75.6
192.12.33.100,216.156.197.165,75.6
192.12.33.100,216.156.197.165,75.9
192.12.33.100,216.156.197.165,75.6
192.12.33.100,216.156.197.165,75.5
192.12.33.100,216.156.197.165,75.6
192.12.33.100,216.156.197.165,75.6
192.12.33.100,216.156.197.165,75.6
192.12.33.100,216.156.197.165,75.5
192.12.33.100,216.156.197.165,75.6
192.12.33.100,216.156.197.165,75.6
192.12.33.100,216.156.197.165,75.5
192.12.33.100,216.156.197.165,75.6
192.12.33.100,216.156.197.165,75.6
192.12.33.100,216.156.197.165,75.6
192.12.33.100,216.156.197.165,75.5
192.12.33.100,216.156.197.165,75.7
192.12.33.100,216.156.197.165,75.5
192.12.33.100,216.156.197.165,75.5
192.12.33.100,216.156.197.165,75.6
192.12.33.100,216.156.197.165,75.7
192.12.33.100,216.156.197.165,75.5
192.12.33.100,216.156.197.165,75.8
192.12.33.100,216.156.197.165,75.7
192.12.33.100,216.156.197.165,75.6
192.12.33.100,216.156.197.165,75.6
192.12.33.100,216.156.197.165,75.6
192.12.33.100,216.156.197.165,75.6
192.12.33.100,216.156.197.165,75.6
192.12.33.100,216.156.197.165,75.5
192.12.33.100,216.156.197.165,76.9
192.12.33.100,216.156.197.165,76.1
192.12.33.100,216.156.197.165,75.7
192.12.33.100,216.156.197.165,75.5
192.12.33.100,216.156.197.165,75.5
192.12.33.100,216.156.197.165,75.5
192.12.33.100,216.156.197.165,75.5
192.12.33.100,216.156.197.165,75.6
192.12.33.100,216.156.197.165,75.6
192.12.33.100,216.156.197.165,75.6
192.12.33.100,216.156.197.165,75.5
192.12.33.100,216.156.197.165,76.5
192.12.33.100,216.156.197.165,75.6
192.12.33.100,216.156.197.165,75.5
192.12.33.100,216.156.197.165,75.6
192.12.33.100,216.156.197.165,75.5
192.12.33.100,216.156.197.165,75.5
192.12.33.100,216.156.197.165,75.5
192.12.33.100,216.156.197.165,75.5
192.12.33.100,216.156.197.165,75.6
192.12.33.100,216.156.197.165,75.6
192.12.33.100,216.156.197.165,75.6
192.12.33.100,216.156.197.165,75.5
192.12.33.100,216.156.197.165,75.6
192.12.33.100,216.156.197.165,75.6
192.12.33.100,216.156.197.165,75.6
192.12.33.100,216.156.197.165,75.5
192.12.33.100,216.156.197.165,75.6
192.12.33.100,216.156.197.165,75.6
192.12.33.100,216.156.197.165,75.6
192.12.33.100,216.156.197.165,75.5
192.12.33.100,216.156.197.165,75.5
192.12.33.100,216.156.197.165,75.5
192.12.33.100,216.156.197.165,75.6
192.12.33.100,216.156.197.165,75.5
192.12.33.100,216.156.197.165,92.6
192.12.33.100,216.156.197.165,75.6
192.12.33.100,216.156.197.165,75.5
192.12.33.100,216.156.197.165,75.5
192.12.33.100,216.156.197.165,75.5
192.12.33.100,216.156.197.165,75.6
192.12.33.100,216.156.197.165,75.5
192.12.33.100,216.156.197.165,75.6
192.12.33.100,216.156.197.165,76.2
192.12.33.100,216.156.197.165,75.6
192.12.33.100,216.156.197.165,75.6
192.12.33.100,216.156.197.165,75.6
192.12.33.100,216.156.197.165,75.6
192.12.33.100,216.156.197.165,75.6
192.12.33.100,216.156.197.165,75.6
192.12.33.100,216.156.197.165,75.5
192.12.33.100,216.156.197.165,75.5
192.12.33.100,216.156.197.165,75.9
192.12.33.100,216.156.197.165,75.6
192.12.33.100,216.156.197.165,75.6
192.12.33.100,216.156.197.165,76.5
192.12.33.100,216.156.197.165,75.6
192.12.33.100,216.156.197.165,75.6
192.12.33.100,216.156.197.165,75.6
192.12.33.100,216.156.197.165,75.5
192.12.33.100,216.156.197.165,75.6
192.12.33.100,216.156.197.165,75.6
192.12.33.100,216.156.197.165,75.6
192.12.33.100,216.156.197.165,75.6
192.12.33.100,216.156.197.165,75.6
192.12.33.100,216.156.197.165,75.6
192.12.33.100,216.156.197.165,75.5
192.12.33.100,216.156.197.165,75.6
192.12.33.100,216.156.197.165,75.5
192.12.33.100,216.156.197.165,75.5
192.12.33.100,216.156.197.165,75.6
192.12.33.100,216.156.197.165,75.6
192.12.33.100,216.156.197.165,75.7
192.12.33.100,216.156.197.165,75.6
192.12.33.100,216.156.197.165,75.9
192.12.33.100,216.156.197.165,75.6
192.12.33.100,216.156.197.165,75.5
192.12.33.100,216.156.197.165,75.5
192.12.33.100,216.156.197.165,75.5
192.12.33.100,216.156.197.165,75.6
192.12.33.100,216.156.197.165,75.5
192.12.33.100,216.156.197.165,75.6
192.12.33.100,216.156.197.165,75.5
192.12.33.100,216.156.197.165,75.6
192.12.33.100,216.156.197.165,75.5
192.12.33.100,216.156.197.165,75.7
192.12.33.100,216.156.197.165,75.6
192.12.33.100,216.156.197.165,75.5
192.12.33.100,216.156.197.165,75.5
192.12.33.100,216.156.197.165,75.5
192.12.33.100,216.156.197.165,75.5
192.12.33.100,216.156.197.165,75.6
192.12.33.100,216.156.197.165,75.6
192.12.33.100,216.156.197.165,75.6
192.12.33.100,216.156.197.165,75.6
192.12.33.100,216.156.197.165,75.6
192.12.33.100,216.156.197.165,75.6
192.12.33.100,216.156.197.165,75.5
192.12.33.100,216.156.197.165,75.7
192.12.33.100,216.156.197.165,75.6
192.12.33.100,216.156.197.165,75.5
192.12.33.100,216.156.197.165,78.6
192.12.33.100,216.156.197.165,75.5
192.12.33.100,216.156.197.165,75.5
192.12.33.100,216.156.197.165,75.5
192.12.33.100,216.156.197.165,75.6
192.12.33.100,216.156.197.165,75.5
192.12.33.100,216.156.197.165,75.5
192.12.33.100,216.156.197.165,75.5
192.12.33.100,216.156.197.165,75.5
192.12.33.100,216.156.197.165,75.6
192.12.33.100,216.156.197.165,75.6
192.12.33.100,216.156.197.165,75.6
192.12.33.100,216.156.197.165,75.6
192.12.33.100,216.156.197.165,75.5
192.12.33.100,216.156.197.165,75.9
192.12.33.100,216.156.197.165,76.2
192.12.33.100,216.156.197.165,75.5
192.12.33.100,216.156.197.165,75.5
192.12.33.100,216.156.197.165,77.1
192.12.33.100,216.156.197.165,76.0
192.12.33.100,216.156.197.165,75.6
192.12.33.100,216.156.197.165,75.5
192.12.33.100,216.156.197.165,75.6
192.12.33.100,216.156.197.165,75.8
192.12.33.100,216.156.197.165,75.6
192.12.33.100,216.156.197.165,77.8
192.12.33.100,216.156.197.165,75.5
192.12.33.100,216.156.197.165,75.5
192.12.33.100,216.156.197.165,75.6
192.12.33.100,216.156.197.165,75.6
192.12.33.100,216.156.197.165,75.5
192.12.33.100,216.156.197.165,75.5
192.12.33.100,216.156.197.165,75.5
192.12.33.100,216.156.197.165,76.4
192.12.33.100,216.156.197.165,75.6
192.12.33.100,216.156.197.165,75.6
192.12.33.100,216.156.197.165,75.5
192.12.33.100,216.156.197.165,75.5
192.12.33.100,216.156.197.165,75.5
192.12.33.100,216.156.197.165,75.5
192.12.33.100,216.156.197.165,75.5
192.12.33.100,216.156.197.165,75.7
192.12.33.100,216.156.197.165,75.5
192.12.33.100,216.156.197.165,75.6
192.12.33.100,216.156.197.165,75.6
192.12.33.100,216.156.197.165,75.5
192.12.33.100,216.156.197.165,75.5
192.12.33.100,216.156.197.165,75.5
192.12.33.100,216.156.197.165,75.6
192.12.33.100,216.156.197.165,75.6
192.12.33.100,216.156.197.165,76.6
192.12.33.100,216.156.197.165,75.6
192.12.33.100,216.156.197.165,77.6
192.12.33.100,216.156.197.165,75.6
192.12.33.100,216.156.197.165,75.6
192.12.33.100,216.156.197.165,75.5
192.12.33.100,216.156.197.165,75.7
192.12.33.100,216.156.197.165,75.6
192.12.33.100,216.156.197.165,75.6
192.12.33.100,216.156.197.165,75.5
192.12.33.100,216.156.197.165,75.6
192.12.33.100,216.156.197.165,75.6
192.12.33.100,216.156.197.165,75.6
192.12.33.100,216.156.197.165,75.5
192.12.33.100,216.156.197.165,75.5
192.12.33.100,216.156.197.165,75.5
192.12.33.100,216.156.197.165,75.6
192.12.33.100,216.156.197.165,75.6
192.12.33.100,216.156.197.165,75.5
192.12.33.100,216.156.197.165,75.5
192.12.33.100,216.156.197.165,85.2
192.12.33.100,216.156.197.165,75.6
192.12.33.100,216.156.197.165,75.6
192.12.33.100,216.156.197.165,75.5
192.12.33.100,216.156.197.165,75.5
192.12.33.100,216.156.197.165,75.6
192.12.33.100,216.156.197.165,75.6
192.12.33.100,216.156.197.165,75.6
192.12.33.100,216.156.197.165,75.6
192.12.33.100,216.156.197.165,75.5
192.12.33.100,216.156.197.165,75.7
192.12.33.100,216.156.197.165,75.5
192.12.33.100,216.156.197.165,75.5
192.12.33.100,216.156.197.165,75.5
192.12.33.100,216.156.197.165,75.6
192.12.33.100,216.156.197.165,75.6
192.12.33.100,216.156.197.165,75.6
192.12.33.100,216.156.197.165,75.6
192.12.33.100,216.156.197.165,75.6
192.12.33.100,216.156.197.165,75.6
192.12.33.100,216.156.197.165,75.6
192.12.33.100,216.156.197.165,75.6
192.12.33.100,216.156.197.165,75.6
192.12.33.100,216.156.197.165,75.5
192.12.33.100,216.156.197.165,75.5
192.12.33.100,216.156.197.165,75.6
192.12.33.100,216.156.197.165,75.6
192.12.33.100,216.156.197.165,75.6
192.12.33.100,216.156.197.165,75.6
192.12.33.100,216.156.197.165,76.3
192.12.33.100,216.156.197.165,75.6
192.12.33.100,216.156.197.165,75.5
192.12.33.100,216.156.197.165,75.6
192.12.33.100,216.156.197.165,75.5
192.12.33.100,216.156.197.165,76.2
192.12.33.100,216.156.197.165,75.6
192.12.33.100,216.156.197.165,75.5
192.12.33.100,216.156.197.165,75.5
192.12.33.100,216.156.197.165,75.5
192.12.33.100,216.156.197.165,76.0
192.12.33.100,216.156.197.165,75.6
192.12.33.100,216.156.197.165,75.6
192.12.33.100,216.156.197.165,75.8
192.12.33.100,216.156.197.165,76.0
192.12.33.100,216.156.197.165,75.6
192.12.33.100,216.156.197.165,75.8
192.12.33.100,216.156.197.165,75.5
192.12.33.100,216.156.197.165,75.5
192.12.33.100,216.156.197.165,75.7
192.12.33.100,216.156.197.165,75.5
192.12.33.100,216.156.197.165,75.5
192.12.33.100,216.156.197.165,75.5
192.12.33.100,216.156.197.165,75.5
192.12.33.100,216.156.197.165,75.6
192.12.33.100,216.156.197.165,75.6
192.12.33.100,216.156.197.165,75.5
192.12.33.100,216.156.197.165,75.5
192.12.33.100,216.156.197.165,75.6
192.12.33.100,216.156.197.165,75.6
192.12.33.100,216.156.197.165,75.6
192.12.33.100,216.156.197.165,75.5
192.12.33.100,216.156.197.165,75.6
192.12.33.100,216.156.197.165,75.5
192.12.33.100,216.156.197.165,75.6
192.12.33.100,216.156.197.165,75.6
192.12.33.100,216.156.197.165,75.5
192.12.33.100,216.156.197.165,75.5
192.12.33.100,216.156.197.165,75.6
192.12.33.100,216.156.197.165,75.6
192.12.33.100,216.156.197.165,75.5
192.12.33.100,216.156.197.165,76.2
192.12.33.100,216.156.197.165,76.5
192.12.33.100,216.156.197.165,75.7
192.12.33.100,216.156.197.165,75.5
192.12.33.100,216.156.197.165,75.5
192.12.33.100,216.156.197.165,75.6
192.12.33.100,216.156.197.165,75.6
192.12.33.100,216.156.197.165,75.5
192.12.33.100,216.156.197.165,75.6
192.12.33.100,216.156.197.165,75.5
192.12.33.100,216.156.197.165,75.5
192.12.33.100,216.156.197.165,75.6
192.12.33.100,216.156.197.165,76.5
192.12.33.100,216.156.197.165,75.6
192.12.33.100,216.156.197.165,75.6
192.12.33.100,216.156.197.165,75.6
192.12.33.100,216.156.197.165,75.6
192.12.33.100,216.156.197.165,75.6
192.12.33.100,216.156.197.165,75.5
192.12.33.100,216.156.197.165,75.6
192.12.33.100,216.156.197.165,75.5
192.12.33.100,216.156.197.165,75.6
192.12.33.100,216.156.197.165,75.5
192.12.33.100,216.156.197.165,75.9
192.12.33.100,216.156.197.165,75.6
192.12.33.100,216.156.197.165,75.7
192.12.33.100,216.156.197.165,76.1
192.12.33.100,216.156.197.165,75.6
192.12.33.100,216.156.197.165,75.5
192.12.33.100,216.156.197.165,75.6
192.12.33.100,216.156.197.165,77.0
192.12.33.100,216.156.197.165,75.7
192.12.33.100,216.156.197.165,75.6
192.12.33.100,216.156.197.165,75.5
192.12.33.100,216.156.197.165,75.5
192.12.33.100,216.156.197.165,75.5
192.12.33.100,216.156.197.165,76.0
192.12.33.100,216.156.197.165,75.8
192.12.33.100,216.156.197.165,75.6
192.12.33.100,216.156.197.165,75.6
192.12.33.100,216.156.197.165,75.8
192.12.33.100,216.156.197.165,75.6
192.12.33.100,216.156.197.165,75.5
192.12.33.100,216.156.197.165,75.7
192.12.33.100,216.156.197.165,75.6
192.12.33.100,216.156.197.165,77.5
192.12.33.100,216.156.197.165,75.6
192.12.33.100,216.156.197.165,75.6
192.12.33.100,216.156.197.165,75.6
192.12.33.100,216.156.197.165,75.5
192.12.33.100,216.156.197.165,75.8
192.12.33.100,216.156.197.165,75.8
192.12.33.100,216.156.197.165,75.6
192.12.33.100,216.156.197.165,75.6
192.12.33.100,216.156.197.165,75.6
192.12.33.100,216.156.197.165,75.6
192.12.33.100,216.156.197.165,75.6
192.12.33.100,216.156.197.165,75.6
192.12.33.100,216.156.197.165,75.5
192.12.33.100,216.156.197.165,75.5
192.12.33.100,216.156.197.165,75.5
192.12.33.100,216.156.197.165,75.5
192.12.33.100,216.156.197.165,76.0
192.12.33.100,216.156.197.165,75.6
192.12.33.100,216.156.197.165,75.8
192.12.33.100,216.156.197.165,75.6
192.12.33.100,216.156.197.165,75.5
192.12.33.100,216.156.197.165,75.5
192.12.33.100,216.156.197.165,75.5
192.12.33.100,216.156.197.165,75.6
192.12.33.100,216.156.197.165,75.8
192.12.33.100,216.156.197.165,75.6
192.12.33.100,216.156.197.165,75.5
192.12.33.100,216.156.197.165,75.5
192.12.33.100,216.156.197.165,75.5
192.12.33.100,216.156.197.165,75.6
192.12.33.100,216.156.197.165,75.6
192.12.33.100,216.156.197.165,75.6
192.12.33.100,216.156.197.165,75.6
192.12.33.100,216.156.197.165,75.5
192.12.33.100,216.156.197.165,75.6
192.12.33.100,216.156.197.165,75.6
192.12.33.100,216.156.197.165,75.5
192.12.33.100,216.156.197.165,75.8
192.12.33.100,216.156.197.165,75.6
192.12.33.100,216.156.197.165,75.6
192.12.33.100,216.156.197.165,75.5
192.12.33.100,216.156.197.165,75.6
192.12.33.100,216.156.197.165,75.5
192.12.33.100,216.156.197.165,75.6
192.12.33.100,216.156.197.165,75.6
192.12.33.100,216.156.197.165,75.6
192.12.33.100,216.156.197.165,75.5
192.12.33.100,216.156.197.165,75.6
192.12.33.100,216.156.197.165,75.5
192.12.33.100,216.156.197.165,75.6
192.12.33.100,216.156.197.165,75.7
192.12.33.100,216.156.197.165,75.6
192.12.33.100,216.156.197.165,79.4
192.12.33.100,216.156.197.165,75.5
192.12.33.100,216.156.197.165,75.5
192.12.33.100,216.156.197.165,76.2
192.12.33.100,216.156.197.165,75.7
192.12.33.100,216.156.197.165,75.5
192.12.33.100,216.156.197.165,75.6
192.12.33.100,216.156.197.165,75.6
192.12.33.100,216.156.197.165,75.6
192.12.33.100,216.156.197.165,75.6
192.12.33.100,216.156.197.165,75.5
192.12.33.100,216.156.197.165,75.5
192.12.33.100,216.156.197.165,75.6
192.12.33.100,216.156.197.165,75.6
192.12.33.100,216.156.197.165,75.5
192.12.33.100,216.156.197.165,75.6
192.12.33.100,216.156.197.165,75.5
192.12.33.100,216.156.197.165,75.6
192.12.33.100,216.156.197.165,75.6
192.12.33.100,216.156.197.165,75.6
192.12.33.100,216.156.197.165,75.8
192.12.33.100,216.156.197.165,75.6
192.12.33.100,216.156.197.165,75.6
192.12.33.100,216.156.197.165,75.6
192.12.33.100,216.156.197.165,75.6
192.12.33.100,216.156.197.165,75.7
192.12.33.100,216.156.197.165,75.6
192.12.33.100,216.156.197.165,75.7
192.12.33.100,216.156.197.165,75.6
192.12.33.100,216.156.197.165,75.6
192.12.33.100,216.156.197.165,75.6
192.12.33.100,216.156.197.165,75.5
192.12.33.100,216.156.197.165,75.6
192.12.33.100,216.156.197.165,75.6
192.12.33.100,216.156.197.165,75.5
192.12.33.100,216.156.197.165,75.5
192.12.33.100,216.156.197.165,75.5
192.12.33.100,216.156.197.165,75.6
192.12.33.100,216.156.197.165,75.6
192.12.33.100,216.156.197.165,75.6
192.12.33.100,216.156.197.165,75.7
192.12.33.100,216.156.197.165,75.6
192.12.33.100,216.156.197.165,75.6
192.12.33.100,216.156.197.165,75.6
192.12.33.100,216.156.197.165,75.6
192.12.33.100,216.156.197.165,76.2
192.12.33.100,216.156.197.165,75.6
192.12.33.100,216.156.197.165,75.6
192.12.33.100,216.156.197.165,75.6
192.12.33.100,216.156.197.165,75.6
192.12.33.100,216.156.197.165,75.5
192.12.33.100,216.156.197.165,76.5
192.12.33.100,216.156.197.165,75.6
192.12.33.100,216.156.197.165,75.6
192.12.33.100,216.156.197.165,75.6
192.12.33.100,216.156.197.165,75.5
192.12.33.100,216.156.197.165,75.5
192.12.33.100,216.156.197.165,75.6
192.12.33.100,216.156.197.165,75.6
192.12.33.100,216.156.197.165,75.7
192.12.33.100,216.156.197.165,75.6
192.12.33.100,216.156.197.165,75.5
192.12.33.100,216.156.197.165,75.6
192.12.33.100,216.156.197.165,75.5
192.12.33.100,216.156.197.165,75.6
192.12.33.100,216.156.197.165,75.6
192.12.33.100,216.156.197.165,75.5
192.12.33.100,216.156.197.165,75.6
192.12.33.100,216.156.197.165,75.5
192.12.33.100,216.156.197.165,75.5
192.12.33.100,216.156.197.165,75.6
192.12.33.100,216.156.197.165,75.6
192.12.33.100,216.156.197.165,76.1
192.12.33.100,216.156.197.165,75.6
192.12.33.100,216.156.197.165,75.9
192.12.33.100,216.156.197.165,75.5
192.12.33.100,216.156.197.165,75.5
192.12.33.100,216.156.197.165,75.6
192.12.33.100,216.156.197.165,75.5
192.12.33.100,216.156.197.165,75.6
192.12.33.100,216.156.197.165,75.5
192.12.33.100,216.156.197.165,75.6
192.12.33.100,216.156.197.165,75.8
192.12.33.100,216.156.197.165,75.5
192.12.33.100,216.156.197.165,75.6
192.12.33.100,216.156.197.165,75.5
192.12.33.100,216.156.197.165,87.5
192.12.33.100,216.156.197.165,75.8
192.12.33.100,216.156.197.165,75.6
192.12.33.100,216.156.197.165,75.5
192.12.33.100,216.156.197.165,75.6
192.12.33.100,216.156.197.165,75.6
192.12.33.100,216.156.197.165,75.5
192.12.33.100,216.156.197.165,75.5
192.12.33.100,216.156.197.165,75.5
192.12.33.100,216.156.197.165,75.5
192.12.33.100,216.156.197.165,76.8
192.12.33.100,216.156.197.165,75.5
192.12.33.100,216.156.197.165,75.6
192.12.33.100,216.156.197.165,75.5
192.12.33.100,216.156.197.165,75.5
192.12.33.100,216.156.197.165,75.6
192.12.33.100,216.156.197.165,75.6
192.12.33.100,216.156.197.165,75.5
192.12.33.100,216.156.197.165,75.6
192.12.33.100,216.156.197.165,75.6
192.12.33.100,216.156.197.165,75.6
192.12.33.100,216.156.197.165,75.6
192.12.33.100,216.156.197.165,75.6
192.12.33.100,216.156.197.165,75.6
192.12.33.100,216.156.197.165,116
192.12.33.100,216.156.197.165,115
192.12.33.100,216.156.197.165,114
192.12.33.100,216.156.197.165,121
192.12.33.100,216.156.197.165,126
192.12.33.100,216.156.197.165,136
192.12.33.100,216.156.197.165,117
192.12.33.100,216.156.197.165,75.5
192.12.33.100,216.156.197.165,78.0
192.12.33.100,216.156.197.165,75.6
192.12.33.100,216.156.197.165,86.0
192.12.33.100,216.156.197.165,75.5
192.12.33.100,216.156.197.165,75.6
192.12.33.100,216.156.197.165,75.6
192.12.33.100,216.156.197.165,75.7
192.12.33.100,216.156.197.165,75.7
192.12.33.100,216.156.197.165,75.6
192.12.33.100,216.156.197.165,75.6
192.12.33.100,216.156.197.165,75.6
192.12.33.100,216.156.197.165,75.6
192.12.33.100,216.156.197.165,75.6
192.12.33.100,216.156.197.165,75.6
192.12.33.100,216.156.197.165,75.6
192.12.33.100,216.156.197.165,75.9
192.12.33.100,216.156.197.165,75.9
192.12.33.100,216.156.197.165,75.6
192.12.33.100,216.156.197.165,75.9
192.12.33.100,216.156.197.165,75.6
192.12.33.100,216.156.197.165,78.3
192.12.33.100,216.156.197.165,75.6
192.12.33.100,216.156.197.165,75.7
192.12.33.100,216.156.197.165,75.6
192.12.33.100,216.156.197.165,75.6
192.12.33.100,216.156.197.165,75.6
192.12.33.100,216.156.197.165,75.5
192.12.33.100,216.156.197.165,75.5
192.12.33.100,216.156.197.165,76.4
192.12.33.100,216.156.197.165,75.5
192.12.33.100,216.156.197.165,75.5
192.12.33.100,216.156.197.165,75.7
192.12.33.100,216.156.197.165,75.6
192.12.33.100,216.156.197.165,75.5
192.12.33.100,216.156.197.165,75.6
192.12.33.100,216.156.197.165,75.5
192.12.33.100,216.156.197.165,75.5
192.12.33.100,216.156.197.165,75.6
192.12.33.100,216.156.197.165,75.5
192.12.33.100,216.156.197.165,75.5
192.12.33.100,216.156.197.165,75.5
192.12.33.100,216.156.197.165,75.9
192.12.33.100,216.156.197.165,75.6
192.12.33.100,216.156.197.165,76.2
192.12.33.100,216.156.197.165,75.5
192.12.33.100,216.156.197.165,75.6
192.12.33.100,216.156.197.165,75.6
192.12.33.100,216.156.197.165,75.9
192.12.33.100,216.156.197.165,75.6
192.12.33.100,216.156.197.165,75.6
192.12.33.100,216.156.197.165,75.6
192.12.33.100,216.156.197.165,75.6
192.12.33.100,216.156.197.165,77.1
192.12.33.100,216.156.197.165,75.5
192.12.33.100,216.156.197.165,75.8
192.12.33.100,216.156.197.165,75.6
192.12.33.100,216.156.197.165,75.5
192.12.33.100,216.156.197.165,75.6
192.12.33.100,216.156.197.165,76.0
192.12.33.100,216.156.197.165,75.6
192.12.33.100,216.156.197.165,75.6
192.12.33.100,216.156.197.165,75.6
192.12.33.100,216.156.197.165,75.6
192.12.33.100,216.156.197.165,75.6
192.12.33.100,216.156.197.165,75.6
192.12.33.100,216.156.197.165,75.6
192.12.33.100,216.156.197.165,75.6
192.12.33.100,216.156.197.165,75.5
192.12.33.100,216.156.197.165,75.6
192.12.33.100,216.156.197.165,75.6
192.12.33.100,216.156.197.165,75.5
192.12.33.100,216.156.197.165,75.5
192.12.33.100,216.156.197.165,75.6
192.12.33.100,216.156.197.165,75.5
192.12.33.100,216.156.197.165,75.6
192.12.33.100,216.156.197.165,75.9
192.12.33.100,216.156.197.165,84.1
192.12.33.100,216.156.197.165,75.5
192.12.33.100,216.156.197.165,75.6
192.12.33.100,216.156.197.165,75.6
192.12.33.100,216.156.197.165,75.6
192.12.33.100,216.156.197.165,75.5
192.12.33.100,216.156.197.165,75.6
192.12.33.100,216.156.197.165,75.5
192.12.33.100,216.156.197.165,75.6
192.12.33.100,216.156.197.165,75.5
192.12.33.100,216.156.197.165,76.8
192.12.33.100,216.156.197.165,75.5
192.12.33.100,216.156.197.165,75.6
192.12.33.100,216.156.197.165,75.7
192.12.33.100,216.156.197.165,75.5
192.12.33.100,216.156.197.165,75.5
192.12.33.100,216.156.197.165,75.5
192.12.33.100,216.156.197.165,75.5
192.12.33.100,216.156.197.165,75.6
192.12.33.100,216.156.197.165,75.6
192.12.33.100,216.156.197.165,75.6
192.12.33.100,216.156.197.165,75.6
192.12.33.100,216.156.197.165,75.6
192.12.33.100,216.156.197.165,75.6
192.12.33.100,216.156.197.165,75.6
192.12.33.100,216.156.197.165,75.5
192.12.33.100,216.156.197.165,75.5
192.12.33.100,216.156.197.165,75.5
192.12.33.100,216.156.197.165,75.6
192.12.33.100,216.156.197.165,75.5
192.12.33.100,216.156.197.165,75.5
192.12.33.100,216.156.197.165,75.5
192.12.33.100,216.156.197.165,76.0
192.12.33.100,216.156.197.165,75.6
192.12.33.100,216.156.197.165,75.6
192.12.33.100,216.156.197.165,75.9
192.12.33.100,216.156.197.165,75.7
192.12.33.100,216.156.197.165,75.6
192.12.33.100,216.156.197.165,75.7
192.12.33.100,216.156.197.165,75.6
192.12.33.100,216.156.197.165,75.6
192.12.33.100,216.156.197.165,75.6
192.12.33.100,216.156.197.165,75.6
192.12.33.100,216.156.197.165,75.5
192.12.33.100,216.156.197.165,75.6
192.12.33.100,216.156.197.165,85.4
192.12.33.100,216.156.197.165,75.6
192.12.33.100,216.156.197.165,75.6
192.12.33.100,216.156.197.165,76.3
192.12.33.100,216.156.197.165,75.6
192.12.33.100,216.156.197.165,75.6
192.12.33.100,216.156.197.165,75.6
192.12.33.100,216.156.197.165,76.8
192.12.33.100,216.156.197.165,75.5
192.12.33.100,216.156.197.165,75.6
192.12.33.100,216.156.197.165,75.5
192.12.33.100,216.156.197.165,75.6
192.12.33.100,216.156.197.165,75.5
192.12.33.100,216.156.197.165,75.7
192.12.33.100,216.156.197.165,75.5
192.12.33.100,216.156.197.165,75.6
192.12.33.100,216.156.197.165,75.6
192.12.33.100,216.156.197.165,75.5
192.12.33.100,216.156.197.165,75.6
192.12.33.100,216.156.197.165,75.6
192.12.33.100,216.156.197.165,77.1
192.12.33.100,216.156.197.165,75.5
192.12.33.100,216.156.197.165,75.7
192.12.33.100,216.156.197.165,75.6
192.12.33.100,216.156.197.165,75.5
192.12.33.100,216.156.197.165,75.5
192.12.33.100,216.156.197.165,75.5
192.12.33.100,216.156.197.165,75.6
192.12.33.100,216.156.197.165,75.6
192.12.33.100,216.156.197.165,75.6
192.12.33.100,216.156.197.165,75.9
192.12.33.100,216.156.197.165,75.5
192.12.33.100,216.156.197.165,75.5
192.12.33.100,216.156.197.165,75.6
192.12.33.100,216.156.197.165,75.6
192.12.33.100,216.156.197.165,75.5
192.12.33.100,216.156.197.165,75.6
192.12.33.100,216.156.197.165,75.6
192.12.33.100,216.156.197.165,75.6
192.12.33.100,216.156.197.165,75.7
192.12.33.100,216.156.197.165,75.6
192.12.33.100,216.156.197.165,81.4
192.12.33.100,216.156.197.165,76.1
192.12.33.100,216.156.197.165,75.6
192.12.33.100,216.156.197.165,75.6
192.12.33.100,216.156.197.165,75.7
192.12.33.100,216.156.197.165,75.8
192.12.33.100,216.156.197.165,75.6
192.12.33.100,216.156.197.165,75.5
192.12.33.100,216.156.197.165,75.7
192.12.33.100,216.156.197.165,75.7
192.12.33.100,216.156.197.165,75.6
192.12.33.100,216.156.197.165,76.7
192.12.33.100,216.156.197.165,75.6
192.12.33.100,216.156.197.165,75.5
192.12.33.100,216.156.197.165,75.9
192.12.33.100,216.156.197.165,76.5
192.12.33.100,216.156.197.165,75.6
192.12.33.100,216.156.197.165,75.5
192.12.33.100,216.156.197.165,75.5
192.12.33.100,216.156.197.165,75.6
192.12.33.100,216.156.197.165,75.6
192.12.33.100,216.156.197.165,75.5
192.12.33.100,216.156.197.165,75.5
192.12.33.100,216.156.197.165,75.5
192.12.33.100,216.156.197.165,75.6
192.12.33.100,216.156.197.165,75.6
192.12.33.100,216.156.197.165,75.5
192.12.33.100,216.156.197.165,76.0
192.12.33.100,216.156.197.165,75.6
192.12.33.100,216.156.197.165,75.6
192.12.33.100,216.156.197.165,75.5
192.12.33.100,216.156.197.165,75.6
192.12.33.100,216.156.197.165,75.8
192.12.33.100,216.156.197.165,75.6
192.12.33.100,216.156.197.165,75.6
192.12.33.100,216.156.197.165,75.9
192.12.33.100,216.156.197.165,75.6
192.12.33.100,216.156.197.165,75.5
192.12.33.100,216.156.197.165,75.5
192.12.33.100,216.156.197.165,77.5
192.12.33.100,216.156.197.165,75.6
192.12.33.100,216.156.197.165,75.6
192.12.33.100,216.156.197.165,75.6
192.12.33.100,216.156.197.165,79.5
192.12.33.100,216.156.197.165,75.5
192.12.33.100,216.156.197.165,75.6
192.12.33.100,216.156.197.165,75.5
192.12.33.100,216.156.197.165,75.5
192.12.33.100,216.156.197.165,75.6
192.12.33.100,216.156.197.165,75.8
192.12.33.100,216.156.197.165,75.5
192.12.33.100,216.156.197.165,79.4
192.12.33.100,216.156.197.165,75.6
192.12.33.100,216.156.197.165,75.7
192.12.33.100,216.156.197.165,75.5
192.12.33.100,216.156.197.165,75.6
192.12.33.100,216.156.197.165,75.6
192.12.33.100,216.156.197.165,75.6
192.12.33.100,216.156.197.165,75.6
192.12.33.100,216.156.197.165,75.6
192.12.33.100,216.156.197.165,75.6
192.12.33.100,216.156.197.165,75.6
192.12.33.100,216.156.197.165,75.7
192.12.33.100,216.156.197.165,75.7
192.12.33.100,216.156.197.165,75.9
192.12.33.100,216.156.197.165,75.6
192.12.33.100,216.156.197.165,75.6
192.12.33.100,216.156.197.165,77.1
192.12.33.100,216.156.197.165,75.6
192.12.33.100,216.156.197.165,75.7
192.12.33.100,216.156.197.165,75.6
192.12.33.100,216.156.197.165,76.0
192.12.33.100,216.156.197.165,75.7
192.12.33.100,216.156.197.165,75.6
192.12.33.100,216.156.197.165,75.6
192.12.33.100,216.156.197.165,75.6
192.12.33.100,216.156.197.165,75.6
192.12.33.100,216.156.197.165,75.6
192.12.33.100,216.156.197.165,75.6
192.12.33.100,216.156.197.165,75.6
192.12.33.100,216.156.197.165,75.7
192.12.33.100,216.156.197.165,75.6
192.12.33.100,216.156.197.165,75.6
192.12.33.100,216.156.197.165,79.2
192.12.33.100,216.156.197.165,75.5
192.12.33.100,216.156.197.165,75.6
192.12.33.100,216.156.197.165,75.7
192.12.33.100,216.156.197.165,75.6
192.12.33.100,216.156.197.165,75.6
192.12.33.100,216.156.197.165,76.8
192.12.33.100,216.156.197.165,75.6
192.12.33.100,216.156.197.165,77.0
192.12.33.100,216.156.197.165,75.6
192.12.33.100,216.156.197.165,75.5
192.12.33.100,216.156.197.165,75.6
192.12.33.100,216.156.197.165,77.6
192.12.33.100,216.156.197.165,75.5
192.12.33.100,216.156.197.165,75.6
192.12.33.100,216.156.197.165,75.5
192.12.33.100,216.156.197.165,75.7
192.12.33.100,216.156.197.165,75.6
192.12.33.100,216.156.197.165,75.7
192.12.33.100,216.156.197.165,75.6
192.12.33.100,216.156.197.165,75.6
192.12.33.100,216.156.197.165,75.6
192.12.33.100,216.156.197.165,75.6
192.12.33.100,216.156.197.165,75.6
192.12.33.100,216.156.197.165,75.5
192.12.33.100,216.156.197.165,75.8
192.12.33.100,216.156.197.165,75.5
192.12.33.100,216.156.197.165,75.6
192.12.33.100,216.156.197.165,75.6
192.12.33.100,216.156.197.165,75.6
192.12.33.100,216.156.197.165,75.6
192.12.33.100,216.156.197.165,75.6
192.12.33.100,216.156.197.165,75.7
192.12.33.100,216.156.197.165,75.5
192.12.33.100,216.156.197.165,75.6
192.12.33.100,216.156.197.165,75.6
192.12.33.100,216.156.197.165,75.6
192.12.33.100,216.156.197.165,75.7
192.12.33.100,216.156.197.165,75.6
192.12.33.100,216.156.197.165,75.6
192.12.33.100,216.156.197.165,75.6
192.12.33.100,216.156.197.165,75.6
192.12.33.100,216.156.197.165,75.6
192.12.33.100,216.156.197.165,75.6
192.12.33.100,216.156.197.165,75.6
192.12.33.100,216.156.197.165,75.7
192.12.33.100,216.156.197.165,75.6
192.12.33.100,216.156.197.165,75.7
192.12.33.100,216.156.197.165,75.6
192.12.33.100,216.156.197.165,75.6
192.12.33.100,216.156.197.165,75.5
192.12.33.100,216.156.197.165,75.5
192.12.33.100,216.156.197.165,75.6
192.12.33.100,216.156.197.165,75.5
192.12.33.100,216.156.197.165,75.5
192.12.33.100,216.156.197.165,76.1
192.12.33.100,216.156.197.165,75.6
192.12.33.100,216.156.197.165,75.6
192.12.33.100,216.156.197.165,75.6
192.12.33.100,216.156.197.165,75.5
192.12.33.100,216.156.197.165,75.6
192.12.33.100,216.156.197.165,75.6
192.12.33.100,216.156.197.165,75.6
192.12.33.100,216.156.197.165,75.6
192.12.33.100,216.156.197.165,75.7
192.12.33.100,216.156.197.165,75.5
192.12.33.100,216.156.197.165,75.6
192.12.33.100,216.156.197.165,75.6
192.12.33.100,216.156.197.165,75.9
192.12.33.100,216.156.197.165,76.7
192.12.33.100,216.156.197.165,75.5
192.12.33.100,216.156.197.165,75.5
192.12.33.100,216.156.197.165,75.6
192.12.33.100,216.156.197.165,75.5
192.12.33.100,216.156.197.165,76.3
192.12.33.100,216.156.197.165,75.5
192.12.33.100,216.156.197.165,75.6
192.12.33.100,216.156.197.165,77.9
192.12.33.100,216.156.197.165,75.7
192.12.33.100,216.156.197.165,75.5
192.12.33.100,216.156.197.165,75.6
192.12.33.100,216.156.197.165,75.6
192.12.33.100,216.156.197.165,75.5
192.12.33.100,216.156.197.165,75.6
192.12.33.100,216.156.197.165,75.6
192.12.33.100,216.156.197.165,75.8
192.12.33.100,216.156.197.165,75.5
192.12.33.100,216.156.197.165,75.6
192.12.33.100,216.156.197.165,75.6
192.12.33.100,216.156.197.165,75.6
192.12.33.100,216.156.197.165,75.6
192.12.33.100,216.156.197.165,82.0
192.12.33.100,216.156.197.165,75.6
192.12.33.100,216.156.197.165,75.7
192.12.33.100,216.156.197.165,75.6
192.12.33.100,216.156.197.165,75.5
192.12.33.100,216.156.197.165,75.6
192.12.33.100,216.156.197.165,75.5
192.12.33.100,216.156.197.165,75.5
192.12.33.100,216.156.197.165,75.6
192.12.33.100,216.156.197.165,76.4
192.12.33.100,216.156.197.165,76.0
192.12.33.100,216.156.197.165,75.7
192.12.33.100,216.156.197.165,75.5
192.12.33.100,216.156.197.165,75.6
192.12.33.100,216.156.197.165,75.5
192.12.33.100,216.156.197.165,76.1
192.12.33.100,216.156.197.165,75.6
192.12.33.100,216.156.197.165,75.8
192.12.33.100,216.156.197.165,75.5
192.12.33.100,216.156.197.165,75.6
192.12.33.100,216.156.197.165,76.2
192.12.33.100,216.156.197.165,75.6
192.12.33.100,216.156.197.165,75.6
192.12.33.100,216.156.197.165,75.5
192.12.33.100,216.156.197.165,75.6
192.12.33.100,216.156.197.165,75.5
192.12.33.100,216.156.197.165,75.6
192.12.33.100,216.156.197.165,75.6
192.12.33.100,216.156.197.165,75.6
192.12.33.100,216.156.197.165,75.6
192.12.33.100,216.156.197.165,75.6
192.12.33.100,216.156.197.165,75.6
192.12.33.100,216.156.197.165,75.6
192.12.33.100,216.156.197.165,75.7
192.12.33.100,216.156.197.165,75.7
192.12.33.100,216.156.197.165,75.5
192.12.33.100,216.156.197.165,75.6
192.12.33.100,216.156.197.165,75.6
192.12.33.100,216.156.197.165,75.7
192.12.33.100,216.156.197.165,75.7
192.12.33.100,216.156.197.165,75.6
192.12.33.100,216.156.197.165,75.6
192.12.33.100,216.156.197.165,76.0
192.12.33.100,216.156.197.165,75.5
192.12.33.100,216.156.197.165,76.2
192.12.33.100,216.156.197.165,77.1
192.12.33.100,216.156.197.165,79.4
192.12.33.100,216.156.197.165,75.6
192.12.33.100,216.156.197.165,75.6
192.12.33.100,216.156.197.165,76.0
192.12.33.100,216.156.197.165,75.5
192.12.33.100,216.156.197.165,75.6
192.12.33.100,216.156.197.165,75.5
192.12.33.100,216.156.197.165,75.6
192.12.33.100,216.156.197.165,75.5
192.12.33.100,216.156.197.165,75.6
192.12.33.100,216.156.197.165,75.7
192.12.33.100,216.156.197.165,75.6
192.12.33.100,216.156.197.165,75.7
192.12.33.100,216.156.197.165,75.6
192.12.33.100,216.156.197.165,75.6
192.12.33.100,216.156.197.165,75.5
192.12.33.100,216.156.197.165,75.6
192.12.33.100,216.156.197.165,75.6
192.12.33.100,216.156.197.165,75.7
192.12.33.100,38.107.216.32,50.1
192.12.33.100,38.107.216.32,50.0
192.12.33.100,38.107.216.32,50.0
192.12.33.100,38.107.216.32,50.0
192.12.33.100,38.107.216.32,50.0
192.12.33.100,38.107.216.32,50.0
192.12.33.100,38.107.216.32,50.1
192.12.33.100,38.107.216.32,50.1
192.12.33.100,38.107.216.32,50.0
192.12.33.100,38.107.216.32,50.0
192.12.33.100,38.107.216.32,50.3
192.12.33.100,38.107.216.32,49.9
192.12.33.100,38.107.216.32,50.2
192.12.33.100,38.107.216.32,50.1
192.12.33.100,38.107.216.32,50.1
192.12.33.100,38.107.216.32,52.2
192.12.33.100,38.107.216.32,51.0
192.12.33.100,38.107.216.32,56.1
192.12.33.100,38.107.216.32,50.0
192.12.33.100,38.107.216.32,50.5
192.12.33.100,38.107.216.32,50.1
192.12.33.100,38.107.216.32,50.2
192.12.33.100,38.107.216.32,50.1
192.12.33.100,38.107.216.32,50.0
192.12.33.100,38.107.216.32,56.4
192.12.33.100,38.107.216.32,52.2
192.12.33.100,38.107.216.32,49.9
192.12.33.100,38.107.216.32,50.0
192.12.33.100,38.107.216.32,51.5
192.12.33.100,38.107.216.32,50.1
192.12.33.100,38.107.216.32,52.7
192.12.33.100,38.107.216.32,50.3
192.12.33.100,38.107.216.32,50.0
192.12.33.100,38.107.216.32,50.6
192.12.33.100,38.107.216.32,52.4
192.12.33.100,38.107.216.32,50.4
192.12.33.100,38.107.216.32,50.2
192.12.33.100,38.107.216.32,50.2
192.12.33.100,38.107.216.32,55.6
192.12.33.100,38.107.216.32,52.1
192.12.33.100,38.107.216.32,50.3
192.12.33.100,38.107.216.32,56.1
192.12.33.100,38.107.216.32,54.1
192.12.33.100,38.107.216.32,50.3
192.12.33.100,38.107.216.32,51.1
192.12.33.100,38.107.216.32,55.4
192.12.33.100,38.107.216.32,52.8
192.12.33.100,38.107.216.32,51.2
192.12.33.100,38.107.216.32,54.6
192.12.33.100,38.107.216.32,50.5
192.12.33.100,38.107.216.32,50.9
192.12.33.100,38.107.216.32,52.7
192.12.33.100,38.107.216.32,54.5
192.12.33.100,38.107.216.32,51.9
192.12.33.100,38.107.216.32,55.3
192.12.33.100,38.107.216.32,50.9
192.12.33.100,38.107.216.32,50.1
192.12.33.100,38.107.216.32,50.5
192.12.33.100,38.107.216.32,51.1
192.12.33.100,38.107.216.32,51.1
192.12.33.100,38.107.216.32,51.6
192.12.33.100,38.107.216.32,58.9
192.12.33.100,38.107.216.32,60.9
192.12.33.100,38.107.216.32,52.5
192.12.33.100,38.107.216.32,50.5
192.12.33.100,38.107.216.32,56.4
192.12.33.100,38.107.216.32,51.5
192.12.33.100,38.107.216.32,63.9
192.12.33.100,38.107.216.32,70.0
192.12.33.100,38.107.216.32,76.5
192.12.33.100,38.107.216.32,58.6
192.12.33.100,38.107.216.32,59.2
192.12.33.100,38.107.216.32,50.0
192.12.33.100,38.107.216.32,49.9
192.12.33.100,38.107.216.32,50.0
192.12.33.100,38.107.216.32,49.8
192.12.33.100,38.107.216.32,50.0
192.12.33.100,38.107.216.32,50.0
192.12.33.100,38.107.216.32,50.0
192.12.33.100,38.107.216.32,50.0
192.12.33.100,38.107.216.32,50.0
192.12.33.100,38.107.216.32,50.0
192.12.33.100,38.107.216.32,50.4
192.12.33.100,38.107.216.32,50.0
192.12.33.100,38.107.216.32,50.1
192.12.33.100,38.107.216.32,59.8
192.12.33.100,38.107.216.32,67.9
192.12.33.100,38.107.216.32,51.2
192.12.33.100,38.107.216.32,56.9
192.12.33.100,38.107.216.32,59.1
192.12.33.100,38.107.216.32,53.6
192.12.33.100,38.107.216.32,65.6
192.12.33.100,38.107.216.32,57.2
192.12.33.100,38.107.216.32,55.3
192.12.33.100,38.107.216.32,55.7
192.12.33.100,38.107.216.32,61.4
192.12.33.100,38.107.216.32,60.6
192.12.33.100,38.107.216.32,60.2
192.12.33.100,38.107.216.32,60.4
192.12.33.100,38.107.216.32,61.7
192.12.33.100,38.107.216.32,60.9
192.12.33.100,38.107.216.32,62.3
192.12.33.100,38.107.216.32,50.2
192.12.33.100,38.107.216.32,49.9
192.12.33.100,38.107.216.32,50.0
192.12.33.100,38.107.216.32,50.0
192.12.33.100,38.107.216.32,50.1
192.12.33.100,38.107.216.32,50.0
192.12.33.100,38.107.216.32,50.0
192.12.33.100,38.107.216.32,50.0
192.12.33.100,38.107.216.32,50.1
192.12.33.100,38.107.216.32,50.0
192.12.33.100,38.107.216.32,50.0
192.12.33.100,38.107.216.32,50.0
192.12.33.100,38.107.216.32,50.0
192.12.33.100,38.107.216.32,50.2
192.12.33.100,38.107.216.32,50.0
192.12.33.100,38.107.216.32,50.0
192.12.33.100,38.107.216.32,50.1
192.12.33.100,38.107.216.32,50.2
192.12.33.100,38.107.216.32,49.9
192.12.33.100,38.107.216.32,49.8
192.12.33.100,38.107.216.32,50.7
192.12.33.100,38.107.216.32,50.0
192.12.33.100,38.107.216.32,50.0
192.12.33.100,38.107.216.32,50.0
192.12.33.100,38.107.216.32,50.0
192.12.33.100,38.107.216.32,50.0
192.12.33.100,38.107.216.32,50.0
192.12.33.100,38.107.216.32,50.0
192.12.33.100,38.107.216.32,50.0
192.12.33.100,38.107.216.32,49.9
192.12.33.100,38.107.216.32,49.8
192.12.33.100,38.107.216.32,50.0
192.12.33.100,38.107.216.32,50.1
192.12.33.100,38.107.216.32,50.0
192.12.33.100,38.107.216.32,50.2
192.12.33.100,38.107.216.32,50.0
192.12.33.100,38.107.216.32,50.0
192.12.33.100,38.107.216.32,49.9
192.12.33.100,38.107.216.32,50.0
192.12.33.100,38.107.216.32,50.0
192.12.33.100,38.107.216.32,50.1
192.12.33.100,38.107.216.32,50.1
192.12.33.100,38.107.216.32,50.0
192.12.33.100,38.107.216.32,50.0
192.12.33.100,38.107.216.32,50.0
192.12.33.100,38.107.216.32,50.0
192.12.33.100,38.107.216.32,50.2
192.12.33.100,38.107.216.32,49.9
192.12.33.100,38.107.216.32,49.9
192.12.33.100,38.107.216.32,50.0
192.12.33.100,38.107.216.32,49.9
192.12.33.100,38.107.216.32,49.9
192.12.33.100,38.107.216.32,49.8
192.12.33.100,38.107.216.32,50.0
192.12.33.100,38.107.216.32,50.0
192.12.33.100,38.107.216.32,50.3
192.12.33.100,38.107.216.32,50.0
192.12.33.100,38.107.216.32,49.9
192.12.33.100,38.107.216.32,50.1
192.12.33.100,38.107.216.32,50.2
192.12.33.100,38.107.216.32,50.1
192.12.33.100,38.107.216.32,50.0
192.12.33.100,38.107.216.32,50.0
192.12.33.100,38.107.216.32,50.1
192.12.33.100,38.107.216.32,50.0
192.12.33.100,38.107.216.32,49.8
192.12.33.100,38.107.216.32,50.1
192.12.33.100,38.107.216.32,50.0
192.12.33.100,38.107.216.32,50.0
192.12.33.100,38.107.216.32,50.0
192.12.33.100,38.107.216.32,50.0
192.12.33.100,38.107.216.32,61.0
192.12.33.100,38.107.216.32,67.0
192.12.33.100,38.107.216.32,59.7
192.12.33.100,38.107.216.32,64.2
192.12.33.100,38.107.216.32,56.0
192.12.33.100,38.107.216.32,60.9
192.12.33.100,38.107.216.32,63.3
192.12.33.100,38.107.216.32,50.0
192.12.33.100,38.107.216.32,50.0
192.12.33.100,38.107.216.32,50.1
192.12.33.100,38.107.216.32,50.1
192.12.33.100,38.107.216.32,50.1
192.12.33.100,38.107.216.32,50.7
192.12.33.100,38.107.216.32,50.1
192.12.33.100,38.107.216.32,50.1
192.12.33.100,38.107.216.32,50.1
192.12.33.100,38.107.216.32,50.4
192.12.33.100,38.107.216.32,49.9
192.12.33.100,38.107.216.32,50.1
192.12.33.100,38.107.216.32,50.0
192.12.33.100,38.107.216.32,50.0
192.12.33.100,38.107.216.32,50.0
192.12.33.100,38.107.216.32,50.0
192.12.33.100,38.107.216.32,50.1
192.12.33.100,38.107.216.32,50.2
192.12.33.100,38.107.216.32,50.0
192.12.33.100,38.107.216.32,50.1
192.12.33.100,38.107.216.32,50.0
192.12.33.100,38.107.216.32,49.9
192.12.33.100,38.107.216.32,50.0
192.12.33.100,38.107.216.32,50.1
192.12.33.100,38.107.216.32,50.0
192.12.33.100,38.107.216.32,50.1
192.12.33.100,38.107.216.32,50.1
192.12.33.100,38.107.216.32,50.0
192.12.33.100,38.107.216.32,49.9
192.12.33.100,38.107.216.32,50.3
192.12.33.100,38.107.216.32,50.0
192.12.33.100,38.107.216.32,50.0
192.12.33.100,38.107.216.32,50.0
192.12.33.100,38.107.216.32,50.1
192.12.33.100,38.107.216.32,49.9
192.12.33.100,38.107.216.32,50.0
192.12.33.100,38.107.216.32,49.9
192.12.33.100,38.107.216.32,50.0
192.12.33.100,38.107.216.32,50.1
192.12.33.100,38.107.216.32,50.1
192.12.33.100,38.107.216.32,50.1
192.12.33.100,38.107.216.32,50.1
192.12.33.100,38.107.216.32,50.1
192.12.33.100,38.107.216.32,50.0
192.12.33.100,38.107.216.32,50.0
192.12.33.100,38.107.216.32,50.0
192.12.33.100,38.107.216.32,50.1
192.12.33.100,38.107.216.32,50.1
192.12.33.100,38.107.216.32,50.0
192.12.33.100,38.107.216.32,49.9
192.12.33.100,38.107.216.32,50.0
192.12.33.100,38.107.216.32,50.1
192.12.33.100,38.107.216.32,50.1
192.12.33.100,38.107.216.32,50.1
192.12.33.100,38.107.216.32,50.1
192.12.33.100,38.107.216.32,50.0
192.12.33.100,38.107.216.32,50.1
192.12.33.100,38.107.216.32,50.0
192.12.33.100,38.107.216.32,50.0
192.12.33.100,38.107.216.32,50.1
192.12.33.100,38.107.216.32,49.9
192.12.33.100,38.107.216.32,49.9
192.12.33.100,38.107.216.32,50.0
192.12.33.100,38.107.216.32,50.0
192.12.33.100,38.107.216.32,49.9
192.12.33.100,38.107.216.32,50.1
192.12.33.100,38.107.216.32,50.0
192.12.33.100,38.107.216.32,50.0
192.12.33.100,38.107.216.32,50.0
192.12.33.100,38.107.216.32,50.2
192.12.33.100,38.107.216.32,49.9
192.12.33.100,38.107.216.32,80.2
192.12.33.100,38.107.216.32,77.2
192.12.33.100,38.107.216.32,49.9
192.12.33.100,38.107.216.32,50.0
192.12.33.100,38.107.216.32,50.1
192.12.33.100,38.107.216.32,50.0
192.12.33.100,38.107.216.32,50.1
192.12.33.100,38.107.216.32,50.0
192.12.33.100,38.107.216.32,50.0
192.12.33.100,38.107.216.32,50.1
192.12.33.100,38.107.216.32,50.0
192.12.33.100,38.107.216.32,50.0
192.12.33.100,38.107.216.32,50.0
192.12.33.100,38.107.216.32,50.0
192.12.33.100,38.107.216.32,50.1
192.12.33.100,38.107.216.32,50.0
192.12.33.100,38.107.216.32,50.0
192.12.33.100,38.107.216.32,50.0
192.12.33.100,38.107.216.32,50.1
192.12.33.100,38.107.216.32,50.0
192.12.33.100,38.107.216.32,50.0
192.12.33.100,38.107.216.32,49.8
192.12.33.100,38.107.216.32,50.1
192.12.33.100,38.107.216.32,50.0
192.12.33.100,38.107.216.32,50.0
192.12.33.100,38.107.216.32,50.1
192.12.33.100,38.107.216.32,50.1
192.12.33.100,38.107.216.32,49.9
192.12.33.100,38.107.216.32,50.0
192.12.33.100,38.107.216.32,50.1
192.12.33.100,38.107.216.32,50.1
192.12.33.100,38.107.216.32,50.1
192.12.33.100,38.107.216.32,50.6
192.12.33.100,38.107.216.32,50.0
192.12.33.100,38.107.216.32,50.0
192.12.33.100,38.107.216.32,50.0
192.12.33.100,38.107.216.32,49.9
192.12.33.100,38.107.216.32,50.4
192.12.33.100,38.107.216.32,50.1
192.12.33.100,38.107.216.32,50.1
192.12.33.100,38.107.216.32,50.4
192.12.33.100,38.107.216.32,50.0
192.12.33.100,38.107.216.32,50.1
192.12.33.100,38.107.216.32,49.9
192.12.33.100,38.107.216.32,50.0
192.12.33.100,38.107.216.32,50.1
192.12.33.100,38.107.216.32,49.9
192.12.33.100,38.107.216.32,50.0
192.12.33.100,38.107.216.32,50.0
192.12.33.100,38.107.216.32,50.1
192.12.33.100,38.107.216.32,50.6
192.12.33.100,38.107.216.32,49.9
192.12.33.100,38.107.216.32,50.0
192.12.33.100,38.107.216.32,50.2
192.12.33.100,38.107.216.32,50.0
192.12.33.100,38.107.216.32,50.1
192.12.33.100,38.107.216.32,50.0
192.12.33.100,38.107.216.32,50.1
192.12.33.100,38.107.216.32,50.3
192.12.33.100,38.107.216.32,50.0
192.12.33.100,38.107.216.32,50.2
192.12.33.100,38.107.216.32,50.1
192.12.33.100,38.107.216.32,50.0
192.12.33.100,38.107.216.32,50.8
192.12.33.100,38.107.216.32,50.0
192.12.33.100,38.107.216.32,49.9
192.12.33.100,38.107.216.32,50.1
192.12.33.100,38.107.216.32,50.0
192.12.33.100,38.107.216.32,50.0
192.12.33.100,38.107.216.32,50.0
192.12.33.100,38.107.216.32,50.0
192.12.33.100,38.107.216.32,50.0
192.12.33.100,38.107.216.32,50.1
192.12.33.100,38.107.216.32,50.2
192.12.33.100,38.107.216.32,50.0
192.12.33.100,38.107.216.32,50.0
192.12.33.100,38.107.216.32,50.0
192.12.33.100,38.107.216.32,50.5
192.12.33.100,38.107.216.32,49.8
192.12.33.100,38.107.216.32,50.0
192.12.33.100,38.107.216.32,50.1
192.12.33.100,38.107.216.32,50.1
192.12.33.100,38.107.216.32,50.1
192.12.33.100,38.107.216.32,49.8
192.12.33.100,38.107.216.32,50.1
192.12.33.100,38.107.216.32,50.1
192.12.33.100,38.107.216.32,50.0
192.12.33.100,38.107.216.32,49.9
192.12.33.100,38.107.216.32,50.1
192.12.33.100,38.107.216.32,50.0
192.12.33.100,38.107.216.32,50.1
192.12.33.100,38.107.216.32,49.9
192.12.33.100,38.107.216.32,50.0
192.12.33.100,38.107.216.32,50.0
192.12.33.100,38.107.216.32,50.1
192.12.33.100,38.107.216.32,50.1
192.12.33.100,38.107.216.32,50.0
192.12.33.100,38.107.216.32,50.0
192.12.33.100,38.107.216.32,49.9
192.12.33.100,38.107.216.32,50.1
192.12.33.100,38.107.216.32,49.9
192.12.33.100,38.107.216.32,49.9
192.12.33.100,38.107.216.32,50.0
192.12.33.100,38.107.216.32,49.9
192.12.33.100,38.107.216.32,50.0
192.12.33.100,38.107.216.32,50.0
192.12.33.100,38.107.216.32,50.0
192.12.33.100,38.107.216.32,50.0
192.12.33.100,38.107.216.32,50.0
192.12.33.100,38.107.216.32,50.0
192.12.33.100,38.107.216.32,50.2
192.12.33.100,38.107.216.32,49.9
192.12.33.100,38.107.216.32,50.0
192.12.33.100,38.107.216.32,50.2
192.12.33.100,38.107.216.32,50.3
192.12.33.100,38.107.216.32,50.0
192.12.33.100,38.107.216.32,50.0
192.12.33.100,38.107.216.32,50.0
192.12.33.100,38.107.216.32,50.1
192.12.33.100,38.107.216.32,50.0
192.12.33.100,38.107.216.32,50.2
192.12.33.100,38.107.216.32,49.8
192.12.33.100,38.107.216.32,50.2
192.12.33.100,38.107.216.32,50.1
192.12.33.100,38.107.216.32,50.0
192.12.33.100,38.107.216.32,50.0
192.12.33.100,38.107.216.32,50.0
192.12.33.100,38.107.216.32,49.8
192.12.33.100,38.107.216.32,50.0
192.12.33.100,38.107.216.32,50.0
192.12.33.100,38.107.216.32,50.0
192.12.33.100,38.107.216.32,50.6
192.12.33.100,38.107.216.32,50.1
192.12.33.100,38.107.216.32,50.0
192.12.33.100,38.107.216.32,50.0
192.12.33.100,38.107.216.32,50.0
192.12.33.100,38.107.216.32,50.0
192.12.33.100,38.107.216.32,50.0
192.12.33.100,38.107.216.32,49.9
192.12.33.100,38.107.216.32,50.0
192.12.33.100,38.107.216.32,49.9
192.12.33.100,38.107.216.32,50.0
192.12.33.100,38.107.216.32,50.3
192.12.33.100,38.107.216.32,50.1
192.12.33.100,38.107.216.32,50.0
192.12.33.100,38.107.216.32,50.0
192.12.33.100,38.107.216.32,50.1
192.12.33.100,38.107.216.32,49.9
192.12.33.100,38.107.216.32,50.1
192.12.33.100,38.107.216.32,50.1
192.12.33.100,38.107.216.32,50.1
192.12.33.100,38.107.216.32,50.0
192.12.33.100,38.107.216.32,50.0
192.12.33.100,38.107.216.32,50.0
192.12.33.100,38.107.216.32,50.1
192.12.33.100,38.107.216.32,50.0
192.12.33.100,38.107.216.32,50.0
192.12.33.100,38.107.216.32,50.0
192.12.33.100,38.107.216.32,50.1
192.12.33.100,38.107.216.32,50.0
192.12.33.100,38.107.216.32,50.1
192.12.33.100,38.107.216.32,50.1
192.12.33.100,38.107.216.32,50.3
192.12.33.100,38.107.216.32,50.0
192.12.33.100,38.107.216.32,49.8
192.12.33.100,38.107.216.32,49.9
192.12.33.100,38.107.216.32,50.1
192.12.33.100,38.107.216.32,50.0
192.12.33.100,38.107.216.32,49.9
192.12.33.100,38.107.216.32,50.0
192.12.33.100,38.107.216.32,50.0
192.12.33.100,38.107.216.32,50.0
192.12.33.100,38.107.216.32,50.1
192.12.33.100,38.107.216.32,50.0
192.12.33.100,38.107.216.32,50.2
192.12.33.100,38.107.216.32,50.0
192.12.33.100,38.107.216.32,50.0
192.12.33.100,38.107.216.32,49.8
192.12.33.100,38.107.216.32,50.1
192.12.33.100,38.107.216.32,50.1
192.12.33.100,38.107.216.32,50.1
192.12.33.100,38.107.216.32,49.9
192.12.33.100,38.107.216.32,50.0
192.12.33.100,38.107.216.32,50.0
192.12.33.100,38.107.216.32,49.8
192.12.33.100,38.107.216.32,49.9
192.12.33.100,38.107.216.32,50.0
192.12.33.100,38.107.216.32,50.0
192.12.33.100,38.107.216.32,50.0
192.12.33.100,38.107.216.32,49.9
192.12.33.100,38.107.216.32,50.0
192.12.33.100,38.107.216.32,50.2
192.12.33.100,38.107.216.32,50.0
192.12.33.100,38.107.216.32,50.0
192.12.33.100,38.107.216.32,50.0
192.12.33.100,38.107.216.32,49.9
192.12.33.100,38.107.216.32,50.2
192.12.33.100,38.107.216.32,49.8
192.12.33.100,38.107.216.32,50.1
192.12.33.100,38.107.216.32,50.3
192.12.33.100,38.107.216.32,50.0
192.12.33.100,38.107.216.32,50.0
192.12.33.100,38.107.216.32,50.0
192.12.33.100,38.107.216.32,50.1
192.12.33.100,38.107.216.32,50.0
192.12.33.100,38.107.216.32,50.3
192.12.33.100,38.107.216.32,49.9
192.12.33.100,38.107.216.32,50.0
192.12.33.100,38.107.216.32,50.0
192.12.33.100,38.107.216.32,49.9
192.12.33.100,38.107.216.32,50.1
192.12.33.100,38.107.216.32,50.0
192.12.33.100,38.107.216.32,50.1
192.12.33.100,38.107.216.32,49.9
192.12.33.100,38.107.216.32,50.0
192.12.33.100,38.107.216.32,50.1
192.12.33.100,38.107.216.32,50.0
192.12.33.100,38.107.216.32,50.0
192.12.33.100,38.107.216.32,49.8
192.12.33.100,38.107.216.32,49.9
192.12.33.100,38.107.216.32,50.2
192.12.33.100,38.107.216.32,49.9
192.12.33.100,38.107.216.32,50.0
192.12.33.100,38.107.216.32,49.9
192.12.33.100,38.107.216.32,50.8
192.12.33.100,38.107.216.32,50.1
192.12.33.100,38.107.216.32,49.9
192.12.33.100,38.107.216.32,50.0
192.12.33.100,38.107.216.32,50.1
192.12.33.100,38.107.216.32,50.0
192.12.33.100,38.107.216.32,50.1
192.12.33.100,38.107.216.32,49.9
192.12.33.100,38.107.216.32,49.9
192.12.33.100,38.107.216.32,50.0
192.12.33.100,38.107.216.32,50.0
192.12.33.100,38.107.216.32,50.3
192.12.33.100,38.107.216.32,50.1
192.12.33.100,38.107.216.32,50.0
192.12.33.100,38.107.216.32,49.9
192.12.33.100,38.107.216.32,49.9
192.12.33.100,38.107.216.32,50.0
192.12.33.100,38.107.216.32,50.1
192.12.33.100,38.107.216.32,50.0
192.12.33.100,38.107.216.32,50.1
192.12.33.100,38.107.216.32,50.0
192.12.33.100,38.107.216.32,50.2
192.12.33.100,38.107.216.32,50.1
192.12.33.100,38.107.216.32,50.1
192.12.33.100,38.107.216.32,50.0
192.12.33.100,38.107.216.32,50.0
192.12.33.100,38.107.216.32,50.0
192.12.33.100,38.107.216.32,49.8
192.12.33.100,38.107.216.32,50.1
192.12.33.100,38.107.216.32,50.1
192.12.33.100,38.107.216.32,50.1
192.12.33.100,38.107.216.32,50.0
192.12.33.100,38.107.216.32,50.0
192.12.33.100,38.107.216.32,50.1
192.12.33.100,38.107.216.32,50.0
192.12.33.100,38.107.216.32,50.1
192.12.33.100,38.107.216.32,50.2
192.12.33.100,38.107.216.32,50.1
192.12.33.100,38.107.216.32,50.1
192.12.33.100,38.107.216.32,49.9
192.12.33.100,38.107.216.32,50.0
192.12.33.100,38.107.216.32,50.1
192.12.33.100,38.107.216.32,49.9
192.12.33.100,38.107.216.32,50.0
192.12.33.100,38.107.216.32,50.0
192.12.33.100,38.107.216.32,50.1
192.12.33.100,38.107.216.32,50.0
192.12.33.100,38.107.216.32,50.1
192.12.33.100,38.107.216.32,49.9
192.12.33.100,38.107.216.32,50.0
192.12.33.100,38.107.216.32,50.0
192.12.33.100,38.107.216.32,49.9
192.12.33.100,38.107.216.32,49.9
192.12.33.100,38.107.216.32,50.1
192.12.33.100,38.107.216.32,50.0
192.12.33.100,38.107.216.32,50.0
192.12.33.100,38.107.216.32,50.0
192.12.33.100,38.107.216.32,50.0
192.12.33.100,38.107.216.32,50.0
192.12.33.100,38.107.216.32,49.9
192.12.33.100,38.107.216.32,50.0
192.12.33.100,38.107.216.32,50.0
192.12.33.100,38.107.216.32,49.9
192.12.33.100,38.107.216.32,50.0
192.12.33.100,38.107.216.32,50.1
192.12.33.100,38.107.216.32,50.0
192.12.33.100,38.107.216.32,50.0
192.12.33.100,38.107.216.32,50.0
192.12.33.100,38.107.216.32,50.0
192.12.33.100,38.107.216.32,50.0
192.12.33.100,38.107.216.32,50.0
192.12.33.100,38.107.216.32,50.1
192.12.33.100,38.107.216.32,50.0
192.12.33.100,38.107.216.32,50.0
192.12.33.100,38.107.216.32,50.0
192.12.33.100,38.107.216.32,50.0
192.12.33.100,38.107.216.32,50.1
192.12.33.100,38.107.216.32,50.0
192.12.33.100,38.107.216.32,49.9
192.12.33.100,38.107.216.32,50.1
192.12.33.100,38.107.216.32,50.0
192.12.33.100,38.107.216.32,50.0
192.12.33.100,38.107.216.32,50.1
192.12.33.100,38.107.216.32,50.0
192.12.33.100,38.107.216.32,50.2
192.12.33.100,38.107.216.32,50.0
192.12.33.100,38.107.216.32,50.0
192.12.33.100,38.107.216.32,50.3
192.12.33.100,38.107.216.32,50.0
192.12.33.100,38.107.216.32,50.0
192.12.33.100,38.107.216.32,49.9
192.12.33.100,38.107.216.32,49.9
192.12.33.100,38.107.216.32,49.8
192.12.33.100,38.107.216.32,50.0
192.12.33.100,38.107.216.32,50.0
192.12.33.100,38.107.216.32,50.0
192.12.33.100,38.107.216.32,50.0
192.12.33.100,38.107.216.32,49.9
192.12.33.100,38.107.216.32,50.0
192.12.33.100,38.107.216.32,49.9
192.12.33.100,38.107.216.32,50.0
192.12.33.100,38.107.216.32,50.1
192.12.33.100,38.107.216.32,50.1
192.12.33.100,38.107.216.32,49.9
192.12.33.100,38.107.216.32,50.1
192.12.33.100,38.107.216.32,49.9
192.12.33.100,38.107.216.32,50.0
192.12.33.100,38.107.216.32,50.1
192.12.33.100,38.107.216.32,50.0
192.12.33.100,38.107.216.32,50.1
192.12.33.100,38.107.216.32,50.1
192.12.33.100,38.107.216.32,50.0
192.12.33.100,38.107.216.32,50.8
192.12.33.100,38.107.216.32,49.9
192.12.33.100,38.107.216.32,50.1
192.12.33.100,38.107.216.32,50.0
192.12.33.100,38.107.216.32,49.9
192.12.33.100,38.107.216.32,50.1
192.12.33.100,38.107.216.32,50.0
192.12.33.100,38.107.216.32,50.0
192.12.33.100,38.107.216.32,50.1
192.12.33.100,38.107.216.32,49.9
192.12.33.100,38.107.216.32,50.0
192.12.33.100,38.107.216.32,50.1
192.12.33.100,38.107.216.32,50.1
192.12.33.100,38.107.216.32,50.0
192.12.33.100,38.107.216.32,50.1
192.12.33.100,38.107.216.32,49.9
192.12.33.100,38.107.216.32,50.1
192.12.33.100,38.107.216.32,50.1
192.12.33.100,38.107.216.32,50.1
192.12.33.100,38.107.216.32,50.0
192.12.33.100,38.107.216.32,50.1
192.12.33.100,38.107.216.32,50.1
192.12.33.100,38.107.216.32,50.0
192.12.33.100,38.107.216.32,49.9
192.12.33.100,38.107.216.32,50.0
192.12.33.100,38.107.216.32,50.0
192.12.33.100,38.107.216.32,50.1
192.12.33.100,38.107.216.32,50.0
192.12.33.100,38.107.216.32,49.9
192.12.33.100,38.107.216.32,49.9
192.12.33.100,38.107.216.32,50.0
192.12.33.100,38.107.216.32,50.0
192.12.33.100,38.107.216.32,49.9
192.12.33.100,38.107.216.32,50.0
192.12.33.100,38.107.216.32,50.0
192.12.33.100,38.107.216.32,50.1
192.12.33.100,38.107.216.32,50.0
192.12.33.100,38.107.216.32,49.9
192.12.33.100,38.107.216.32,50.0
192.12.33.100,38.107.216.32,50.1
192.12.33.100,38.107.216.32,50.0
192.12.33.100,38.107.216.32,50.1
192.12.33.100,38.107.216.32,49.8
192.12.33.100,38.107.216.32,49.9
192.12.33.100,38.107.216.32,50.0
192.12.33.100,38.107.216.32,50.0
192.12.33.100,38.107.216.32,50.0
192.12.33.100,38.107.216.32,50.1
192.12.33.100,38.107.216.32,50.0
192.12.33.100,38.107.216.32,49.9
192.12.33.100,38.107.216.32,50.2
192.12.33.100,38.107.216.32,50.4
192.12.33.100,38.107.216.32,50.0
192.12.33.100,38.107.216.32,49.9
192.12.33.100,38.107.216.32,50.0
192.12.33.100,38.107.216.32,50.1
192.12.33.100,38.107.216.32,49.8
192.12.33.100,38.107.216.32,50.0
192.12.33.100,38.107.216.32,50.3
192.12.33.100,38.107.216.32,50.0
192.12.33.100,38.107.216.32,50.0
192.12.33.100,38.107.216.32,50.2
192.12.33.100,38.107.216.32,50.0
192.12.33.100,38.107.216.32,49.9
192.12.33.100,38.107.216.32,50.0
192.12.33.100,38.107.216.32,49.9
192.12.33.100,38.107.216.32,50.0
192.12.33.100,38.107.216.32,50.1
192.12.33.100,38.107.216.32,49.8
192.12.33.100,38.107.216.32,50.4
192.12.33.100,38.107.216.32,50.1
192.12.33.100,38.107.216.32,50.4
192.12.33.100,38.107.216.32,50.0
192.12.33.100,38.107.216.32,49.9
192.12.33.100,38.107.216.32,50.0
192.12.33.100,38.107.216.32,49.9
192.12.33.100,38.107.216.32,50.0
192.12.33.100,38.107.216.32,49.9
192.12.33.100,38.107.216.32,49.9
192.12.33.100,38.107.216.32,50.1
192.12.33.100,38.107.216.32,49.9
192.12.33.100,38.107.216.32,50.0
192.12.33.100,38.107.216.32,50.0
192.12.33.100,38.107.216.32,50.0
192.12.33.100,38.107.216.32,50.2
192.12.33.100,38.107.216.32,50.2
192.12.33.100,38.107.216.32,49.9
192.12.33.100,38.107.216.32,50.1
192.12.33.100,38.107.216.32,50.1
192.12.33.100,38.107.216.32,50.0
192.12.33.100,38.107.216.32,50.0
192.12.33.100,38.107.216.32,50.0
192.12.33.100,38.107.216.32,50.0
192.12.33.100,38.107.216.32,50.1
192.12.33.100,38.107.216.32,50.0
192.12.33.100,38.107.216.32,50.0
192.12.33.100,38.107.216.32,50.1
192.12.33.100,38.107.216.32,50.0
192.12.33.100,38.107.216.32,50.0
192.12.33.100,38.107.216.32,49.8
192.12.33.100,38.107.216.32,50.0
192.12.33.100,38.107.216.32,50.0
192.12.33.100,38.107.216.32,50.0
192.12.33.100,38.107.216.32,50.0
192.12.33.100,38.107.216.32,50.0
192.12.33.100,38.107.216.32,50.0
192.12.33.100,38.107.216.32,50.1
192.12.33.100,38.107.216.32,50.0
192.12.33.100,38.107.216.32,50.0
192.12.33.100,38.107.216.32,50.0
192.12.33.100,38.107.216.32,50.1
192.12.33.100,38.107.216.32,50.0
192.12.33.100,38.107.216.32,50.0
192.12.33.100,38.107.216.32,50.0
192.12.33.100,38.107.216.32,50.1
192.12.33.100,38.107.216.32,50.0
192.12.33.100,38.107.216.32,50.0
192.12.33.100,38.107.216.32,50.0
192.12.33.100,38.107.216.32,49.9
192.12.33.100,38.107.216.32,49.9
192.12.33.100,38.107.216.32,50.1
192.12.33.100,38.107.216.32,50.0
192.12.33.100,38.107.216.32,49.9
192.12.33.100,38.107.216.32,50.1
192.12.33.100,38.107.216.32,50.0
192.12.33.100,38.107.216.32,49.9
192.12.33.100,38.107.216.32,50.0
192.12.33.100,38.107.216.32,50.0
192.12.33.100,38.107.216.32,50.3
192.12.33.100,38.107.216.32,50.0
192.12.33.100,38.107.216.32,49.9
192.12.33.100,38.107.216.32,49.8
192.12.33.100,38.107.216.32,50.1
192.12.33.100,38.107.216.32,50.0
192.12.33.100,38.107.216.32,49.9
192.12.33.100,38.107.216.32,49.9
192.12.33.100,38.107.216.32,50.0
192.12.33.100,38.107.216.32,49.8
192.12.33.100,38.107.216.32,50.1
192.12.33.100,38.107.216.32,50.0
192.12.33.100,38.107.216.32,50.0
192.12.33.100,38.107.216.32,50.0
192.12.33.100,38.107.216.32,50.0
192.12.33.100,38.107.216.32,50.0
192.12.33.100,38.107.216.32,49.9
192.12.33.100,38.107.216.32,50.1
192.12.33.100,38.107.216.32,50.0
192.12.33.100,38.107.216.32,50.1
192.12.33.100,38.107.216.32,50.0
192.12.33.100,38.107.216.32,50.0
192.12.33.100,38.107.216.32,50.0
192.12.33.100,38.107.216.32,50.5
192.12.33.100,38.107.216.32,50.0
192.12.33.100,38.107.216.32,50.0
192.12.33.100,38.107.216.32,50.0
192.12.33.100,38.107.216.32,49.9
192.12.33.100,38.107.216.32,50.0
192.12.33.100,38.107.216.32,49.9
192.12.33.100,38.107.216.32,49.9
192.12.33.100,38.107.216.32,50.1
192.12.33.100,38.107.216.32,50.0
192.12.33.100,38.107.216.32,49.9
192.12.33.100,38.107.216.32,49.9
192.12.33.100,38.107.216.32,50.0
192.12.33.100,38.107.216.32,50.1
192.12.33.100,38.107.216.32,49.9
192.12.33.100,38.107.216.32,50.1
192.12.33.100,38.107.216.32,49.9
192.12.33.100,38.107.216.32,50.0
192.12.33.100,38.107.216.32,50.0
192.12.33.100,38.107.216.32,50.0
192.12.33.100,38.107.216.32,50.0
192.12.33.100,38.107.216.32,50.5
192.12.33.100,38.107.216.32,49.9
192.12.33.100,38.107.216.32,50.0
192.12.33.100,38.107.216.32,50.0
192.12.33.100,38.107.216.32,50.1
192.12.33.100,38.107.216.32,50.0
192.12.33.100,38.107.216.32,50.0
192.12.33.100,38.107.216.32,50.0
192.12.33.100,38.107.216.32,50.1
192.12.33.100,38.107.216.32,50.1
192.12.33.100,38.107.216.32,50.0
192.12.33.100,38.107.216.32,50.0
192.12.33.100,38.107.216.32,49.9
192.12.33.100,38.107.216.32,50.0
192.12.33.100,38.107.216.32,50.0
192.12.33.100,38.107.216.32,50.0
192.12.33.100,38.107.216.32,50.1
192.12.33.100,38.107.216.32,50.2
192.12.33.100,38.107.216.32,50.1
192.12.33.100,38.107.216.32,50.1
192.12.33.100,38.107.216.32,49.9
192.12.33.100,38.107.216.32,50.1
192.12.33.100,38.107.216.32,50.5
192.12.33.100,38.107.216.32,52.3
192.12.33.100,38.107.216.32,49.9
192.12.33.100,38.107.216.32,49.9
192.12.33.100,38.107.216.32,50.0
192.12.33.100,38.107.216.32,50.5
192.12.33.100,38.107.216.32,52.3
192.12.33.100,38.107.216.32,50.0
192.12.33.100,38.107.216.32,50.1
192.12.33.100,38.107.216.32,50.6
192.12.33.100,38.107.216.32,50.5
192.12.33.100,38.107.216.32,50.0
192.12.33.100,38.107.216.32,50.1
192.12.33.100,38.107.216.32,49.8
192.12.33.100,38.107.216.32,50.1
192.12.33.100,38.107.216.32,50.2
192.12.33.100,38.107.216.32,50.1
192.12.33.100,38.107.216.32,50.0
192.12.33.100,38.107.216.32,50.1
192.12.33.100,38.107.216.32,50.1
192.12.33.100,38.107.216.32,49.9
192.12.33.100,38.107.216.32,49.9
192.12.33.100,38.107.216.32,50.1
192.12.33.100,38.107.216.32,50.0
192.12.33.100,38.107.216.32,49.9
192.12.33.100,38.107.216.32,50.0
192.12.33.100,38.107.216.32,50.3
192.12.33.100,38.107.216.32,56.5
192.12.33.100,38.107.216.32,57.9
192.12.33.100,38.107.216.32,50.0
192.12.33.100,38.107.216.32,55.3
192.12.33.100,38.107.216.32,58.0
192.12.33.100,38.107.216.32,49.9
192.12.33.100,38.107.216.32,50.0
192.12.33.100,38.107.216.32,50.2
192.12.33.100,38.107.216.32,57.8
192.12.33.100,38.107.216.32,50.0
192.12.33.100,38.107.216.32,72.3
192.12.33.100,38.107.216.32,50.1
192.12.33.100,38.107.216.32,55.1
192.12.33.100,38.107.216.32,51.2
192.12.33.100,38.107.216.32,50.1
192.12.33.100,38.107.216.32,50.1
192.12.33.100,38.107.216.32,50.0
192.12.33.100,38.107.216.32,50.0
192.12.33.100,38.107.216.32,50.2
192.12.33.100,38.107.216.32,50.0
192.12.33.100,38.107.216.32,52.5
192.12.33.100,38.107.216.32,68.9
192.12.33.100,38.107.216.32,61.6
192.12.33.100,38.107.216.32,50.3
192.12.33.100,38.107.216.32,51.1
192.12.33.100,38.107.216.32,50.0
192.12.33.100,38.107.216.32,50.0
192.12.33.100,38.107.216.32,53.0
192.12.33.100,38.107.216.32,50.0
192.12.33.100,38.107.216.32,50.2
192.12.33.100,38.107.216.32,50.1
192.12.33.100,38.107.216.32,50.0
192.12.33.100,38.107.216.32,52.9
192.12.33.100,38.107.216.32,50.0
192.12.33.100,38.107.216.32,50.0
192.12.33.100,38.107.216.32,50.0
192.12.33.100,38.107.216.32,50.0
192.12.33.100,38.107.216.32,50.0
192.12.33.100,38.107.216.32,49.9
192.12.33.100,38.107.216.32,50.1
192.12.33.100,38.107.216.32,50.1
192.12.33.100,38.107.216.32,49.9
192.12.33.100,38.107.216.32,50.3
192.12.33.100,38.107.216.32,50.0
192.12.33.100,38.107.216.32,50.1
192.12.33.100,38.107.216.32,50.0
192.12.33.100,38.107.216.32,49.9
192.12.33.100,38.107.216.32,53.8
192.12.33.100,38.107.216.32,57.2
192.12.33.100,38.107.216.32,50.0
192.12.33.100,38.107.216.32,50.0
192.12.33.100,38.107.216.32,50.2
192.12.33.100,38.107.216.32,50.1
192.12.33.100,38.107.216.32,50.0
192.12.33.100,38.107.216.32,52.9
192.12.33.100,38.107.216.32,51.2
192.12.33.100,38.107.216.32,50.2
192.12.33.100,38.107.216.32,51.0
192.12.33.100,38.107.216.32,50.0
192.12.33.100,38.107.216.32,50.0
192.12.33.100,38.107.216.32,49.9
192.12.33.100,38.107.216.32,50.6
192.12.33.100,38.107.216.32,53.2
192.12.33.100,38.107.216.32,52.4
192.12.33.100,38.107.216.32,50.5
192.12.33.100,38.107.216.32,50.8
192.12.33.100,38.107.216.32,50.0
192.12.33.100,38.107.216.32,50.7
192.12.33.100,38.107.216.32,50.0
192.12.33.100,38.107.216.32,50.1
192.12.33.100,38.107.216.32,50.1
192.12.33.100,38.107.216.32,52.6
192.12.33.100,38.107.216.32,50.0
192.12.33.100,38.107.216.32,50.0
192.12.33.100,38.107.216.32,50.0
192.12.33.100,38.107.216.32,49.9
192.12.33.100,38.107.216.32,50.0
192.12.33.100,38.107.216.32,50.0
192.12.33.100,38.107.216.32,50.1
192.12.33.100,38.107.216.32,50.0
192.12.33.100,38.107.216.32,50.0
192.12.33.100,38.107.216.32,49.9
192.12.33.100,38.107.216.32,53.0
192.12.33.100,38.107.216.32,50.1
192.12.33.100,38.107.216.32,51.6
192.12.33.100,38.107.216.32,57.7
192.12.33.100,38.107.216.32,60.9
192.12.33.100,38.107.216.32,57.6
192.12.33.100,38.107.216.32,50.0
192.12.33.100,38.107.216.32,50.0
192.12.33.100,38.107.216.32,53.1
192.12.33.100,38.107.216.32,50.0
192.12.33.100,38.107.216.32,50.9
192.12.33.100,38.107.216.32,50.1
192.12.33.100,38.107.216.32,50.0
192.12.33.100,38.107.216.32,49.9
192.12.33.100,38.107.216.32,50.1
192.12.33.100,38.107.216.32,50.1
192.12.33.100,38.107.216.32,50.0
192.12.33.100,38.107.216.32,50.1
192.12.33.100,38.107.216.32,50.0
192.12.33.100,38.107.216.32,49.9
192.12.33.100,38.107.216.32,50.2
192.12.33.100,38.107.216.32,50.0
192.12.33.100,38.107.216.32,50.0
192.12.33.100,38.107.216.32,50.4
192.12.33.100,38.107.216.32,50.2
192.12.33.100,38.107.216.32,50.1
192.12.33.100,38.107.216.32,49.9
192.12.33.100,38.107.216.32,50.0
192.12.33.100,38.107.216.32,50.0
192.12.33.100,38.107.216.32,49.8
192.12.33.100,38.107.216.32,50.5
192.12.33.100,38.107.216.32,50.1
192.12.33.100,38.107.216.32,50.0
192.12.33.100,38.107.216.32,50.0
192.12.33.100,38.107.216.32,50.0
192.12.33.100,38.107.216.32,50.0
192.12.33.100,38.107.216.32,50.1
192.12.33.100,38.107.216.32,50.1
192.12.33.100,38.107.216.32,50.0
192.12.33.100,38.107.216.32,50.2
192.12.33.100,38.107.216.32,50.0
192.12.33.100,38.107.216.32,49.9
192.12.33.100,38.107.216.32,50.8
192.12.33.100,38.107.216.32,50.1
192.12.33.100,38.107.216.32,50.0
192.12.33.100,38.107.216.32,50.0
192.12.33.100,38.107.216.32,56.8
192.12.33.100,38.107.216.32,69.3
192.12.33.100,38.107.216.32,58.0
192.12.33.100,38.107.216.32,59.2
192.12.33.100,38.107.216.32,58.8
192.12.33.100,38.107.216.32,55.8
192.12.33.100,38.107.216.32,50.0
192.12.33.100,38.107.216.32,51.7
192.12.33.100,38.107.216.32,55.5
192.12.33.100,38.107.216.32,51.7
192.12.33.100,38.107.216.32,50.0
192.12.33.100,38.107.216.32,51.0
192.12.33.100,38.107.216.32,50.6
192.12.33.100,38.107.216.32,50.1
192.12.33.100,38.107.216.32,49.9
192.12.33.100,38.107.216.32,51.5
192.12.33.100,38.107.216.32,54.6
192.12.33.100,38.107.216.32,49.9
192.12.33.100,38.107.216.32,50.0
192.12.33.100,38.107.216.32,50.6
192.12.33.100,38.107.216.32,50.1
192.12.33.100,38.107.216.32,50.0
192.12.33.100,38.107.216.32,50.0
192.12.33.100,38.107.216.32,50.0
192.12.33.100,38.107.216.32,50.0
192.12.33.100,38.107.216.32,50.0
192.12.33.100,38.107.216.32,49.8
192.12.33.100,38.107.216.32,50.1
192.12.33.100,38.107.216.32,50.0
192.12.33.100,38.107.216.32,50.1
192.12.33.100,38.107.216.32,50.3
192.12.33.100,38.107.216.32,50.0
192.12.33.100,38.107.216.32,50.2
192.12.33.100,38.107.216.32,50.1
192.12.33.100,38.107.216.32,50.1
192.12.33.100,38.107.216.32,50.1
192.12.33.100,38.107.216.32,50.0
192.12.33.100,38.107.216.32,50.0
192.12.33.100,38.107.216.32,50.0
192.12.33.100,38.107.216.32,49.9
192.12.33.100,38.107.216.32,49.9
192.12.33.100,38.107.216.32,51.5
192.12.33.100,38.107.216.32,50.5
192.12.33.100,38.107.216.32,50.8
192.12.33.100,38.107.216.32,50.0
192.12.33.100,38.107.216.32,50.0
192.12.33.100,38.107.216.32,50.0
192.12.33.100,38.107.216.32,50.1
192.12.33.100,38.107.216.32,50.1
192.12.33.100,38.107.216.32,50.0
192.12.33.100,38.107.216.32,50.0
192.12.33.100,38.107.216.32,50.0
192.12.33.100,38.107.216.32,50.1
192.12.33.100,38.107.216.32,50.1
192.12.33.100,38.107.216.32,50.3
192.12.33.100,38.107.216.32,50.0
192.12.33.100,38.107.216.32,50.4
192.12.33.100,38.107.216.32,50.1
192.12.33.100,38.107.216.32,50.0
192.12.33.100,38.107.216.32,49.9
192.12.33.100,38.107.216.32,50.0
192.12.33.100,38.107.216.32,50.0
192.12.33.100,38.107.216.32,50.1
192.12.33.100,38.102.0.109,31.7
192.12.33.100,38.102.0.109,23.5
192.12.33.100,38.102.0.109,43.0
192.12.33.100,38.102.0.109,67.1
192.12.33.100,38.102.0.109,60.1
192.12.33.100,38.102.0.109,45.2
192.12.33.100,38.102.0.109,23.6
192.12.33.100,38.102.0.109,59.6
192.12.33.100,38.102.0.109,55.4
192.12.33.100,38.102.0.109,23.6
192.12.33.100,38.102.0.109,53.2
192.12.33.100,38.102.0.109,23.6
192.12.33.100,38.102.0.109,23.6
192.12.33.100,38.102.0.109,23.4
192.12.33.100,38.102.0.109,23.6
192.12.33.100,38.102.0.109,23.4
192.12.33.100,38.102.0.109,23.5
192.12.33.100,38.102.0.109,23.6
192.12.33.100,38.102.0.109,23.6
192.12.33.100,38.102.0.109,23.6
192.12.33.100,38.102.0.109,23.6
192.12.33.100,38.102.0.109,23.6
192.12.33.100,38.102.0.109,23.5
192.12.33.100,38.102.0.109,23.6
192.12.33.100,38.102.0.109,23.4
192.12.33.100,38.102.0.109,23.6
192.12.33.100,38.102.0.109,23.5
192.12.33.100,38.102.0.109,23.6
192.12.33.100,38.102.0.109,23.5
192.12.33.100,38.102.0.109,23.5
192.12.33.100,38.102.0.109,23.5
192.12.33.100,38.102.0.109,23.5
192.12.33.100,38.102.0.109,23.7
192.12.33.100,38.102.0.109,23.6
192.12.33.100,38.102.0.109,23.5
192.12.33.100,38.102.0.109,23.7
192.12.33.100,38.102.0.109,23.5
192.12.33.100,38.102.0.109,23.6
192.12.33.100,38.102.0.109,23.5
192.12.33.100,38.102.0.109,23.5
192.12.33.100,38.102.0.109,23.8
192.12.33.100,38.102.0.109,23.6
192.12.33.100,38.102.0.109,23.6
192.12.33.100,38.102.0.109,23.6
192.12.33.100,38.102.0.109,23.6
192.12.33.100,38.102.0.109,23.4
192.12.33.100,38.102.0.109,23.5
192.12.33.100,38.102.0.109,23.6
192.12.33.100,38.102.0.109,23.6
192.12.33.100,38.102.0.109,23.5
192.12.33.100,38.102.0.109,23.6
192.12.33.100,38.102.0.109,23.5
192.12.33.100,38.102.0.109,23.6
192.12.33.100,38.102.0.109,23.6
192.12.33.100,38.102.0.109,23.6
192.12.33.100,38.102.0.109,23.6
192.12.33.100,38.102.0.109,23.6
192.12.33.100,38.102.0.109,23.6
192.12.33.100,38.102.0.109,23.5
192.12.33.100,38.102.0.109,23.6
192.12.33.100,38.102.0.109,23.6
192.12.33.100,38.102.0.109,23.5
192.12.33.100,38.102.0.109,24.1
192.12.33.100,38.102.0.109,23.5
192.12.33.100,38.102.0.109,23.5
192.12.33.100,38.102.0.109,23.6
192.12.33.100,38.102.0.109,23.6
192.12.33.100,38.102.0.109,23.6
192.12.33.100,38.102.0.109,23.6
192.12.33.100,38.102.0.109,23.4
192.12.33.100,38.102.0.109,23.6
192.12.33.100,38.102.0.109,23.4
192.12.33.100,38.102.0.109,23.5
192.12.33.100,38.102.0.109,23.6
192.12.33.100,38.102.0.109,23.6
192.12.33.100,38.102.0.109,23.5
192.12.33.100,38.102.0.109,23.6
192.12.33.100,38.102.0.109,23.4
192.12.33.100,38.102.0.109,23.9
192.12.33.100,38.102.0.109,23.5
192.12.33.100,38.102.0.109,23.6
192.12.33.100,38.102.0.109,23.6
192.12.33.100,38.102.0.109,23.7
192.12.33.100,38.102.0.109,23.6
192.12.33.100,38.102.0.109,23.4
192.12.33.100,38.102.0.109,23.6
192.12.33.100,38.102.0.109,23.4
192.12.33.100,38.102.0.109,23.7
192.12.33.100,38.102.0.109,23.7
192.12.33.100,38.102.0.109,23.6
192.12.33.100,38.102.0.109,23.6
192.12.33.100,38.102.0.109,23.6
192.12.33.100,38.102.0.109,23.6
192.12.33.100,38.102.0.109,23.5
192.12.33.100,38.102.0.109,23.6
192.12.33.100,38.102.0.109,23.5
192.12.33.100,38.102.0.109,23.7
192.12.33.100,38.102.0.109,23.6
192.12.33.100,38.102.0.109,23.4
192.12.33.100,38.102.0.109,23.6
192.12.33.100,38.102.0.109,23.6
192.12.33.100,38.102.0.109,23.5
192.12.33.100,38.102.0.109,23.5
192.12.33.100,38.102.0.109,23.6
192.12.33.100,38.102.0.109,23.6
192.12.33.100,38.102.0.109,23.6
192.12.33.100,38.102.0.109,23.6
192.12.33.100,38.102.0.109,23.7
192.12.33.100,38.102.0.109,23.6
192.12.33.100,38.102.0.109,23.6
192.12.33.100,38.102.0.109,23.5
192.12.33.100,38.102.0.109,23.6
192.12.33.100,38.102.0.109,23.6
192.12.33.100,38.102.0.109,23.5
192.12.33.100,38.102.0.109,23.5
192.12.33.100,38.102.0.109,23.6
192.12.33.100,38.102.0.109,23.6
192.12.33.100,38.102.0.109,23.7
192.12.33.100,38.102.0.109,23.6
192.12.33.100,38.102.0.109,23.5
192.12.33.100,38.102.0.109,23.4
192.12.33.100,38.102.0.109,23.6
192.12.33.100,38.102.0.109,23.6
192.12.33.100,38.102.0.109,23.5
192.12.33.100,38.102.0.109,23.7
192.12.33.100,38.102.0.109,23.6
192.12.33.100,38.102.0.109,23.6
192.12.33.100,38.102.0.109,23.4
192.12.33.100,38.102.0.109,23.7
192.12.33.100,38.102.0.109,23.5
192.12.33.100,38.102.0.109,23.7
192.12.33.100,38.102.0.109,23.6
192.12.33.100,38.102.0.109,23.6
192.12.33.100,38.102.0.109,23.6
192.12.33.100,38.102.0.109,23.6
192.12.33.100,38.102.0.109,23.4
192.12.33.100,38.102.0.109,23.5
192.12.33.100,38.102.0.109,23.6
192.12.33.100,38.102.0.109,23.6
192.12.33.100,38.102.0.109,23.6
192.12.33.100,38.102.0.109,23.7
192.12.33.100,38.102.0.109,23.7
192.12.33.100,38.102.0.109,23.6
192.12.33.100,38.102.0.109,23.8
192.12.33.100,38.102.0.109,23.6
192.12.33.100,38.102.0.109,23.5
192.12.33.100,38.102.0.109,23.6
192.12.33.100,38.102.0.109,23.5
192.12.33.100,38.102.0.109,23.6
192.12.33.100,38.102.0.109,23.5
192.12.33.100,38.102.0.109,23.6
192.12.33.100,38.102.0.109,23.6
192.12.33.100,38.102.0.109,23.4
192.12.33.100,38.102.0.109,23.4
192.12.33.100,38.102.0.109,23.6
192.12.33.100,38.102.0.109,23.6
192.12.33.100,38.102.0.109,23.6
192.12.33.100,38.102.0.109,23.6
192.12.33.100,38.102.0.109,25.3
192.12.33.100,38.102.0.109,23.6
192.12.33.100,38.102.0.109,23.6
192.12.33.100,38.102.0.109,23.5
192.12.33.100,38.102.0.109,23.5
192.12.33.100,38.102.0.109,23.6
192.12.33.100,38.102.0.109,23.5
192.12.33.100,38.102.0.109,23.6
192.12.33.100,38.102.0.109,23.6
192.12.33.100,38.102.0.109,23.6
192.12.33.100,38.102.0.109,23.5
192.12.33.100,38.102.0.109,23.6
192.12.33.100,38.102.0.109,23.7
192.12.33.100,38.102.0.109,23.6
192.12.33.100,38.102.0.109,23.7
192.12.33.100,38.102.0.109,23.6
192.12.33.100,38.102.0.109,23.7
192.12.33.100,38.102.0.109,23.8
192.12.33.100,38.102.0.109,23.6
192.12.33.100,38.102.0.109,23.6
192.12.33.100,38.102.0.109,23.6
192.12.33.100,38.102.0.109,23.9
192.12.33.100,38.102.0.109,23.7
192.12.33.100,38.102.0.109,23.7
192.12.33.100,38.102.0.109,23.6
192.12.33.100,38.102.0.109,23.5
192.12.33.100,38.102.0.109,23.6
192.12.33.100,38.102.0.109,23.6
192.12.33.100,38.102.0.109,23.6
192.12.33.100,38.102.0.109,23.4
192.12.33.100,38.102.0.109,23.6
192.12.33.100,38.102.0.109,23.6
192.12.33.100,38.102.0.109,23.5
192.12.33.100,38.102.0.109,23.6
192.12.33.100,38.102.0.109,23.7
192.12.33.100,38.102.0.109,23.5
192.12.33.100,38.102.0.109,23.6
192.12.33.100,38.102.0.109,23.6
192.12.33.100,38.102.0.109,23.6
192.12.33.100,38.102.0.109,23.6
192.12.33.100,38.102.0.109,23.5
192.12.33.100,38.102.0.109,23.7
192.12.33.100,38.102.0.109,24.7
192.12.33.100,38.102.0.109,23.4
192.12.33.100,38.102.0.109,23.5
192.12.33.100,38.102.0.109,23.5
192.12.33.100,38.102.0.109,23.6
192.12.33.100,38.102.0.109,23.5
192.12.33.100,38.102.0.109,23.5
192.12.33.100,38.102.0.109,23.6
192.12.33.100,38.102.0.109,23.6
192.12.33.100,38.102.0.109,23.6
192.12.33.100,38.102.0.109,23.5
192.12.33.100,38.102.0.109,23.6
192.12.33.100,38.102.0.109,23.6
192.12.33.100,38.102.0.109,23.6
192.12.33.100,38.102.0.109,23.7
192.12.33.100,38.102.0.109,23.5
192.12.33.100,38.102.0.109,23.6
192.12.33.100,38.102.0.109,23.5
192.12.33.100,38.102.0.109,23.5
192.12.33.100,38.102.0.109,23.6
192.12.33.100,38.102.0.109,23.6
192.12.33.100,38.102.0.109,23.4
192.12.33.100,38.102.0.109,23.8
192.12.33.100,38.102.0.109,23.6
192.12.33.100,38.102.0.109,23.5
192.12.33.100,38.102.0.109,23.7
192.12.33.100,38.102.0.109,23.5
192.12.33.100,38.102.0.109,23.4
192.12.33.100,38.102.0.109,23.5
192.12.33.100,38.102.0.109,23.7
192.12.33.100,38.102.0.109,23.7
192.12.33.100,38.102.0.109,23.6
192.12.33.100,38.102.0.109,23.6
192.12.33.100,38.102.0.109,23.6
192.12.33.100,38.102.0.109,23.6
192.12.33.100,38.102.0.109,23.5
192.12.33.100,38.102.0.109,23.7
192.12.33.100,38.102.0.109,23.6
192.12.33.100,38.102.0.109,23.6
192.12.33.100,38.102.0.109,23.5
192.12.33.100,38.102.0.109,23.4
192.12.33.100,38.102.0.109,23.6
192.12.33.100,38.102.0.109,23.6
192.12.33.100,38.102.0.109,23.5
192.12.33.100,38.102.0.109,23.6
192.12.33.100,38.102.0.109,23.5
192.12.33.100,38.102.0.109,23.6
192.12.33.100,38.102.0.109,23.6
192.12.33.100,38.102.0.109,23.6
192.12.33.100,38.102.0.109,23.6
192.12.33.100,38.102.0.109,23.6
192.12.33.100,38.102.0.109,23.4
192.12.33.100,38.102.0.109,23.4
192.12.33.100,38.102.0.109,23.6
192.12.33.100,38.102.0.109,23.6
192.12.33.100,38.102.0.109,23.6
192.12.33.100,38.102.0.109,23.4
192.12.33.100,38.102.0.109,23.7
192.12.33.100,38.102.0.109,23.5
192.12.33.100,38.102.0.109,23.4
192.12.33.100,38.102.0.109,23.8
192.12.33.100,38.102.0.109,23.6
192.12.33.100,38.102.0.109,23.5
192.12.33.100,38.102.0.109,23.5
192.12.33.100,38.102.0.109,23.5
192.12.33.100,38.102.0.109,23.6
192.12.33.100,38.102.0.109,23.6
192.12.33.100,38.102.0.109,23.5
192.12.33.100,38.102.0.109,23.9
192.12.33.100,38.102.0.109,23.4
192.12.33.100,38.102.0.109,23.5
192.12.33.100,38.102.0.109,23.9
192.12.33.100,38.102.0.109,23.5
192.12.33.100,38.102.0.109,23.5
192.12.33.100,38.102.0.109,23.6
192.12.33.100,38.102.0.109,23.6
192.12.33.100,38.102.0.109,23.6
192.12.33.100,38.102.0.109,23.4
192.12.33.100,38.102.0.109,23.6
192.12.33.100,38.102.0.109,23.6
192.12.33.100,38.102.0.109,23.6
192.12.33.100,38.102.0.109,23.5
192.12.33.100,38.102.0.109,23.5
192.12.33.100,38.102.0.109,23.5
192.12.33.100,38.102.0.109,23.6
192.12.33.100,38.102.0.109,23.5
192.12.33.100,38.102.0.109,23.6
192.12.33.100,38.102.0.109,23.6
192.12.33.100,38.102.0.109,23.6
192.12.33.100,38.102.0.109,23.6
192.12.33.100,38.102.0.109,23.5
192.12.33.100,38.102.0.109,23.6
192.12.33.100,38.102.0.109,23.5
192.12.33.100,38.102.0.109,23.6
192.12.33.100,38.102.0.109,23.6
192.12.33.100,38.102.0.109,23.6
192.12.33.100,38.102.0.109,23.6
192.12.33.100,38.102.0.109,23.5
192.12.33.100,38.102.0.109,23.6
192.12.33.100,38.102.0.109,23.6
192.12.33.100,38.102.0.109,23.6
192.12.33.100,38.102.0.109,23.6
192.12.33.100,38.102.0.109,23.6
192.12.33.100,38.102.0.109,23.6
192.12.33.100,38.102.0.109,23.6
192.12.33.100,38.102.0.109,23.6
192.12.33.100,38.102.0.109,23.6
192.12.33.100,38.102.0.109,23.5
192.12.33.100,38.102.0.109,23.6
192.12.33.100,38.102.0.109,23.7
192.12.33.100,38.102.0.109,23.6
192.12.33.100,38.102.0.109,23.5
192.12.33.100,38.102.0.109,23.6
192.12.33.100,38.102.0.109,23.4
192.12.33.100,38.102.0.109,23.5
192.12.33.100,38.102.0.109,23.6
192.12.33.100,38.102.0.109,23.5
192.12.33.100,38.102.0.109,23.5
192.12.33.100,38.102.0.109,23.5
192.12.33.100,38.102.0.109,23.5
192.12.33.100,38.102.0.109,23.6
192.12.33.100,38.102.0.109,23.7
192.12.33.100,38.102.0.109,23.6
192.12.33.100,38.102.0.109,23.5
192.12.33.100,38.102.0.109,23.7
192.12.33.100,38.102.0.109,23.7
192.12.33.100,38.102.0.109,23.6
192.12.33.100,38.102.0.109,23.6
192.12.33.100,38.102.0.109,23.6
192.12.33.100,38.102.0.109,23.5
192.12.33.100,38.102.0.109,23.6
192.12.33.100,38.102.0.109,23.6
192.12.33.100,38.102.0.109,23.6
192.12.33.100,38.102.0.109,23.6
192.12.33.100,38.102.0.109,23.7
192.12.33.100,38.102.0.109,23.5
192.12.33.100,38.102.0.109,23.6
192.12.33.100,38.102.0.109,23.4
192.12.33.100,38.102.0.109,23.6
192.12.33.100,38.102.0.109,23.6
192.12.33.100,38.102.0.109,23.5
192.12.33.100,38.102.0.109,23.6
192.12.33.100,38.102.0.109,23.6
192.12.33.100,38.102.0.109,23.7
192.12.33.100,38.102.0.109,23.5
192.12.33.100,38.102.0.109,23.6
192.12.33.100,38.102.0.109,23.6
192.12.33.100,38.102.0.109,23.6
192.12.33.100,38.102.0.109,23.6
192.12.33.100,38.102.0.109,23.6
192.12.33.100,38.102.0.109,23.5
192.12.33.100,38.102.0.109,23.5
192.12.33.100,38.102.0.109,23.7
192.12.33.100,38.102.0.109,23.6
192.12.33.100,38.102.0.109,23.6
192.12.33.100,38.102.0.109,23.4
192.12.33.100,38.102.0.109,23.6
192.12.33.100,38.102.0.109,23.6
192.12.33.100,38.102.0.109,23.6
192.12.33.100,38.102.0.109,23.8
192.12.33.100,38.102.0.109,23.5
192.12.33.100,38.102.0.109,23.5
192.12.33.100,38.102.0.109,24.0
192.12.33.100,38.102.0.109,23.6
192.12.33.100,38.102.0.109,23.5
192.12.33.100,38.102.0.109,23.5
192.12.33.100,38.102.0.109,23.4
192.12.33.100,38.102.0.109,23.5
192.12.33.100,38.102.0.109,23.5
192.12.33.100,38.102.0.109,23.6
192.12.33.100,38.102.0.109,23.5
192.12.33.100,38.102.0.109,23.6
192.12.33.100,38.102.0.109,23.5
192.12.33.100,38.102.0.109,23.7
192.12.33.100,38.102.0.109,23.6
192.12.33.100,38.102.0.109,23.7
192.12.33.100,38.102.0.109,23.4
192.12.33.100,38.102.0.109,23.6
192.12.33.100,38.102.0.109,24.0
192.12.33.100,38.102.0.109,23.7
192.12.33.100,38.102.0.109,23.7
192.12.33.100,38.102.0.109,23.6
192.12.33.100,38.102.0.109,23.6
192.12.33.100,38.102.0.109,23.6
192.12.33.100,38.102.0.109,23.7
192.12.33.100,38.102.0.109,23.7
192.12.33.100,38.102.0.109,23.6
192.12.33.100,38.102.0.109,23.8
192.12.33.100,38.102.0.109,23.6
192.12.33.100,38.102.0.109,23.5
192.12.33.100,38.102.0.109,23.5
192.12.33.100,38.102.0.109,23.6
192.12.33.100,38.102.0.109,23.7
192.12.33.100,38.102.0.109,23.7
192.12.33.100,38.102.0.109,23.6
192.12.33.100,38.102.0.109,23.6
192.12.33.100,38.102.0.109,23.6
192.12.33.100,38.102.0.109,23.5
192.12.33.100,38.102.0.109,23.6
192.12.33.100,38.102.0.109,23.6
192.12.33.100,38.102.0.109,23.5
192.12.33.100,38.102.0.109,23.6
192.12.33.100,38.102.0.109,23.6
192.12.33.100,38.102.0.109,23.6
192.12.33.100,38.102.0.109,23.4
192.12.33.100,38.102.0.109,23.6
192.12.33.100,38.102.0.109,23.7
192.12.33.100,38.102.0.109,23.6
192.12.33.100,38.102.0.109,23.6
192.12.33.100,38.102.0.109,23.5
192.12.33.100,38.102.0.109,23.5
192.12.33.100,38.102.0.109,23.6
192.12.33.100,38.102.0.109,23.6
192.12.33.100,38.102.0.109,23.6
192.12.33.100,38.102.0.109,23.6
192.12.33.100,38.102.0.109,23.6
192.12.33.100,38.102.0.109,23.5
192.12.33.100,38.102.0.109,23.6
192.12.33.100,38.102.0.109,23.7
192.12.33.100,38.102.0.109,23.5
192.12.33.100,38.102.0.109,23.6
192.12.33.100,38.102.0.109,23.5
192.12.33.100,38.102.0.109,23.6
192.12.33.100,38.102.0.109,26.1
192.12.33.100,38.102.0.109,23.6
192.12.33.100,38.102.0.109,23.9
192.12.33.100,38.102.0.109,23.6
192.12.33.100,38.102.0.109,23.6
192.12.33.100,38.102.0.109,23.6
192.12.33.100,38.102.0.109,23.6
192.12.33.100,38.102.0.109,23.6
192.12.33.100,38.102.0.109,23.6
192.12.33.100,38.102.0.109,23.6
192.12.33.100,38.102.0.109,23.7
192.12.33.100,38.102.0.109,23.6
192.12.33.100,38.102.0.109,23.6
192.12.33.100,38.102.0.109,23.7
192.12.33.100,38.102.0.109,23.5
192.12.33.100,38.102.0.109,23.6
192.12.33.100,38.102.0.109,23.6
192.12.33.100,38.102.0.109,23.7
192.12.33.100,38.102.0.109,23.6
192.12.33.100,38.102.0.109,23.5
192.12.33.100,38.102.0.109,23.5
192.12.33.100,38.102.0.109,23.6
192.12.33.100,38.102.0.109,23.6
192.12.33.100,38.102.0.109,23.6
192.12.33.100,38.102.0.109,23.6
192.12.33.100,38.102.0.109,23.7
192.12.33.100,38.102.0.109,23.8
192.12.33.100,38.102.0.109,23.6
192.12.33.100,38.102.0.109,23.6
192.12.33.100,38.102.0.109,23.6
192.12.33.100,38.102.0.109,23.6
192.12.33.100,38.102.0.109,23.7
192.12.33.100,38.102.0.109,23.6
192.12.33.100,38.102.0.109,23.6
192.12.33.100,38.102.0.109,23.6
192.12.33.100,38.102.0.109,23.7
192.12.33.100,38.102.0.109,23.6
192.12.33.100,38.102.0.109,23.5
192.12.33.100,38.102.0.109,23.6
192.12.33.100,38.102.0.109,23.6
192.12.33.100,38.102.0.109,23.6
192.12.33.100,38.102.0.109,23.5
192.12.33.100,38.102.0.109,23.6
192.12.33.100,38.102.0.109,23.6
192.12.33.100,38.102.0.109,23.5
192.12.33.100,38.102.0.109,23.6
192.12.33.100,38.102.0.109,23.6
192.12.33.100,38.102.0.109,23.5
192.12.33.100,38.102.0.109,23.7
192.12.33.100,38.102.0.109,23.6
192.12.33.100,38.102.0.109,23.6
192.12.33.100,38.102.0.109,23.6
192.12.33.100,38.102.0.109,23.5
192.12.33.100,38.102.0.109,23.6
192.12.33.100,38.102.0.109,23.7
192.12.33.100,38.102.0.109,23.5
192.12.33.100,38.102.0.109,23.6
192.12.33.100,38.102.0.109,23.7
192.12.33.100,38.102.0.109,23.5
192.12.33.100,38.102.0.109,23.5
192.12.33.100,38.102.0.109,23.5
192.12.33.100,38.102.0.109,23.6
192.12.33.100,38.102.0.109,23.6
192.12.33.100,38.102.0.109,23.6
192.12.33.100,38.102.0.109,23.5
192.12.33.100,38.102.0.109,23.5
192.12.33.100,38.102.0.109,23.5
192.12.33.100,38.102.0.109,23.7
192.12.33.100,38.102.0.109,23.6
192.12.33.100,38.102.0.109,23.7
192.12.33.100,38.102.0.109,23.5
192.12.33.100,38.102.0.109,23.6
192.12.33.100,38.102.0.109,23.6
192.12.33.100,38.102.0.109,23.6
192.12.33.100,38.102.0.109,23.6
192.12.33.100,38.102.0.109,23.4
192.12.33.100,38.102.0.109,23.5
192.12.33.100,38.102.0.109,23.6
192.12.33.100,38.102.0.109,23.6
192.12.33.100,38.102.0.109,23.4
192.12.33.100,38.102.0.109,23.4
192.12.33.100,38.102.0.109,23.6
192.12.33.100,38.102.0.109,23.6
192.12.33.100,38.102.0.109,23.6
192.12.33.100,38.102.0.109,23.6
192.12.33.100,38.102.0.109,23.5
192.12.33.100,38.102.0.109,23.4
192.12.33.100,38.102.0.109,23.6
192.12.33.100,38.102.0.109,23.6
192.12.33.100,38.102.0.109,23.6
192.12.33.100,38.102.0.109,23.6
192.12.33.100,38.102.0.109,23.6
192.12.33.100,38.102.0.109,23.5
192.12.33.100,38.102.0.109,23.5
192.12.33.100,38.102.0.109,23.5
192.12.33.100,38.102.0.109,23.8
192.12.33.100,38.102.0.109,23.5
192.12.33.100,38.102.0.109,23.6
192.12.33.100,38.102.0.109,23.6
192.12.33.100,38.102.0.109,23.6
192.12.33.100,38.102.0.109,23.6
192.12.33.100,38.102.0.109,23.7
192.12.33.100,38.102.0.109,23.6
192.12.33.100,38.102.0.109,23.5
192.12.33.100,38.102.0.109,23.6
192.12.33.100,38.102.0.109,23.6
192.12.33.100,38.102.0.109,23.6
192.12.33.100,38.102.0.109,24.1
192.12.33.100,38.102.0.109,23.6
192.12.33.100,38.102.0.109,23.5
192.12.33.100,38.102.0.109,23.6
192.12.33.100,38.102.0.109,23.6
192.12.33.100,38.102.0.109,23.6
192.12.33.100,38.102.0.109,23.6
192.12.33.100,38.102.0.109,23.4
192.12.33.100,38.102.0.109,23.4
192.12.33.100,38.102.0.109,23.6
192.12.33.100,38.102.0.109,23.6
192.12.33.100,38.102.0.109,23.6
192.12.33.100,38.102.0.109,23.6
192.12.33.100,38.102.0.109,23.5
192.12.33.100,38.102.0.109,23.5
192.12.33.100,38.102.0.109,23.6
192.12.33.100,38.102.0.109,23.6
192.12.33.100,38.102.0.109,23.6
192.12.33.100,38.102.0.109,23.5
192.12.33.100,38.102.0.109,23.6
192.12.33.100,38.102.0.109,23.6
192.12.33.100,38.102.0.109,23.6
192.12.33.100,38.102.0.109,23.5
192.12.33.100,38.102.0.109,23.5
192.12.33.100,38.102.0.109,23.6
192.12.33.100,38.102.0.109,23.6
192.12.33.100,38.102.0.109,23.5
192.12.33.100,38.102.0.109,23.6
192.12.33.100,38.102.0.109,23.6
192.12.33.100,38.102.0.109,23.6
192.12.33.100,38.102.0.109,23.6
192.12.33.100,38.102.0.109,23.5
192.12.33.100,38.102.0.109,23.7
192.12.33.100,38.102.0.109,23.6
192.12.33.100,38.102.0.109,23.6
192.12.33.100,38.102.0.109,23.6
192.12.33.100,38.102.0.109,23.5
192.12.33.100,38.102.0.109,23.5
192.12.33.100,38.102.0.109,23.6
192.12.33.100,38.102.0.109,23.6
192.12.33.100,38.102.0.109,23.6
192.12.33.100,38.102.0.109,23.4
192.12.33.100,38.102.0.109,23.5
192.12.33.100,38.102.0.109,23.7
192.12.33.100,38.102.0.109,23.5
192.12.33.100,38.102.0.109,23.6
192.12.33.100,38.102.0.109,23.6
192.12.33.100,38.102.0.109,23.6
192.12.33.100,38.102.0.109,23.6
192.12.33.100,38.102.0.109,23.4
192.12.33.100,38.102.0.109,23.6
192.12.33.100,38.102.0.109,23.5
192.12.33.100,38.102.0.109,23.5
192.12.33.100,38.102.0.109,23.6
192.12.33.100,38.102.0.109,23.6
192.12.33.100,38.102.0.109,23.5
192.12.33.100,38.102.0.109,23.4
192.12.33.100,38.102.0.109,23.9
192.12.33.100,38.102.0.109,23.5
192.12.33.100,38.102.0.109,23.5
192.12.33.100,38.102.0.109,23.6
192.12.33.100,38.102.0.109,23.6
192.12.33.100,38.102.0.109,23.5
192.12.33.100,38.102.0.109,23.5
192.12.33.100,38.102.0.109,23.7
192.12.33.100,38.102.0.109,23.5
192.12.33.100,38.102.0.109,23.5
192.12.33.100,38.102.0.109,23.6
192.12.33.100,38.102.0.109,23.6
192.12.33.100,38.102.0.109,23.6
192.12.33.100,38.102.0.109,23.6
192.12.33.100,38.102.0.109,23.5
192.12.33.100,38.102.0.109,23.5
192.12.33.100,38.102.0.109,23.7
192.12.33.100,38.102.0.109,23.5
192.12.33.100,38.102.0.109,23.5
192.12.33.100,38.102.0.109,23.4
192.12.33.100,38.102.0.109,23.6
192.12.33.100,38.102.0.109,23.6
192.12.33.100,38.102.0.109,23.4
192.12.33.100,38.102.0.109,23.6
192.12.33.100,38.102.0.109,23.5
192.12.33.100,38.102.0.109,23.8
192.12.33.100,38.102.0.109,23.6
192.12.33.100,38.102.0.109,23.9
192.12.33.100,38.102.0.109,23.6
192.12.33.100,38.102.0.109,23.5
192.12.33.100,38.102.0.109,23.4
192.12.33.100,38.102.0.109,23.6
192.12.33.100,38.102.0.109,23.6
192.12.33.100,38.102.0.109,23.5
192.12.33.100,38.102.0.109,23.6
192.12.33.100,38.102.0.109,23.6
192.12.33.100,38.102.0.109,23.6
192.12.33.100,38.102.0.109,23.6
192.12.33.100,38.102.0.109,23.6
192.12.33.100,38.102.0.109,23.4
192.12.33.100,38.102.0.109,23.6
192.12.33.100,38.102.0.109,23.6
192.12.33.100,38.102.0.109,23.6
192.12.33.100,38.102.0.109,23.6
192.12.33.100,38.102.0.109,23.5
192.12.33.100,38.102.0.109,23.6
192.12.33.100,38.102.0.109,23.6
192.12.33.100,38.102.0.109,23.6
192.12.33.100,38.102.0.109,23.6
192.12.33.100,38.102.0.109,23.6
192.12.33.100,38.102.0.109,23.6
192.12.33.100,38.102.0.109,23.6
192.12.33.100,38.102.0.109,23.6
192.12.33.100,38.102.0.109,23.6
192.12.33.100,38.102.0.109,23.6
192.12.33.100,38.102.0.109,23.8
192.12.33.100,38.102.0.109,23.4
192.12.33.100,38.102.0.109,23.4
192.12.33.100,38.102.0.109,23.6
192.12.33.100,38.102.0.109,23.5
192.12.33.100,38.102.0.109,23.6
192.12.33.100,38.102.0.109,23.6
192.12.33.100,38.102.0.109,23.8
192.12.33.100,38.102.0.109,23.5
192.12.33.100,38.102.0.109,23.6
192.12.33.100,38.102.0.109,23.4
192.12.33.100,38.102.0.109,23.6
192.12.33.100,38.102.0.109,23.6
192.12.33.100,38.102.0.109,23.6
192.12.33.100,38.102.0.109,23.6
192.12.33.100,38.102.0.109,23.5
192.12.33.100,38.102.0.109,23.6
192.12.33.100,38.102.0.109,23.6
192.12.33.100,38.102.0.109,23.4
192.12.33.100,38.102.0.109,23.6
192.12.33.100,38.102.0.109,23.6
192.12.33.100,38.102.0.109,23.6
192.12.33.100,38.102.0.109,23.5
192.12.33.100,38.102.0.109,23.5
192.12.33.100,38.102.0.109,23.6
192.12.33.100,38.102.0.109,23.5
192.12.33.100,38.102.0.109,23.6
192.12.33.100,38.102.0.109,23.6
192.12.33.100,38.102.0.109,23.7
192.12.33.100,38.102.0.109,23.5
192.12.33.100,38.102.0.109,23.6
192.12.33.100,38.102.0.109,23.6
192.12.33.100,38.102.0.109,23.6
192.12.33.100,38.102.0.109,23.5
192.12.33.100,38.102.0.109,23.4
192.12.33.100,38.102.0.109,23.5
192.12.33.100,38.102.0.109,23.5
192.12.33.100,38.102.0.109,23.5
192.12.33.100,38.102.0.109,23.6
192.12.33.100,38.102.0.109,23.7
192.12.33.100,38.102.0.109,23.6
192.12.33.100,38.102.0.109,23.6
192.12.33.100,38.102.0.109,23.6
192.12.33.100,38.102.0.109,23.5
192.12.33.100,38.102.0.109,23.6
192.12.33.100,38.102.0.109,23.6
192.12.33.100,38.102.0.109,23.5
192.12.33.100,38.102.0.109,23.6
192.12.33.100,38.102.0.109,23.6
192.12.33.100,38.102.0.109,23.5
192.12.33.100,38.102.0.109,23.4
192.12.33.100,38.102.0.109,23.6
192.12.33.100,38.102.0.109,23.6
192.12.33.100,38.102.0.109,23.5
192.12.33.100,38.102.0.109,23.6
192.12.33.100,38.102.0.109,23.4
192.12.33.100,38.102.0.109,23.6
192.12.33.100,38.102.0.109,23.6
192.12.33.100,38.102.0.109,23.5
192.12.33.100,38.102.0.109,23.6
192.12.33.100,38.102.0.109,23.5
192.12.33.100,38.102.0.109,23.6
192.12.33.100,38.102.0.109,23.5
192.12.33.100,38.102.0.109,23.5
192.12.33.100,38.102.0.109,23.6
192.12.33.100,38.102.0.109,23.8
192.12.33.100,38.102.0.109,23.5
192.12.33.100,38.102.0.109,23.6
192.12.33.100,38.102.0.109,23.9
192.12.33.100,38.102.0.109,23.6
192.12.33.100,38.102.0.109,23.6
192.12.33.100,38.102.0.109,23.6
192.12.33.100,38.102.0.109,23.4
192.12.33.100,38.102.0.109,23.6
192.12.33.100,38.102.0.109,23.6
192.12.33.100,38.102.0.109,23.7
192.12.33.100,38.102.0.109,23.6
192.12.33.100,38.102.0.109,23.6
192.12.33.100,38.102.0.109,23.5
192.12.33.100,38.102.0.109,23.7
192.12.33.100,38.102.0.109,23.6
192.12.33.100,38.102.0.109,23.6
192.12.33.100,38.102.0.109,23.6
192.12.33.100,38.102.0.109,23.6
192.12.33.100,38.102.0.109,23.4
192.12.33.100,38.102.0.109,23.6
192.12.33.100,38.102.0.109,23.6
192.12.33.100,38.102.0.109,23.6
192.12.33.100,38.102.0.109,23.5
192.12.33.100,38.102.0.109,24.0
192.12.33.100,38.102.0.109,23.5
192.12.33.100,38.102.0.109,23.7
192.12.33.100,38.102.0.109,23.6
192.12.33.100,38.102.0.109,23.5
192.12.33.100,38.102.0.109,23.4
192.12.33.100,38.102.0.109,23.6
192.12.33.100,38.102.0.109,23.7
192.12.33.100,38.102.0.109,23.5
192.12.33.100,38.102.0.109,23.5
192.12.33.100,38.102.0.109,23.5
192.12.33.100,38.102.0.109,23.4
192.12.33.100,38.102.0.109,23.5
192.12.33.100,38.102.0.109,23.5
192.12.33.100,38.102.0.109,23.6
192.12.33.100,38.102.0.109,23.6
192.12.33.100,38.102.0.109,23.6
192.12.33.100,38.102.0.109,23.6
192.12.33.100,38.102.0.109,23.6
192.12.33.100,38.102.0.109,23.6
192.12.33.100,38.102.0.109,23.6
192.12.33.100,38.102.0.109,23.5
192.12.33.100,38.102.0.109,23.6
192.12.33.100,38.102.0.109,23.6
192.12.33.100,38.102.0.109,23.6
192.12.33.100,38.102.0.109,23.7
192.12.33.100,38.102.0.109,23.5
192.12.33.100,38.102.0.109,23.5
192.12.33.100,38.102.0.109,24.2
192.12.33.100,38.102.0.109,23.6
192.12.33.100,38.102.0.109,23.5
192.12.33.100,38.102.0.109,23.6
192.12.33.100,38.102.0.109,23.6
192.12.33.100,38.102.0.109,23.5
192.12.33.100,38.102.0.109,23.6
192.12.33.100,38.102.0.109,23.6
192.12.33.100,38.102.0.109,23.6
192.12.33.100,38.102.0.109,23.6
192.12.33.100,38.102.0.109,23.5
192.12.33.100,38.102.0.109,23.5
192.12.33.100,38.102.0.109,23.6
192.12.33.100,38.102.0.109,23.6
192.12.33.100,38.102.0.109,23.6
192.12.33.100,38.102.0.109,26.2
192.12.33.100,38.102.0.109,24.0
192.12.33.100,38.102.0.109,23.6
192.12.33.100,38.102.0.109,23.6
192.12.33.100,38.102.0.109,23.6
192.12.33.100,38.102.0.109,23.6
192.12.33.100,38.102.0.109,23.7
192.12.33.100,38.102.0.109,23.5
192.12.33.100,38.102.0.109,23.5
192.12.33.100,38.102.0.109,23.6
192.12.33.100,38.102.0.109,23.6
192.12.33.100,38.102.0.109,23.6
192.12.33.100,38.102.0.109,23.5
192.12.33.100,38.102.0.109,23.5
192.12.33.100,38.102.0.109,23.9
192.12.33.100,38.102.0.109,23.5
192.12.33.100,38.102.0.109,23.6
192.12.33.100,38.102.0.109,23.6
192.12.33.100,38.102.0.109,23.6
192.12.33.100,38.102.0.109,23.5
192.12.33.100,38.102.0.109,23.6
192.12.33.100,38.102.0.109,23.6
192.12.33.100,38.102.0.109,23.6
192.12.33.100,38.102.0.109,23.5
192.12.33.100,38.102.0.109,23.6
192.12.33.100,38.102.0.109,23.7
192.12.33.100,38.102.0.109,23.6
192.12.33.100,38.102.0.109,23.6
192.12.33.100,38.102.0.109,23.7
192.12.33.100,38.102.0.109,23.7
192.12.33.100,38.102.0.109,23.6
192.12.33.100,38.102.0.109,23.4
192.12.33.100,38.102.0.109,23.5
192.12.33.100,38.102.0.109,23.6
192.12.33.100,38.102.0.109,23.6
192.12.33.100,38.102.0.109,23.6
192.12.33.100,38.102.0.109,23.5
192.12.33.100,38.102.0.109,23.6
192.12.33.100,38.102.0.109,23.6
192.12.33.100,38.102.0.109,23.5
192.12.33.100,38.102.0.109,23.6
192.12.33.100,38.102.0.109,23.6
192.12.33.100,38.102.0.109,23.6
192.12.33.100,38.102.0.109,23.5
192.12.33.100,38.102.0.109,23.6
192.12.33.100,38.102.0.109,23.6
192.12.33.100,38.102.0.109,23.6
192.12.33.100,38.102.0.109,23.7
192.12.33.100,38.102.0.109,23.6
192.12.33.100,38.102.0.109,23.7
192.12.33.100,38.102.0.109,23.6
192.12.33.100,38.102.0.109,23.5
192.12.33.100,38.102.0.109,23.6
192.12.33.100,38.102.0.109,23.7
192.12.33.100,38.102.0.109,23.5
192.12.33.100,38.102.0.109,23.7
192.12.33.100,38.102.0.109,23.5
192.12.33.100,38.102.0.109,24.2
192.12.33.100,38.102.0.109,23.5
192.12.33.100,38.102.0.109,23.7
192.12.33.100,38.102.0.109,23.5
192.12.33.100,38.102.0.109,23.6
192.12.33.100,38.102.0.109,23.7
192.12.33.100,38.102.0.109,23.6
192.12.33.100,38.102.0.109,23.6
192.12.33.100,38.102.0.109,23.6
192.12.33.100,38.102.0.109,23.5
192.12.33.100,38.102.0.109,23.8
192.12.33.100,38.102.0.109,23.4
192.12.33.100,38.102.0.109,23.5
192.12.33.100,38.102.0.109,23.6
192.12.33.100,38.102.0.109,23.5
192.12.33.100,38.102.0.109,23.6
192.12.33.100,38.102.0.109,23.8
192.12.33.100,38.102.0.109,23.6
192.12.33.100,38.102.0.109,23.6
192.12.33.100,38.102.0.109,23.4
192.12.33.100,38.102.0.109,23.5
192.12.33.100,38.102.0.109,23.5
192.12.33.100,38.102.0.109,23.6
192.12.33.100,38.102.0.109,23.4
192.12.33.100,38.102.0.109,23.6
192.12.33.100,38.102.0.109,23.6
192.12.33.100,38.102.0.109,23.6
192.12.33.100,38.102.0.109,23.6
192.12.33.100,38.102.0.109,23.5
192.12.33.100,38.102.0.109,24.1
192.12.33.100,38.102.0.109,23.6
192.12.33.100,38.102.0.109,23.5
192.12.33.100,38.102.0.109,23.6
192.12.33.100,38.102.0.109,23.5
192.12.33.100,38.102.0.109,23.7
192.12.33.100,38.102.0.109,23.5
192.12.33.100,38.102.0.109,23.6
192.12.33.100,38.102.0.109,23.9
192.12.33.100,38.102.0.109,23.6
192.12.33.100,38.102.0.109,23.8
192.12.33.100,38.102.0.109,23.9
192.12.33.100,38.102.0.109,23.7
192.12.33.100,38.102.0.109,23.8
192.12.33.100,38.102.0.109,23.5
192.12.33.100,38.102.0.109,23.4
192.12.33.100,38.102.0.109,23.6
192.12.33.100,38.102.0.109,23.7
192.12.33.100,38.102.0.109,23.6
192.12.33.100,38.102.0.109,23.7
192.12.33.100,38.102.0.109,23.9
192.12.33.100,38.102.0.109,23.5
192.12.33.100,38.102.0.109,23.7
192.12.33.100,38.102.0.109,23.5
192.12.33.100,38.102.0.109,23.5
192.12.33.100,38.102.0.109,23.6
192.12.33.100,38.102.0.109,23.5
192.12.33.100,38.102.0.109,23.4
192.12.33.100,38.102.0.109,23.6
192.12.33.100,38.102.0.109,23.5
192.12.33.100,38.102.0.109,23.5
192.12.33.100,38.102.0.109,24.3
192.12.33.100,38.102.0.109,23.6
192.12.33.100,38.102.0.109,23.6
192.12.33.100,38.102.0.109,23.6
192.12.33.100,38.102.0.109,23.6
192.12.33.100,38.102.0.109,23.6
192.12.33.100,38.102.0.109,23.8
192.12.33.100,38.102.0.109,23.5
192.12.33.100,38.102.0.109,23.6
192.12.33.100,38.102.0.109,23.5
192.12.33.100,38.102.0.109,23.7
192.12.33.100,38.102.0.109,23.9
192.12.33.100,38.102.0.109,23.9
192.12.33.100,38.102.0.109,23.5
192.12.33.100,38.102.0.109,23.6
192.12.33.100,38.102.0.109,23.5
192.12.33.100,38.102.0.109,23.5
192.12.33.100,38.102.0.109,23.6
192.12.33.100,38.102.0.109,23.5
192.12.33.100,38.102.0.109,23.6
192.12.33.100,38.102.0.109,23.6
192.12.33.100,38.102.0.109,23.4
192.12.33.100,38.102.0.109,23.5
192.12.33.100,38.102.0.109,23.9
192.12.33.100,38.102.0.109,23.6
192.12.33.100,38.102.0.109,23.9
192.12.33.100,38.102.0.109,23.6
192.12.33.100,38.102.0.109,24.3
192.12.33.100,38.102.0.109,23.9
192.12.33.100,38.102.0.109,23.7
192.12.33.100,38.102.0.109,23.5
192.12.33.100,38.102.0.109,24.8
192.12.33.100,38.102.0.109,23.6
192.12.33.100,38.102.0.109,23.7
192.12.33.100,38.102.0.109,24.1
192.12.33.100,38.102.0.109,23.9
192.12.33.100,38.102.0.109,23.8
192.12.33.100,38.102.0.109,23.5
192.12.33.100,38.102.0.109,23.5
192.12.33.100,38.102.0.109,23.7
192.12.33.100,38.102.0.109,23.6
192.12.33.100,38.102.0.109,23.8
192.12.33.100,38.102.0.109,23.5
192.12.33.100,38.102.0.109,23.6
192.12.33.100,38.102.0.109,23.6
192.12.33.100,38.102.0.109,23.6
192.12.33.100,38.102.0.109,23.7
192.12.33.100,38.102.0.109,23.6
192.12.33.100,38.102.0.109,23.5
192.12.33.100,38.102.0.109,23.6
192.12.33.100,38.102.0.109,23.8
192.12.33.100,38.102.0.109,23.9
192.12.33.100,38.102.0.109,23.7
192.12.33.100,38.102.0.109,23.6
192.12.33.100,38.102.0.109,23.6
192.12.33.100,38.102.0.109,23.8
192.12.33.100,38.102.0.109,23.6
192.12.33.100,38.102.0.109,23.6
192.12.33.100,38.102.0.109,23.4
192.12.33.100,38.102.0.109,23.7
192.12.33.100,38.102.0.109,29.1
192.12.33.100,38.102.0.109,34.3
192.12.33.100,38.102.0.109,29.0
192.12.33.100,38.102.0.109,32.3
192.12.33.100,38.102.0.109,23.8
192.12.33.100,38.102.0.109,25.1
192.12.33.100,38.102.0.109,25.8
192.12.33.100,38.102.0.109,27.4
192.12.33.100,38.102.0.109,25.4
192.12.33.100,38.102.0.109,24.3
192.12.33.100,38.102.0.109,28.4
192.12.33.100,38.102.0.109,25.7
192.12.33.100,38.102.0.109,24.9
192.12.33.100,38.102.0.109,23.6
192.12.33.100,38.102.0.109,23.8
192.12.33.100,38.102.0.109,23.6
192.12.33.100,38.102.0.109,23.6
192.12.33.100,38.102.0.109,23.9
192.12.33.100,38.102.0.109,23.7
192.12.33.100,38.102.0.109,23.6
192.12.33.100,38.102.0.109,23.6
192.12.33.100,38.102.0.109,24.0
192.12.33.100,38.102.0.109,23.9
192.12.33.100,38.102.0.109,23.6
192.12.33.100,38.102.0.109,23.6
192.12.33.100,38.102.0.109,23.9
192.12.33.100,38.102.0.109,23.7
192.12.33.100,38.102.0.109,23.7
192.12.33.100,38.102.0.109,23.6
192.12.33.100,38.102.0.109,23.5
192.12.33.100,38.102.0.109,23.4
192.12.33.100,38.102.0.109,23.6
192.12.33.100,38.102.0.109,23.5
192.12.33.100,38.102.0.109,23.6
192.12.33.100,38.102.0.109,23.9
192.12.33.100,38.102.0.109,23.6
192.12.33.100,38.102.0.109,23.5
192.12.33.100,38.102.0.109,23.6
192.12.33.100,38.102.0.109,23.6
192.12.33.100,38.102.0.109,23.5
192.12.33.100,38.102.0.109,23.7
192.12.33.100,38.102.0.109,23.7
192.12.33.100,38.102.0.109,23.7
192.12.33.100,38.102.0.109,23.5
192.12.33.100,38.102.0.109,23.6
192.12.33.100,38.102.0.109,23.6
192.12.33.100,38.102.0.109,23.5
192.12.33.100,38.102.0.109,23.6
192.12.33.100,38.102.0.109,23.5
