130.65.6.225,38.98.51.20,12.9
130.65.6.225,38.98.51.20,34.0
130.65.6.225,38.98.51.20,12.8
130.65.6.225,38.98.51.20,12.8
130.65.6.225,38.98.51.20,12.8
130.65.6.225,38.98.51.20,12.9
130.65.6.225,38.98.51.20,12.9
130.65.6.225,38.98.51.20,12.8
130.65.6.225,38.98.51.20,12.8
130.65.6.225,38.98.51.20,12.9
130.65.6.225,38.98.51.20,12.8
130.65.6.225,38.98.51.20,12.9
130.65.6.225,38.98.51.20,13.1
130.65.6.225,38.98.51.20,12.8
130.65.6.225,38.98.51.20,12.8
130.65.6.225,38.98.51.20,12.8
130.65.6.225,38.98.51.20,13.2
130.65.6.225,38.98.51.20,12.9
130.65.6.225,38.98.51.20,12.9
130.65.6.225,38.98.51.20,12.9
130.65.6.225,38.98.51.20,12.9
130.65.6.225,38.98.51.20,12.9
130.65.6.225,38.98.51.20,12.9
130.65.6.225,38.98.51.20,12.9
130.65.6.225,38.98.51.20,12.9
130.65.6.225,38.98.51.20,13.1
130.65.6.225,38.98.51.20,12.9
130.65.6.225,38.98.51.20,12.9
130.65.6.225,38.98.51.20,13.0
130.65.6.225,38.98.51.20,12.9
130.65.6.225,38.98.51.20,13.0
130.65.6.225,38.98.51.20,12.9
130.65.6.225,38.98.51.20,12.9
130.65.6.225,38.98.51.20,13.0
130.65.6.225,38.98.51.20,12.8
130.65.6.225,38.98.51.20,12.8
130.65.6.225,38.98.51.20,12.8
130.65.6.225,38.98.51.20,12.9
130.65.6.225,38.98.51.20,12.8
130.65.6.225,38.98.51.20,12.8
130.65.6.225,38.98.51.20,12.8
130.65.6.225,38.98.51.20,13.0
130.65.6.225,38.98.51.20,13.1
130.65.6.225,38.98.51.20,12.8
130.65.6.225,38.98.51.20,13.0
130.65.6.225,38.98.51.20,12.9
130.65.6.225,38.98.51.20,12.8
130.65.6.225,38.98.51.20,12.9
130.65.6.225,38.98.51.20,12.9
130.65.6.225,38.98.51.20,12.9
130.65.6.225,38.98.51.20,12.9
130.65.6.225,38.98.51.20,13.0
130.65.6.225,38.98.51.20,12.9
130.65.6.225,38.98.51.20,13.0
130.65.6.225,38.98.51.20,12.9
130.65.6.225,38.98.51.20,13.0
130.65.6.225,38.98.51.20,12.9
130.65.6.225,38.98.51.20,12.9
130.65.6.225,38.98.51.20,12.9
130.65.6.225,38.98.51.20,12.9
130.65.6.225,38.98.51.20,12.9
130.65.6.225,38.98.51.20,13.0
130.65.6.225,38.98.51.20,12.9
130.65.6.225,38.98.51.20,13.2
130.65.6.225,38.98.51.20,12.9
130.65.6.225,38.98.51.20,12.9
130.65.6.225,38.98.51.20,12.9
130.65.6.225,38.98.51.20,13.2
130.65.6.225,38.98.51.20,12.9
130.65.6.225,38.98.51.20,12.9
130.65.6.225,38.98.51.20,12.9
130.65.6.225,38.98.51.20,12.9
130.65.6.225,38.98.51.20,12.9
130.65.6.225,38.98.51.20,13.0
130.65.6.225,38.98.51.20,12.9
130.65.6.225,38.98.51.20,13.0
130.65.6.225,38.98.51.20,12.8
130.65.6.225,38.98.51.20,13.1
130.65.6.225,38.98.51.20,13.0
130.65.6.225,38.98.51.20,12.8
130.65.6.225,38.98.51.20,12.8
130.65.6.225,38.98.51.20,12.9
130.65.6.225,38.98.51.20,12.8
130.65.6.225,38.98.51.20,13.1
130.65.6.225,38.98.51.20,12.9
130.65.6.225,38.98.51.20,13.1
130.65.6.225,38.98.51.20,13.0
130.65.6.225,38.98.51.20,12.9
130.65.6.225,38.98.51.20,12.9
130.65.6.225,38.98.51.20,12.9
130.65.6.225,38.98.51.20,12.9
130.65.6.225,38.98.51.20,12.9
130.65.6.225,38.98.51.20,12.8
130.65.6.225,38.98.51.20,12.9
130.65.6.225,38.98.51.20,12.9
130.65.6.225,38.98.51.20,13.1
130.65.6.225,38.98.51.20,13.0
130.65.6.225,38.98.51.20,13.1
130.65.6.225,38.98.51.20,12.8
130.65.6.225,38.98.51.20,12.9
130.65.6.225,38.98.51.20,12.9
130.65.6.225,38.98.51.20,14.3
130.65.6.225,38.98.51.20,12.9
130.65.6.225,38.98.51.20,13.2
130.65.6.225,38.98.51.20,12.8
130.65.6.225,38.98.51.20,12.9
130.65.6.225,38.98.51.20,13.0
130.65.6.225,38.98.51.20,12.9
130.65.6.225,38.98.51.20,12.9
130.65.6.225,38.98.51.20,13.0
130.65.6.225,38.98.51.20,12.9
130.65.6.225,38.98.51.20,12.9
130.65.6.225,38.98.51.20,12.9
130.65.6.225,38.98.51.20,12.9
130.65.6.225,38.98.51.20,12.9
130.65.6.225,38.98.51.20,13.1
130.65.6.225,38.98.51.20,12.8
130.65.6.225,38.98.51.20,12.9
130.65.6.225,38.98.51.20,12.8
130.65.6.225,38.98.51.20,12.8
130.65.6.225,38.98.51.20,12.8
130.65.6.225,38.98.51.20,12.8
130.65.6.225,38.98.51.20,12.8
130.65.6.225,38.98.51.20,12.9
130.65.6.225,38.98.51.20,12.9
130.65.6.225,38.98.51.20,12.9
130.65.6.225,38.98.51.20,12.9
130.65.6.225,38.98.51.20,12.9
130.65.6.225,38.98.51.20,13.1
130.65.6.225,38.98.51.20,12.9
130.65.6.225,38.98.51.20,13.2
130.65.6.225,38.98.51.20,13.2
130.65.6.225,38.98.51.20,12.9
130.65.6.225,38.98.51.20,13.0
130.65.6.225,38.98.51.20,12.8
130.65.6.225,38.98.51.20,12.8
130.65.6.225,38.98.51.20,12.9
130.65.6.225,38.98.51.20,12.8
130.65.6.225,38.98.51.20,13.0
130.65.6.225,38.98.51.20,12.9
130.65.6.225,38.98.51.20,12.8
130.65.6.225,38.98.51.20,13.2
130.65.6.225,38.98.51.20,12.8
130.65.6.225,38.98.51.20,12.9
130.65.6.225,38.98.51.20,12.9
130.65.6.225,38.98.51.20,13.1
130.65.6.225,38.98.51.20,12.9
130.65.6.225,38.98.51.20,12.8
130.65.6.225,38.98.51.20,12.9
130.65.6.225,38.98.51.20,12.8
130.65.6.225,38.98.51.20,13.4
130.65.6.225,38.98.51.20,12.9
130.65.6.225,38.98.51.20,12.9
130.65.6.225,38.98.51.20,12.9
130.65.6.225,38.98.51.20,12.9
130.65.6.225,38.98.51.20,13.8
130.65.6.225,38.98.51.20,12.9
130.65.6.225,38.98.51.20,12.9
130.65.6.225,38.98.51.20,12.9
130.65.6.225,38.98.51.20,13.1
130.65.6.225,38.98.51.20,12.9
130.65.6.225,38.98.51.20,12.8
130.65.6.225,38.98.51.20,13.1
130.65.6.225,38.98.51.20,13.0
130.65.6.225,38.98.51.20,13.5
130.65.6.225,38.98.51.20,14.5
130.65.6.225,38.98.51.20,14.1
130.65.6.225,38.98.51.20,12.9
130.65.6.225,38.98.51.20,13.4
130.65.6.225,38.98.51.20,13.0
130.65.6.225,38.98.51.20,15.0
130.65.6.225,38.98.51.20,13.3
130.65.6.225,38.98.51.20,14.0
130.65.6.225,38.98.51.20,13.2
130.65.6.225,38.98.51.20,12.9
130.65.6.225,38.98.51.20,12.9
130.65.6.225,38.98.51.20,12.9
130.65.6.225,38.98.51.20,13.1
130.65.6.225,38.98.51.20,12.9
130.65.6.225,38.98.51.20,13.0
130.65.6.225,38.98.51.20,12.9
130.65.6.225,38.98.51.20,12.8
130.65.6.225,38.98.51.20,12.8
130.65.6.225,38.98.51.20,12.9
130.65.6.225,38.98.51.20,13.0
130.65.6.225,38.98.51.20,13.0
130.65.6.225,38.98.51.20,12.9
130.65.6.225,38.98.51.20,12.9
130.65.6.225,38.98.51.20,12.9
130.65.6.225,38.98.51.20,12.9
130.65.6.225,38.98.51.20,13.0
130.65.6.225,38.98.51.20,13.1
130.65.6.225,38.98.51.20,13.0
130.65.6.225,38.98.51.20,12.9
130.65.6.225,38.98.51.20,12.9
130.65.6.225,38.98.51.20,12.9
130.65.6.225,38.98.51.20,12.9
130.65.6.225,38.98.51.20,12.9
130.65.6.225,38.98.51.20,12.9
130.65.6.225,38.98.51.20,13.2
130.65.6.225,38.98.51.20,13.1
130.65.6.225,38.98.51.20,13.1
130.65.6.225,38.98.51.20,12.8
130.65.6.225,38.98.51.20,12.9
130.65.6.225,38.98.51.20,12.9
130.65.6.225,38.98.51.20,12.8
130.65.6.225,38.98.51.20,13.0
130.65.6.225,38.98.51.20,13.8
130.65.6.225,38.98.51.20,12.9
130.65.6.225,38.98.51.20,13.1
130.65.6.225,38.98.51.20,12.9
130.65.6.225,38.98.51.20,12.8
130.65.6.225,38.98.51.20,13.0
130.65.6.225,38.98.51.20,12.9
130.65.6.225,38.98.51.20,13.0
130.65.6.225,38.98.51.20,12.9
130.65.6.225,38.98.51.20,13.0
130.65.6.225,38.98.51.20,12.8
130.65.6.225,38.98.51.20,13.0
130.65.6.225,38.98.51.20,13.3
130.65.6.225,38.98.51.20,12.9
130.65.6.225,38.98.51.20,13.1
130.65.6.225,38.98.51.20,12.9
130.65.6.225,38.98.51.20,13.2
130.65.6.225,38.98.51.20,13.0
130.65.6.225,38.98.51.20,13.3
130.65.6.225,38.98.51.20,13.0
130.65.6.225,38.98.51.20,12.9
130.65.6.225,38.98.51.20,12.9
130.65.6.225,38.98.51.20,12.9
130.65.6.225,38.98.51.20,13.1
130.65.6.225,38.98.51.20,12.9
130.65.6.225,38.98.51.20,12.9
130.65.6.225,38.98.51.20,12.8
130.65.6.225,38.98.51.20,12.9
130.65.6.225,38.98.51.20,12.8
130.65.6.225,38.98.51.20,12.9
130.65.6.225,38.98.51.20,13.4
130.65.6.225,38.98.51.20,13.1
130.65.6.225,38.98.51.20,13.0
130.65.6.225,38.98.51.20,12.8
130.65.6.225,38.98.51.20,13.0
130.65.6.225,38.98.51.20,13.1
130.65.6.225,38.98.51.20,12.9
130.65.6.225,38.98.51.20,12.9
130.65.6.225,38.98.51.20,12.9
130.65.6.225,38.98.51.20,12.9
130.65.6.225,38.98.51.20,12.9
130.65.6.225,38.98.51.20,12.9
130.65.6.225,38.98.51.20,12.9
130.65.6.225,38.98.51.20,12.9
130.65.6.225,38.98.51.20,12.8
130.65.6.225,38.98.51.20,12.9
130.65.6.225,38.98.51.20,12.9
130.65.6.225,38.98.51.20,12.9
130.65.6.225,38.98.51.20,12.9
130.65.6.225,38.98.51.20,13.0
130.65.6.225,38.98.51.20,12.9
130.65.6.225,38.98.51.20,12.8
130.65.6.225,38.98.51.20,13.1
130.65.6.225,38.98.51.20,13.1
130.65.6.225,38.98.51.20,13.0
130.65.6.225,38.98.51.20,12.9
130.65.6.225,38.98.51.20,12.9
130.65.6.225,38.98.51.20,12.9
130.65.6.225,38.98.51.20,12.9
130.65.6.225,38.98.51.20,13.0
130.65.6.225,38.98.51.20,12.9
130.65.6.225,38.98.51.20,12.9
130.65.6.225,38.98.51.20,12.9
130.65.6.225,38.98.51.20,12.8
130.65.6.225,38.98.51.20,12.9
130.65.6.225,38.98.51.20,13.5
130.65.6.225,38.98.51.20,13.5
130.65.6.225,38.98.51.20,13.1
130.65.6.225,38.98.51.20,12.9
130.65.6.225,38.98.51.20,12.8
130.65.6.225,38.98.51.20,12.9
130.65.6.225,38.98.51.20,12.9
130.65.6.225,38.98.51.20,12.9
130.65.6.225,38.98.51.20,12.9
130.65.6.225,38.98.51.20,12.9
130.65.6.225,38.98.51.20,12.9
130.65.6.225,38.98.51.20,13.0
130.65.6.225,38.98.51.20,12.9
130.65.6.225,38.98.51.20,13.1
130.65.6.225,38.98.51.20,12.9
130.65.6.225,38.98.51.20,13.2
130.65.6.225,38.98.51.20,13.0
130.65.6.225,38.98.51.20,13.9
130.65.6.225,38.98.51.20,13.1
130.65.6.225,38.98.51.20,13.0
130.65.6.225,38.98.51.20,12.9
130.65.6.225,38.98.51.20,12.9
130.65.6.225,38.98.51.20,12.9
130.65.6.225,38.98.51.20,12.9
130.65.6.225,38.98.51.20,13.2
130.65.6.225,38.98.51.20,12.8
130.65.6.225,38.98.51.20,12.9
130.65.6.225,38.98.51.20,12.9
130.65.6.225,38.98.51.20,12.9
130.65.6.225,38.98.51.20,12.9
130.65.6.225,38.98.51.20,13.0
130.65.6.225,38.98.51.20,12.9
130.65.6.225,38.98.51.20,13.0
130.65.6.225,38.98.51.20,12.9
130.65.6.225,38.98.51.20,13.3
130.65.6.225,38.98.51.20,12.9
130.65.6.225,38.98.51.20,12.9
130.65.6.225,38.98.51.20,12.9
130.65.6.225,38.98.51.20,12.8
130.65.6.225,38.98.51.20,13.2
130.65.6.225,38.98.51.20,12.9
130.65.6.225,38.98.51.20,12.8
130.65.6.225,38.98.51.20,12.9
130.65.6.225,38.98.51.20,13.1
130.65.6.225,38.98.51.20,12.8
130.65.6.225,38.98.51.20,13.0
130.65.6.225,38.98.51.20,12.9
130.65.6.225,38.98.51.20,12.8
130.65.6.225,38.98.51.20,12.8
130.65.6.225,38.98.51.20,13.0
130.65.6.225,38.98.51.20,12.8
130.65.6.225,38.98.51.20,12.9
130.65.6.225,38.98.51.20,13.3
130.65.6.225,38.98.51.20,12.8
130.65.6.225,38.98.51.20,13.0
130.65.6.225,38.98.51.20,12.9
130.65.6.225,38.98.51.20,12.8
130.65.6.225,38.98.51.20,12.9
130.65.6.225,38.98.51.20,12.8
130.65.6.225,38.98.51.20,12.9
130.65.6.225,38.98.51.20,12.8
130.65.6.225,38.98.51.20,12.8
130.65.6.225,38.98.51.20,12.8
130.65.6.225,38.98.51.20,12.9
130.65.6.225,38.98.51.20,12.8
130.65.6.225,38.98.51.20,12.8
130.65.6.225,38.98.51.20,12.8
130.65.6.225,38.98.51.20,12.8
130.65.6.225,38.98.51.20,13.0
130.65.6.225,38.98.51.20,12.9
130.65.6.225,38.98.51.20,12.8
130.65.6.225,38.98.51.20,12.8
130.65.6.225,38.98.51.20,13.3
130.65.6.225,38.98.51.20,13.0
130.65.6.225,38.98.51.20,13.0
130.65.6.225,38.98.51.20,12.9
130.65.6.225,38.98.51.20,13.0
130.65.6.225,38.98.51.20,12.8
130.65.6.225,38.98.51.20,12.9
130.65.6.225,38.98.51.20,12.8
130.65.6.225,38.98.51.20,13.2
130.65.6.225,38.98.51.20,13.0
130.65.6.225,38.98.51.20,12.9
130.65.6.225,38.98.51.20,12.9
130.65.6.225,38.98.51.20,13.2
130.65.6.225,38.98.51.20,12.8
130.65.6.225,38.98.51.20,12.9
130.65.6.225,38.98.51.20,12.8
130.65.6.225,38.98.51.20,12.9
130.65.6.225,38.98.51.20,13.0
130.65.6.225,38.98.51.20,13.0
130.65.6.225,38.98.51.20,12.9
130.65.6.225,38.98.51.20,13.0
130.65.6.225,38.98.51.20,12.9
130.65.6.225,38.98.51.20,12.9
130.65.6.225,38.98.51.20,12.9
130.65.6.225,38.98.51.20,12.8
130.65.6.225,38.98.51.20,12.9
130.65.6.225,38.98.51.20,12.9
130.65.6.225,38.98.51.20,12.9
130.65.6.225,38.98.51.20,12.9
130.65.6.225,38.98.51.20,13.1
130.65.6.225,38.98.51.20,13.0
130.65.6.225,38.98.51.20,13.2
130.65.6.225,38.98.51.20,12.9
130.65.6.225,38.98.51.20,12.9
130.65.6.225,38.98.51.20,12.9
130.65.6.225,38.98.51.20,13.0
130.65.6.225,38.98.51.20,13.1
130.65.6.225,38.98.51.20,12.9
130.65.6.225,38.98.51.20,12.9
130.65.6.225,38.98.51.20,13.2
130.65.6.225,38.98.51.20,12.9
130.65.6.225,38.98.51.20,12.9
130.65.6.225,38.98.51.20,12.8
130.65.6.225,38.98.51.20,12.9
130.65.6.225,38.98.51.20,12.9
130.65.6.225,38.98.51.20,12.9
130.65.6.225,38.98.51.20,13.0
130.65.6.225,38.98.51.20,12.9
130.65.6.225,38.98.51.20,13.0
130.65.6.225,38.98.51.20,12.9
130.65.6.225,38.98.51.20,13.0
130.65.6.225,38.98.51.20,12.9
130.65.6.225,38.98.51.20,12.9
130.65.6.225,38.98.51.20,12.9
130.65.6.225,38.98.51.20,12.9
130.65.6.225,38.98.51.20,12.9
130.65.6.225,38.98.51.20,13.1
130.65.6.225,38.98.51.20,12.9
130.65.6.225,38.98.51.20,12.9
130.65.6.225,38.98.51.20,12.8
130.65.6.225,38.98.51.20,12.9
130.65.6.225,38.98.51.20,12.9
130.65.6.225,38.98.51.20,12.9
130.65.6.225,38.98.51.20,13.1
130.65.6.225,38.98.51.20,12.8
130.65.6.225,38.98.51.20,12.9
130.65.6.225,38.98.51.20,12.9
130.65.6.225,38.98.51.20,12.9
130.65.6.225,38.98.51.20,12.9
130.65.6.225,38.98.51.20,12.9
130.65.6.225,38.98.51.20,12.9
130.65.6.225,38.98.51.20,13.1
130.65.6.225,38.98.51.20,13.0
130.65.6.225,38.98.51.20,12.9
130.65.6.225,38.98.51.20,12.9
130.65.6.225,38.98.51.20,12.9
130.65.6.225,38.98.51.20,12.8
130.65.6.225,38.98.51.20,12.9
130.65.6.225,38.98.51.20,12.9
130.65.6.225,38.98.51.20,13.1
130.65.6.225,38.98.51.20,12.9
130.65.6.225,38.98.51.20,12.9
130.65.6.225,38.98.51.20,13.0
130.65.6.225,38.98.51.20,12.9
130.65.6.225,38.98.51.20,13.1
130.65.6.225,38.98.51.20,12.9
130.65.6.225,38.98.51.20,12.9
130.65.6.225,38.98.51.20,13.3
130.65.6.225,38.98.51.20,12.9
130.65.6.225,38.98.51.20,12.9
130.65.6.225,38.98.51.20,12.9
130.65.6.225,38.98.51.20,13.0
130.65.6.225,38.98.51.20,12.8
130.65.6.225,38.98.51.20,13.1
130.65.6.225,38.98.51.20,12.9
130.65.6.225,38.98.51.20,12.9
130.65.6.225,38.98.51.20,12.8
130.65.6.225,38.98.51.20,13.0
130.65.6.225,38.98.51.20,12.9
130.65.6.225,38.98.51.20,13.1
130.65.6.225,38.98.51.20,12.9
130.65.6.225,38.98.51.20,12.9
130.65.6.225,38.98.51.20,12.8
130.65.6.225,38.98.51.20,12.9
130.65.6.225,38.98.51.20,12.9
130.65.6.225,38.98.51.20,12.8
130.65.6.225,38.98.51.20,12.9
130.65.6.225,38.98.51.20,12.9
130.65.6.225,38.98.51.20,12.9
130.65.6.225,38.98.51.20,13.0
130.65.6.225,38.98.51.20,12.9
130.65.6.225,38.98.51.20,13.1
130.65.6.225,38.98.51.20,12.9
130.65.6.225,38.98.51.20,12.9
130.65.6.225,38.98.51.20,12.9
130.65.6.225,38.98.51.20,12.9
130.65.6.225,38.98.51.20,12.9
130.65.6.225,38.98.51.20,12.9
130.65.6.225,38.98.51.20,13.0
130.65.6.225,38.98.51.20,13.3
130.65.6.225,38.98.51.20,12.9
130.65.6.225,38.98.51.20,13.2
130.65.6.225,38.98.51.20,12.8
130.65.6.225,38.98.51.20,13.2
130.65.6.225,38.98.51.20,12.9
130.65.6.225,38.98.51.20,13.1
130.65.6.225,38.98.51.20,12.9
130.65.6.225,38.98.51.20,12.9
130.65.6.225,38.98.51.20,13.0
130.65.6.225,38.98.51.20,13.2
130.65.6.225,38.98.51.20,12.9
130.65.6.225,38.98.51.20,12.9
130.65.6.225,38.98.51.20,12.9
130.65.6.225,38.98.51.20,12.9
130.65.6.225,38.98.51.20,12.8
130.65.6.225,38.98.51.20,13.1
130.65.6.225,38.98.51.20,13.0
130.65.6.225,38.98.51.20,13.0
130.65.6.225,38.98.51.20,12.9
130.65.6.225,38.98.51.20,12.9
130.65.6.225,38.98.51.20,12.9
130.65.6.225,38.98.51.20,12.9
130.65.6.225,38.98.51.20,13.0
130.65.6.225,38.98.51.20,12.9
130.65.6.225,38.98.51.20,12.9
130.65.6.225,38.98.51.20,12.9
130.65.6.225,38.98.51.20,12.9
130.65.6.225,38.98.51.20,13.1
130.65.6.225,38.98.51.20,12.8
130.65.6.225,38.98.51.20,12.8
130.65.6.225,38.98.51.20,12.8
130.65.6.225,38.98.51.20,12.9
130.65.6.225,38.98.51.20,12.8
130.65.6.225,38.98.51.20,12.8
130.65.6.225,38.98.51.20,12.9
130.65.6.225,38.98.51.20,13.1
130.65.6.225,38.98.51.20,12.8
130.65.6.225,38.98.51.20,13.2
130.65.6.225,38.98.51.20,12.9
130.65.6.225,38.98.51.20,12.9
130.65.6.225,38.98.51.20,12.8
130.65.6.225,38.98.51.20,12.9
130.65.6.225,38.98.51.20,12.9
130.65.6.225,38.98.51.20,12.8
130.65.6.225,38.98.51.20,12.8
130.65.6.225,38.98.51.20,12.9
130.65.6.225,38.98.51.20,12.9
130.65.6.225,38.98.51.20,12.8
130.65.6.225,38.98.51.20,12.9
130.65.6.225,38.98.51.20,13.0
130.65.6.225,38.98.51.20,12.9
130.65.6.225,38.98.51.20,13.0
130.65.6.225,38.98.51.20,12.9
130.65.6.225,38.98.51.20,12.9
130.65.6.225,38.98.51.20,13.0
130.65.6.225,38.98.51.20,12.8
130.65.6.225,38.98.51.20,12.9
130.65.6.225,38.98.51.20,13.1
130.65.6.225,38.98.51.20,12.8
130.65.6.225,38.98.51.20,12.9
130.65.6.225,38.98.51.20,12.8
130.65.6.225,38.98.51.20,12.8
130.65.6.225,38.98.51.20,13.0
130.65.6.225,38.98.51.20,12.8
130.65.6.225,38.98.51.20,13.0
130.65.6.225,38.98.51.20,13.2
130.65.6.225,38.98.51.20,12.9
130.65.6.225,38.98.51.20,12.8
130.65.6.225,38.98.51.20,12.9
130.65.6.225,38.98.51.20,12.8
130.65.6.225,38.98.51.20,12.9
130.65.6.225,38.98.51.20,12.9
130.65.6.225,38.98.51.20,12.9
130.65.6.225,38.98.51.20,13.2
130.65.6.225,38.98.51.20,12.8
130.65.6.225,38.98.51.20,12.9
130.65.6.225,38.98.51.20,12.9
130.65.6.225,38.98.51.20,12.9
130.65.6.225,38.98.51.20,12.9
130.65.6.225,38.98.51.20,12.9
130.65.6.225,38.98.51.20,12.9
130.65.6.225,38.98.51.20,12.9
130.65.6.225,38.98.51.20,13.0
130.65.6.225,38.98.51.20,13.1
130.65.6.225,38.98.51.20,12.9
130.65.6.225,38.98.51.20,13.0
130.65.6.225,38.98.51.20,12.9
130.65.6.225,38.98.51.20,13.0
130.65.6.225,38.98.51.20,13.3
130.65.6.225,38.98.51.20,12.9
130.65.6.225,38.98.51.20,13.0
130.65.6.225,38.98.51.20,12.9
130.65.6.225,38.98.51.20,12.8
130.65.6.225,38.98.51.20,12.9
130.65.6.225,38.98.51.20,13.0
130.65.6.225,38.98.51.20,13.2
130.65.6.225,38.98.51.20,13.0
130.65.6.225,38.98.51.20,13.0
130.65.6.225,38.98.51.20,12.9
130.65.6.225,38.98.51.20,12.9
130.65.6.225,38.98.51.20,12.9
130.65.6.225,38.98.51.20,12.9
130.65.6.225,38.98.51.20,13.2
130.65.6.225,38.98.51.20,12.9
130.65.6.225,38.98.51.20,12.9
130.65.6.225,38.98.51.20,12.9
130.65.6.225,38.98.51.20,12.9
130.65.6.225,38.98.51.20,12.9
130.65.6.225,38.98.51.20,13.0
130.65.6.225,38.98.51.20,13.0
130.65.6.225,38.98.51.20,12.9
130.65.6.225,38.98.51.20,13.1
130.65.6.225,38.98.51.20,12.9
130.65.6.225,38.98.51.20,12.8
130.65.6.225,38.98.51.20,12.9
130.65.6.225,38.98.51.20,13.1
130.65.6.225,38.98.51.20,13.0
130.65.6.225,38.98.51.20,13.1
130.65.6.225,38.98.51.20,12.9
130.65.6.225,38.98.51.20,12.9
130.65.6.225,38.98.51.20,12.9
130.65.6.225,38.98.51.20,13.1
130.65.6.225,38.98.51.20,12.9
130.65.6.225,38.98.51.20,13.0
130.65.6.225,38.98.51.20,12.9
130.65.6.225,38.98.51.20,13.5
130.65.6.225,38.98.51.20,13.2
130.65.6.225,38.98.51.20,12.9
130.65.6.225,38.98.51.20,13.0
130.65.6.225,38.98.51.20,13.0
130.65.6.225,38.98.51.20,12.9
130.65.6.225,38.98.51.20,12.9
130.65.6.225,38.98.51.20,13.0
130.65.6.225,38.98.51.20,13.0
130.65.6.225,38.98.51.20,12.9
130.65.6.225,38.98.51.20,12.9
130.65.6.225,38.98.51.20,12.9
130.65.6.225,38.98.51.20,12.8
130.65.6.225,38.98.51.20,13.0
130.65.6.225,38.98.51.20,13.0
130.65.6.225,38.98.51.20,12.8
130.65.6.225,38.98.51.20,12.8
130.65.6.225,38.98.51.20,12.8
130.65.6.225,38.98.51.20,13.0
130.65.6.225,38.98.51.20,12.9
130.65.6.225,38.98.51.20,13.0
130.65.6.225,38.98.51.20,12.8
130.65.6.225,38.98.51.20,13.2
130.65.6.225,38.98.51.20,12.9
130.65.6.225,38.98.51.20,13.0
130.65.6.225,38.98.51.20,12.8
130.65.6.225,38.98.51.20,12.9
130.65.6.225,38.98.51.20,12.8
130.65.6.225,38.98.51.20,12.8
130.65.6.225,38.98.51.20,12.9
130.65.6.225,38.98.51.20,12.9
130.65.6.225,38.98.51.20,12.9
130.65.6.225,38.98.51.20,12.9
130.65.6.225,38.98.51.20,12.8
130.65.6.225,38.98.51.20,12.8
130.65.6.225,38.98.51.20,12.9
130.65.6.225,38.98.51.20,13.1
130.65.6.225,38.98.51.20,12.9
130.65.6.225,38.98.51.20,12.8
130.65.6.225,38.98.51.20,13.0
130.65.6.225,38.98.51.20,12.8
130.65.6.225,38.98.51.20,12.8
130.65.6.225,38.98.51.20,13.2
130.65.6.225,38.98.51.20,12.9
130.65.6.225,38.98.51.20,13.0
130.65.6.225,38.98.51.20,12.8
130.65.6.225,38.98.51.20,13.2
130.65.6.225,38.98.51.20,12.9
130.65.6.225,38.98.51.20,13.0
130.65.6.225,38.98.51.20,12.9
130.65.6.225,38.98.51.20,12.9
130.65.6.225,38.98.51.20,13.1
130.65.6.225,38.98.51.20,13.1
130.65.6.225,38.98.51.20,12.9
130.65.6.225,38.98.51.20,13.2
130.65.6.225,38.98.51.20,12.9
130.65.6.225,38.98.51.20,13.0
130.65.6.225,38.98.51.20,12.9
130.65.6.225,38.98.51.20,12.9
130.65.6.225,38.98.51.20,12.9
130.65.6.225,38.98.51.20,13.2
130.65.6.225,38.98.51.20,12.8
130.65.6.225,38.98.51.20,12.9
130.65.6.225,38.98.51.20,12.9
130.65.6.225,38.98.51.20,12.8
130.65.6.225,38.98.51.20,12.9
130.65.6.225,38.98.51.20,13.1
130.65.6.225,38.98.51.20,12.8
130.65.6.225,38.98.51.20,13.0
130.65.6.225,38.98.51.20,13.1
130.65.6.225,38.98.51.20,12.9
130.65.6.225,38.98.51.20,12.9
130.65.6.225,38.98.51.20,13.1
130.65.6.225,38.98.51.20,12.9
130.65.6.225,38.98.51.20,12.9
130.65.6.225,38.98.51.20,12.8
130.65.6.225,38.98.51.20,12.9
130.65.6.225,38.98.51.20,13.0
130.65.6.225,38.98.51.20,13.0
130.65.6.225,38.98.51.20,13.1
130.65.6.225,38.98.51.20,13.2
130.65.6.225,38.98.51.20,12.9
130.65.6.225,38.98.51.20,12.9
130.65.6.225,38.98.51.20,13.0
130.65.6.225,38.98.51.20,12.9
130.65.6.225,38.98.51.20,12.9
130.65.6.225,38.98.51.20,12.9
130.65.6.225,38.98.51.20,12.8
130.65.6.225,38.98.51.20,13.0
130.65.6.225,38.98.51.20,12.9
130.65.6.225,38.98.51.20,12.9
130.65.6.225,38.98.51.20,12.9
130.65.6.225,38.98.51.20,12.9
130.65.6.225,38.98.51.20,13.0
130.65.6.225,38.98.51.20,13.3
130.65.6.225,38.98.51.20,12.8
130.65.6.225,38.98.51.20,13.0
130.65.6.225,38.98.51.20,12.9
130.65.6.225,38.98.51.20,12.9
130.65.6.225,38.98.51.20,12.9
130.65.6.225,38.98.51.20,13.0
130.65.6.225,38.98.51.20,12.9
130.65.6.225,38.98.51.20,12.9
130.65.6.225,38.98.51.20,12.9
130.65.6.225,38.98.51.20,12.9
130.65.6.225,38.98.51.20,12.9
130.65.6.225,38.98.51.20,12.9
130.65.6.225,38.98.51.20,12.8
130.65.6.225,38.98.51.20,12.9
130.65.6.225,38.98.51.20,13.0
130.65.6.225,38.98.51.20,13.0
130.65.6.225,38.98.51.20,12.9
130.65.6.225,38.98.51.20,12.9
130.65.6.225,38.98.51.20,13.1
130.65.6.225,38.98.51.20,12.8
130.65.6.225,38.98.51.20,13.1
130.65.6.225,38.98.51.20,12.9
130.65.6.225,38.98.51.20,12.9
130.65.6.225,38.98.51.20,13.2
130.65.6.225,38.98.51.20,12.8
130.65.6.225,38.98.51.20,12.9
130.65.6.225,38.98.51.20,12.8
130.65.6.225,38.98.51.20,12.9
130.65.6.225,38.98.51.20,12.8
130.65.6.225,38.98.51.20,12.9
130.65.6.225,38.98.51.20,12.9
130.65.6.225,38.98.51.20,12.9
130.65.6.225,38.98.51.20,12.9
130.65.6.225,38.98.51.20,13.0
130.65.6.225,38.98.51.20,13.2
130.65.6.225,38.98.51.20,13.3
130.65.6.225,38.98.51.20,12.9
130.65.6.225,38.98.51.20,12.8
130.65.6.225,38.98.51.20,12.9
130.65.6.225,38.98.51.20,12.9
130.65.6.225,38.98.51.20,12.9
130.65.6.225,38.98.51.20,13.1
130.65.6.225,38.98.51.20,12.9
130.65.6.225,38.98.51.20,12.9
130.65.6.225,38.98.51.20,12.9
130.65.6.225,38.98.51.20,12.9
130.65.6.225,38.98.51.20,12.9
130.65.6.225,38.98.51.20,13.0
130.65.6.225,38.98.51.20,12.9
130.65.6.225,38.98.51.20,12.8
130.65.6.225,38.98.51.20,12.9
130.65.6.225,38.98.51.20,12.9
130.65.6.225,38.98.51.20,12.9
130.65.6.225,38.98.51.20,13.0
130.65.6.225,38.98.51.20,12.9
130.65.6.225,38.98.51.20,12.9
130.65.6.225,38.98.51.20,12.9
130.65.6.225,38.98.51.20,12.9
130.65.6.225,38.98.51.20,12.9
130.65.6.225,38.98.51.20,12.9
130.65.6.225,38.98.51.20,12.8
130.65.6.225,38.98.51.20,13.0
130.65.6.225,38.98.51.20,12.8
130.65.6.225,38.98.51.20,12.9
130.65.6.225,38.98.51.20,12.9
130.65.6.225,38.98.51.20,12.9
130.65.6.225,38.98.51.20,12.8
130.65.6.225,38.98.51.20,12.9
130.65.6.225,38.98.51.20,12.9
130.65.6.225,38.98.51.20,12.9
130.65.6.225,38.98.51.20,12.8
130.65.6.225,38.98.51.20,12.9
130.65.6.225,38.98.51.20,13.0
130.65.6.225,38.98.51.20,12.9
130.65.6.225,38.98.51.20,12.9
130.65.6.225,38.98.51.20,13.3
130.65.6.225,38.98.51.20,12.8
130.65.6.225,38.98.51.20,12.9
130.65.6.225,38.98.51.20,12.9
130.65.6.225,38.98.51.20,12.9
130.65.6.225,38.98.51.20,12.9
130.65.6.225,38.98.51.20,12.9
130.65.6.225,38.98.51.20,12.9
130.65.6.225,38.98.51.20,12.9
130.65.6.225,38.98.51.20,12.9
130.65.6.225,38.98.51.20,12.8
130.65.6.225,38.98.51.20,12.9
130.65.6.225,38.98.51.20,12.9
130.65.6.225,38.98.51.20,12.9
130.65.6.225,38.98.51.20,12.8
130.65.6.225,38.98.51.20,13.0
130.65.6.225,38.98.51.20,12.9
130.65.6.225,38.98.51.20,13.1
130.65.6.225,38.98.51.20,12.9
130.65.6.225,38.98.51.20,12.9
130.65.6.225,38.98.51.20,12.8
130.65.6.225,38.98.51.20,13.1
130.65.6.225,38.98.51.20,12.9
130.65.6.225,38.98.51.20,12.9
130.65.6.225,38.98.51.20,13.2
130.65.6.225,38.98.51.20,12.9
130.65.6.225,38.98.51.20,12.8
130.65.6.225,38.98.51.20,12.8
130.65.6.225,38.98.51.20,13.0
130.65.6.225,38.98.51.20,13.2
130.65.6.225,38.98.51.20,12.9
130.65.6.225,38.98.51.20,12.9
130.65.6.225,38.98.51.20,12.9
130.65.6.225,38.98.51.20,13.0
130.65.6.225,38.98.51.20,12.9
130.65.6.225,38.98.51.20,12.9
130.65.6.225,38.98.51.20,12.9
130.65.6.225,38.98.51.20,12.9
130.65.6.225,38.98.51.20,12.9
130.65.6.225,38.98.51.20,12.9
130.65.6.225,38.98.51.20,12.8
130.65.6.225,38.98.51.20,12.8
130.65.6.225,38.98.51.20,12.9
130.65.6.225,38.98.51.20,13.0
130.65.6.225,38.98.51.20,12.9
130.65.6.225,38.98.51.20,12.9
130.65.6.225,38.98.51.20,12.9
130.65.6.225,38.98.51.20,13.0
130.65.6.225,38.98.51.20,12.9
130.65.6.225,38.98.51.20,12.9
130.65.6.225,38.98.51.20,12.9
130.65.6.225,38.98.51.20,13.0
130.65.6.225,38.98.51.20,12.9
130.65.6.225,38.98.51.20,12.9
130.65.6.225,38.98.51.20,12.9
130.65.6.225,38.98.51.20,12.9
130.65.6.225,38.98.51.20,12.9
130.65.6.225,38.98.51.20,12.9
130.65.6.225,38.98.51.20,13.1
130.65.6.225,38.98.51.20,13.0
130.65.6.225,38.98.51.20,13.1
130.65.6.225,38.98.51.20,12.9
130.65.6.225,38.98.51.20,12.9
130.65.6.225,38.98.51.20,13.0
130.65.6.225,38.98.51.20,12.9
130.65.6.225,38.98.51.20,12.9
130.65.6.225,38.98.51.20,12.9
130.65.6.225,38.98.51.20,13.1
130.65.6.225,38.98.51.20,12.9
130.65.6.225,38.98.51.20,12.8
130.65.6.225,38.98.51.20,12.8
130.65.6.225,38.98.51.20,12.9
130.65.6.225,38.98.51.20,13.0
130.65.6.225,38.98.51.20,12.9
130.65.6.225,38.98.51.20,12.8
130.65.6.225,38.98.51.20,12.9
130.65.6.225,38.98.51.20,12.8
130.65.6.225,38.98.51.20,13.9
130.65.6.225,38.98.51.20,12.9
130.65.6.225,38.98.51.20,13.0
130.65.6.225,38.98.51.20,12.9
130.65.6.225,38.98.51.20,12.8
130.65.6.225,38.98.51.20,12.9
130.65.6.225,38.98.51.20,12.9
130.65.6.225,38.98.51.20,12.9
130.65.6.225,38.98.51.20,12.9
130.65.6.225,38.98.51.20,12.9
130.65.6.225,38.98.51.20,12.9
130.65.6.225,38.98.51.20,12.9
130.65.6.225,38.98.51.20,13.0
130.65.6.225,38.98.51.20,12.9
130.65.6.225,38.98.51.20,12.9
130.65.6.225,38.98.51.20,13.0
130.65.6.225,38.98.51.20,12.9
130.65.6.225,38.98.51.20,12.9
130.65.6.225,38.98.51.20,12.9
130.65.6.225,38.98.51.20,13.2
130.65.6.225,38.98.51.20,13.4
130.65.6.225,38.98.51.20,13.0
130.65.6.225,38.98.51.20,13.0
130.65.6.225,38.98.51.20,12.9
130.65.6.225,38.98.51.20,12.9
130.65.6.225,38.98.51.20,13.0
130.65.6.225,38.98.51.20,13.1
130.65.6.225,38.98.51.20,12.9
130.65.6.225,38.98.51.20,12.9
130.65.6.225,38.98.51.20,12.9
130.65.6.225,38.98.51.20,13.0
130.65.6.225,38.98.51.20,13.1
130.65.6.225,38.98.51.20,12.9
130.65.6.225,38.98.51.20,12.9
130.65.6.225,38.98.51.20,13.0
130.65.6.225,38.98.51.20,12.9
130.65.6.225,38.98.51.20,13.1
130.65.6.225,38.98.51.20,13.1
130.65.6.225,38.98.51.20,13.0
130.65.6.225,38.98.51.20,12.9
130.65.6.225,38.98.51.20,12.9
130.65.6.225,38.98.51.20,12.9
130.65.6.225,38.98.51.20,13.0
130.65.6.225,38.98.51.20,13.0
130.65.6.225,38.98.51.20,12.9
130.65.6.225,38.98.51.20,12.9
130.65.6.225,38.98.51.20,12.9
130.65.6.225,38.98.51.20,12.9
130.65.6.225,38.98.51.20,12.9
130.65.6.225,38.98.51.20,12.9
130.65.6.225,38.98.51.20,12.8
130.65.6.225,38.98.51.20,12.8
130.65.6.225,38.98.51.20,13.0
130.65.6.225,38.98.51.20,12.8
130.65.6.225,38.98.51.20,12.9
130.65.6.225,38.98.51.20,12.9
130.65.6.225,38.98.51.20,12.9
130.65.6.225,38.98.51.20,12.9
130.65.6.225,38.98.51.20,12.8
130.65.6.225,38.98.51.20,12.9
130.65.6.225,38.98.51.20,12.9
130.65.6.225,38.98.51.20,13.1
130.65.6.225,38.98.51.20,12.8
130.65.6.225,38.98.51.20,13.0
130.65.6.225,38.98.51.20,13.1
130.65.6.225,38.98.51.20,12.9
130.65.6.225,38.98.51.20,12.9
130.65.6.225,38.98.51.20,12.8
130.65.6.225,38.98.51.20,12.8
130.65.6.225,38.98.51.20,12.9
130.65.6.225,38.98.51.20,12.9
130.65.6.225,38.98.51.20,12.9
130.65.6.225,38.98.51.20,13.0
130.65.6.225,38.98.51.20,13.0
130.65.6.225,38.98.51.20,12.8
130.65.6.225,38.98.51.20,12.8
130.65.6.225,38.98.51.20,13.0
130.65.6.225,38.98.51.20,12.9
130.65.6.225,38.98.51.20,12.8
130.65.6.225,38.98.51.20,12.9
130.65.6.225,38.98.51.20,13.1
130.65.6.225,38.98.51.20,12.8
130.65.6.225,38.98.51.20,12.9
130.65.6.225,38.98.51.20,13.0
130.65.6.225,38.98.51.20,12.9
130.65.6.225,38.98.51.20,12.9
130.65.6.225,38.98.51.20,12.8
130.65.6.225,38.98.51.20,12.8
130.65.6.225,38.98.51.20,13.3
130.65.6.225,38.98.51.20,13.0
130.65.6.225,38.98.51.20,12.8
130.65.6.225,38.98.51.20,12.8
130.65.6.225,38.98.51.20,12.9
130.65.6.225,38.98.51.20,12.9
130.65.6.225,38.98.51.20,12.8
130.65.6.225,38.98.51.20,12.9
130.65.6.225,38.98.51.20,12.8
130.65.6.225,38.98.51.20,12.8
130.65.6.225,38.98.51.20,12.9
130.65.6.225,38.98.51.20,13.0
130.65.6.225,38.98.51.20,13.1
130.65.6.225,38.98.51.20,12.9
130.65.6.225,38.98.51.20,13.0
130.65.6.225,38.98.51.20,12.9
130.65.6.225,38.98.51.20,13.0
130.65.6.225,38.98.51.20,13.1
130.65.6.225,38.98.51.20,12.9
130.65.6.225,38.98.51.20,12.8
130.65.6.225,38.98.51.20,12.9
130.65.6.225,38.98.51.20,13.1
130.65.6.225,38.98.51.20,13.1
130.65.6.225,38.98.51.20,13.0
130.65.6.225,38.98.51.20,13.0
130.65.6.225,38.98.51.20,13.0
130.65.6.225,38.98.51.20,13.1
130.65.6.225,38.98.51.20,12.9
130.65.6.225,38.98.51.20,12.9
130.65.6.225,38.98.51.20,13.2
130.65.6.225,38.98.51.20,12.9
130.65.6.225,38.98.51.20,12.8
130.65.6.225,38.98.51.20,13.0
130.65.6.225,38.98.51.20,13.1
130.65.6.225,38.98.51.20,13.0
130.65.6.225,38.98.51.20,12.9
130.65.6.225,38.98.51.20,13.0
130.65.6.225,38.98.51.20,13.0
130.65.6.225,38.98.51.20,12.9
130.65.6.225,38.98.51.20,13.0
130.65.6.225,38.98.51.20,13.0
130.65.6.225,38.98.51.20,12.9
130.65.6.225,38.98.51.20,12.9
130.65.6.225,38.98.51.20,14.0
130.65.6.225,38.98.51.20,12.9
130.65.6.225,38.98.51.20,13.0
130.65.6.225,38.98.51.20,15.7
130.65.6.225,38.98.51.20,13.2
130.65.6.225,38.98.51.20,12.9
130.65.6.225,38.98.51.20,13.1
130.65.6.225,38.98.51.20,12.9
130.65.6.225,38.98.51.20,12.9
130.65.6.225,38.98.51.20,13.1
130.65.6.225,38.98.51.20,12.9
130.65.6.225,38.98.51.20,13.1
130.65.6.225,38.98.51.20,12.9
130.65.6.225,38.98.51.20,12.8
130.65.6.225,38.98.51.20,12.9
130.65.6.225,38.98.51.20,13.1
130.65.6.225,38.98.51.20,13.0
130.65.6.225,38.98.51.20,13.0
130.65.6.225,38.98.51.20,12.9
130.65.6.225,38.98.51.20,13.1
130.65.6.225,38.98.51.20,12.9
130.65.6.225,38.98.51.20,13.0
130.65.6.225,38.98.51.20,13.0
130.65.6.225,38.98.51.20,12.9
130.65.6.225,38.98.51.20,12.9
130.65.6.225,38.98.51.20,12.9
130.65.6.225,38.98.51.20,12.9
130.65.6.225,38.98.51.20,13.0
130.65.6.225,38.98.51.20,12.9
130.65.6.225,38.102.0.109,21.3
130.65.6.225,38.102.0.109,46.7
130.65.6.225,38.102.0.109,21.3
130.65.6.225,38.102.0.109,26.4
130.65.6.225,38.102.0.109,21.3
130.65.6.225,38.102.0.109,21.3
130.65.6.225,38.102.0.109,68.8
130.65.6.225,38.102.0.109,21.5
130.65.6.225,38.102.0.109,21.2
130.65.6.225,38.102.0.109,21.5
130.65.6.225,38.102.0.109,21.3
130.65.6.225,38.102.0.109,21.3
130.65.6.225,38.102.0.109,21.3
130.65.6.225,38.102.0.109,21.3
130.65.6.225,38.102.0.109,21.6
130.65.6.225,38.102.0.109,21.3
130.65.6.225,38.102.0.109,21.6
130.65.6.225,38.102.0.109,21.3
130.65.6.225,38.102.0.109,21.3
130.65.6.225,38.102.0.109,21.5
130.65.6.225,38.102.0.109,21.3
130.65.6.225,38.102.0.109,21.3
130.65.6.225,38.102.0.109,21.3
130.65.6.225,38.102.0.109,21.4
130.65.6.225,38.102.0.109,21.2
130.65.6.225,38.102.0.109,21.2
130.65.6.225,38.102.0.109,21.3
130.65.6.225,38.102.0.109,21.4
130.65.6.225,38.102.0.109,21.2
130.65.6.225,38.102.0.109,21.6
130.65.6.225,38.102.0.109,21.3
130.65.6.225,38.102.0.109,21.4
130.65.6.225,38.102.0.109,21.4
130.65.6.225,38.102.0.109,21.3
130.65.6.225,38.102.0.109,21.3
130.65.6.225,38.102.0.109,21.3
130.65.6.225,38.102.0.109,21.3
130.65.6.225,38.102.0.109,21.4
130.65.6.225,38.102.0.109,21.3
130.65.6.225,38.102.0.109,21.3
130.65.6.225,38.102.0.109,21.3
130.65.6.225,38.102.0.109,21.3
130.65.6.225,38.102.0.109,21.3
130.65.6.225,38.102.0.109,21.3
130.65.6.225,38.102.0.109,21.3
130.65.6.225,38.102.0.109,21.3
130.65.6.225,38.102.0.109,21.3
130.65.6.225,38.102.0.109,21.4
130.65.6.225,38.102.0.109,21.3
130.65.6.225,38.102.0.109,21.2
130.65.6.225,38.102.0.109,21.5
130.65.6.225,38.102.0.109,21.4
130.65.6.225,38.102.0.109,21.3
130.65.6.225,38.102.0.109,21.2
130.65.6.225,38.102.0.109,21.4
130.65.6.225,38.102.0.109,21.3
130.65.6.225,38.102.0.109,21.5
130.65.6.225,38.102.0.109,21.3
130.65.6.225,38.102.0.109,21.2
130.65.6.225,38.102.0.109,21.4
130.65.6.225,38.102.0.109,21.3
130.65.6.225,38.102.0.109,21.4
130.65.6.225,38.102.0.109,21.5
130.65.6.225,38.102.0.109,21.4
130.65.6.225,38.102.0.109,21.2
130.65.6.225,38.102.0.109,21.3
130.65.6.225,38.102.0.109,21.3
130.65.6.225,38.102.0.109,21.4
130.65.6.225,38.102.0.109,21.3
130.65.6.225,38.102.0.109,21.2
130.65.6.225,38.102.0.109,21.3
130.65.6.225,38.102.0.109,21.4
130.65.6.225,38.102.0.109,21.2
130.65.6.225,38.102.0.109,21.3
130.65.6.225,38.102.0.109,21.3
130.65.6.225,38.102.0.109,21.3
130.65.6.225,38.102.0.109,21.3
130.65.6.225,38.102.0.109,21.2
130.65.6.225,38.102.0.109,21.3
130.65.6.225,38.102.0.109,21.3
130.65.6.225,38.102.0.109,21.3
130.65.6.225,38.102.0.109,21.4
130.65.6.225,38.102.0.109,21.3
130.65.6.225,38.102.0.109,21.6
130.65.6.225,38.102.0.109,21.3
130.65.6.225,38.102.0.109,21.3
130.65.6.225,38.102.0.109,21.4
130.65.6.225,38.102.0.109,21.3
130.65.6.225,38.102.0.109,21.5
130.65.6.225,38.102.0.109,21.4
130.65.6.225,38.102.0.109,21.4
130.65.6.225,38.102.0.109,21.2
130.65.6.225,38.102.0.109,21.6
130.65.6.225,38.102.0.109,21.3
130.65.6.225,38.102.0.109,21.4
130.65.6.225,38.102.0.109,21.3
130.65.6.225,38.102.0.109,21.4
130.65.6.225,38.102.0.109,21.4
130.65.6.225,38.102.0.109,21.3
130.65.6.225,38.102.0.109,21.3
130.65.6.225,38.102.0.109,21.2
130.65.6.225,38.102.0.109,21.3
130.65.6.225,38.102.0.109,21.3
130.65.6.225,38.102.0.109,21.2
130.65.6.225,38.102.0.109,21.3
130.65.6.225,38.102.0.109,21.3
130.65.6.225,38.102.0.109,21.4
130.65.6.225,38.102.0.109,21.3
130.65.6.225,38.102.0.109,21.3
130.65.6.225,38.102.0.109,21.3
130.65.6.225,38.102.0.109,21.3
130.65.6.225,38.102.0.109,21.5
130.65.6.225,38.102.0.109,21.2
130.65.6.225,38.102.0.109,21.3
130.65.6.225,38.102.0.109,21.2
130.65.6.225,38.102.0.109,21.3
130.65.6.225,38.102.0.109,21.4
130.65.6.225,38.102.0.109,21.5
130.65.6.225,38.102.0.109,21.3
130.65.6.225,38.102.0.109,21.2
130.65.6.225,38.102.0.109,21.4
130.65.6.225,38.102.0.109,21.2
130.65.6.225,38.102.0.109,21.4
130.65.6.225,38.102.0.109,21.3
130.65.6.225,38.102.0.109,21.3
130.65.6.225,38.102.0.109,21.3
130.65.6.225,38.102.0.109,21.4
130.65.6.225,38.102.0.109,21.4
130.65.6.225,38.102.0.109,21.2
130.65.6.225,38.102.0.109,21.3
130.65.6.225,38.102.0.109,21.3
130.65.6.225,38.102.0.109,21.3
130.65.6.225,38.102.0.109,21.4
130.65.6.225,38.102.0.109,21.3
130.65.6.225,38.102.0.109,21.2
130.65.6.225,38.102.0.109,21.2
130.65.6.225,38.102.0.109,21.3
130.65.6.225,38.102.0.109,21.3
130.65.6.225,38.102.0.109,21.3
130.65.6.225,38.102.0.109,21.2
130.65.6.225,38.102.0.109,21.4
130.65.6.225,38.102.0.109,21.6
130.65.6.225,38.102.0.109,21.3
130.65.6.225,38.102.0.109,21.3
130.65.6.225,38.102.0.109,21.3
130.65.6.225,38.102.0.109,21.5
130.65.6.225,38.102.0.109,21.3
130.65.6.225,38.102.0.109,21.4
130.65.6.225,38.102.0.109,21.2
130.65.6.225,38.102.0.109,21.4
130.65.6.225,38.102.0.109,21.3
130.65.6.225,38.102.0.109,21.2
130.65.6.225,38.102.0.109,21.3
130.65.6.225,38.102.0.109,21.3
130.65.6.225,38.102.0.109,21.7
130.65.6.225,38.102.0.109,21.2
130.65.6.225,38.102.0.109,21.3
130.65.6.225,38.102.0.109,21.4
130.65.6.225,38.102.0.109,21.2
130.65.6.225,38.102.0.109,21.3
130.65.6.225,38.102.0.109,21.3
130.65.6.225,38.102.0.109,21.3
130.65.6.225,38.102.0.109,21.3
130.65.6.225,38.102.0.109,21.2
130.65.6.225,38.102.0.109,21.3
130.65.6.225,38.102.0.109,21.3
130.65.6.225,38.102.0.109,21.3
130.65.6.225,38.102.0.109,21.4
130.65.6.225,38.102.0.109,21.3
130.65.6.225,38.102.0.109,21.5
130.65.6.225,38.102.0.109,21.4
130.65.6.225,38.102.0.109,21.3
130.65.6.225,38.102.0.109,21.5
130.65.6.225,38.102.0.109,21.3
130.65.6.225,38.102.0.109,21.4
130.65.6.225,38.102.0.109,21.2
130.65.6.225,38.102.0.109,21.3
130.65.6.225,38.102.0.109,21.4
130.65.6.225,38.102.0.109,21.4
130.65.6.225,38.102.0.109,21.3
130.65.6.225,38.102.0.109,21.2
130.65.6.225,38.102.0.109,21.5
130.65.6.225,38.102.0.109,21.3
130.65.6.225,38.102.0.109,21.3
130.65.6.225,38.102.0.109,21.2
130.65.6.225,38.102.0.109,21.3
130.65.6.225,38.102.0.109,21.3
130.65.6.225,38.102.0.109,21.3
130.65.6.225,38.102.0.109,21.4
130.65.6.225,38.102.0.109,21.3
130.65.6.225,38.102.0.109,21.5
130.65.6.225,38.102.0.109,21.2
130.65.6.225,38.102.0.109,21.2
130.65.6.225,38.102.0.109,21.3
130.65.6.225,38.102.0.109,21.3
130.65.6.225,38.102.0.109,21.2
130.65.6.225,38.102.0.109,21.2
130.65.6.225,38.102.0.109,21.2
130.65.6.225,38.102.0.109,21.3
130.65.6.225,38.102.0.109,21.3
130.65.6.225,38.102.0.109,21.3
130.65.6.225,38.102.0.109,21.2
130.65.6.225,38.102.0.109,21.3
130.65.6.225,38.102.0.109,21.2
130.65.6.225,38.102.0.109,21.2
130.65.6.225,38.102.0.109,21.4
130.65.6.225,38.102.0.109,21.3
130.65.6.225,38.102.0.109,21.2
130.65.6.225,38.102.0.109,21.2
130.65.6.225,38.102.0.109,21.3
130.65.6.225,38.102.0.109,21.3
130.65.6.225,38.102.0.109,21.3
130.65.6.225,38.102.0.109,21.4
130.65.6.225,38.102.0.109,21.2
130.65.6.225,38.102.0.109,21.2
130.65.6.225,38.102.0.109,21.3
130.65.6.225,38.102.0.109,21.3
130.65.6.225,38.102.0.109,21.4
130.65.6.225,38.102.0.109,21.3
130.65.6.225,38.102.0.109,21.3
130.65.6.225,38.102.0.109,21.3
130.65.6.225,38.102.0.109,21.3
130.65.6.225,38.102.0.109,21.2
130.65.6.225,38.102.0.109,21.3
130.65.6.225,38.102.0.109,21.2
130.65.6.225,38.102.0.109,21.2
130.65.6.225,38.102.0.109,21.2
130.65.6.225,38.102.0.109,21.2
130.65.6.225,38.102.0.109,21.2
130.65.6.225,38.102.0.109,21.3
130.65.6.225,38.102.0.109,21.2
130.65.6.225,38.102.0.109,21.4
130.65.6.225,38.102.0.109,21.6
130.65.6.225,38.102.0.109,21.4
130.65.6.225,38.102.0.109,21.2
130.65.6.225,38.102.0.109,21.2
130.65.6.225,38.102.0.109,21.3
130.65.6.225,38.102.0.109,21.4
130.65.6.225,38.102.0.109,21.2
130.65.6.225,38.102.0.109,21.3
130.65.6.225,38.102.0.109,21.3
130.65.6.225,38.102.0.109,21.3
130.65.6.225,38.102.0.109,21.2
130.65.6.225,38.102.0.109,21.3
130.65.6.225,38.102.0.109,21.3
130.65.6.225,38.102.0.109,21.3
130.65.6.225,38.102.0.109,21.2
130.65.6.225,38.102.0.109,21.3
130.65.6.225,38.102.0.109,21.2
130.65.6.225,38.102.0.109,21.2
130.65.6.225,38.102.0.109,21.4
130.65.6.225,38.102.0.109,21.4
130.65.6.225,38.102.0.109,21.3
130.65.6.225,38.102.0.109,21.4
130.65.6.225,38.102.0.109,21.2
130.65.6.225,38.102.0.109,21.3
130.65.6.225,38.102.0.109,21.4
130.65.6.225,38.102.0.109,21.3
130.65.6.225,38.102.0.109,21.3
130.65.6.225,38.102.0.109,21.3
130.65.6.225,38.102.0.109,21.3
130.65.6.225,38.102.0.109,21.3
130.65.6.225,38.102.0.109,21.3
130.65.6.225,38.102.0.109,21.2
130.65.6.225,38.102.0.109,21.4
130.65.6.225,38.102.0.109,21.3
130.65.6.225,38.102.0.109,21.3
130.65.6.225,38.102.0.109,21.8
130.65.6.225,38.102.0.109,21.3
130.65.6.225,38.102.0.109,21.3
130.65.6.225,38.102.0.109,21.3
130.65.6.225,38.102.0.109,21.3
130.65.6.225,38.102.0.109,21.3
130.65.6.225,38.102.0.109,21.4
130.65.6.225,38.102.0.109,21.3
130.65.6.225,38.102.0.109,21.3
130.65.6.225,38.102.0.109,21.3
130.65.6.225,38.102.0.109,21.3
130.65.6.225,38.102.0.109,21.2
130.65.6.225,38.102.0.109,22.2
130.65.6.225,38.102.0.109,21.3
130.65.6.225,38.102.0.109,21.9
130.65.6.225,38.102.0.109,21.7
130.65.6.225,38.102.0.109,21.3
130.65.6.225,38.102.0.109,21.2
130.65.6.225,38.102.0.109,21.3
130.65.6.225,38.102.0.109,21.3
130.65.6.225,38.102.0.109,21.5
130.65.6.225,38.102.0.109,21.3
130.65.6.225,38.102.0.109,21.3
130.65.6.225,38.102.0.109,21.3
130.65.6.225,38.102.0.109,21.2
130.65.6.225,38.102.0.109,21.3
130.65.6.225,38.102.0.109,21.2
130.65.6.225,38.102.0.109,21.5
130.65.6.225,38.102.0.109,21.3
130.65.6.225,38.102.0.109,21.3
130.65.6.225,38.102.0.109,21.3
130.65.6.225,38.102.0.109,21.3
130.65.6.225,38.102.0.109,21.3
130.65.6.225,38.102.0.109,21.3
130.65.6.225,38.102.0.109,21.3
130.65.6.225,38.102.0.109,21.3
130.65.6.225,38.102.0.109,21.3
130.65.6.225,38.102.0.109,21.5
130.65.6.225,38.102.0.109,21.3
130.65.6.225,38.102.0.109,21.3
130.65.6.225,38.102.0.109,21.3
130.65.6.225,38.102.0.109,21.3
130.65.6.225,38.102.0.109,21.4
130.65.6.225,38.102.0.109,21.3
130.65.6.225,38.102.0.109,21.6
130.65.6.225,38.102.0.109,21.3
130.65.6.225,38.102.0.109,21.3
130.65.6.225,38.102.0.109,21.4
130.65.6.225,38.102.0.109,21.6
130.65.6.225,38.102.0.109,21.3
130.65.6.225,38.102.0.109,21.3
130.65.6.225,38.102.0.109,21.4
130.65.6.225,38.102.0.109,21.3
130.65.6.225,38.102.0.109,21.2
130.65.6.225,38.102.0.109,21.8
130.65.6.225,38.102.0.109,21.3
130.65.6.225,38.102.0.109,21.3
130.65.6.225,38.102.0.109,21.4
130.65.6.225,38.102.0.109,21.2
130.65.6.225,38.102.0.109,21.3
130.65.6.225,38.102.0.109,21.4
130.65.6.225,38.102.0.109,21.6
130.65.6.225,38.102.0.109,21.3
130.65.6.225,38.102.0.109,21.2
130.65.6.225,38.102.0.109,21.3
130.65.6.225,38.102.0.109,21.3
130.65.6.225,38.102.0.109,21.4
130.65.6.225,38.102.0.109,21.4
130.65.6.225,38.102.0.109,21.2
130.65.6.225,38.102.0.109,21.3
130.65.6.225,38.102.0.109,21.2
130.65.6.225,38.102.0.109,21.2
130.65.6.225,38.102.0.109,21.3
130.65.6.225,38.102.0.109,21.2
130.65.6.225,38.102.0.109,21.4
130.65.6.225,38.102.0.109,21.3
130.65.6.225,38.102.0.109,21.3
130.65.6.225,38.102.0.109,21.5
130.65.6.225,38.102.0.109,21.4
130.65.6.225,38.102.0.109,21.3
130.65.6.225,38.102.0.109,21.3
130.65.6.225,38.102.0.109,21.4
130.65.6.225,38.102.0.109,21.3
130.65.6.225,38.102.0.109,21.3
130.65.6.225,38.102.0.109,21.3
130.65.6.225,38.102.0.109,21.2
130.65.6.225,38.102.0.109,21.4
130.65.6.225,38.102.0.109,21.3
130.65.6.225,38.102.0.109,21.2
130.65.6.225,38.102.0.109,21.3
130.65.6.225,38.102.0.109,21.2
130.65.6.225,38.102.0.109,21.2
130.65.6.225,38.102.0.109,21.3
130.65.6.225,38.102.0.109,21.5
130.65.6.225,38.102.0.109,21.2
130.65.6.225,38.102.0.109,21.3
130.65.6.225,38.102.0.109,21.2
130.65.6.225,38.102.0.109,21.3
130.65.6.225,38.102.0.109,21.6
130.65.6.225,38.102.0.109,21.3
130.65.6.225,38.102.0.109,21.6
130.65.6.225,38.102.0.109,21.3
130.65.6.225,38.102.0.109,21.4
130.65.6.225,38.102.0.109,21.3
130.65.6.225,38.102.0.109,21.3
130.65.6.225,38.102.0.109,21.4
130.65.6.225,38.102.0.109,21.3
130.65.6.225,38.102.0.109,21.3
130.65.6.225,38.102.0.109,21.3
130.65.6.225,38.102.0.109,21.4
130.65.6.225,38.102.0.109,21.4
130.65.6.225,38.102.0.109,21.2
130.65.6.225,38.102.0.109,21.3
130.65.6.225,38.102.0.109,21.3
130.65.6.225,38.102.0.109,21.3
130.65.6.225,38.102.0.109,21.3
130.65.6.225,38.102.0.109,21.5
130.65.6.225,38.102.0.109,21.2
130.65.6.225,38.102.0.109,21.7
130.65.6.225,38.102.0.109,21.2
130.65.6.225,38.102.0.109,21.5
130.65.6.225,38.102.0.109,21.3
130.65.6.225,38.102.0.109,21.9
130.65.6.225,38.102.0.109,21.4
130.65.6.225,38.102.0.109,21.4
130.65.6.225,38.102.0.109,21.3
130.65.6.225,38.102.0.109,21.3
130.65.6.225,38.102.0.109,21.3
130.65.6.225,38.102.0.109,21.3
130.65.6.225,38.102.0.109,21.4
130.65.6.225,38.102.0.109,21.3
130.65.6.225,38.102.0.109,21.4
130.65.6.225,38.102.0.109,21.3
130.65.6.225,38.102.0.109,21.3
130.65.6.225,38.102.0.109,21.4
130.65.6.225,38.102.0.109,21.3
130.65.6.225,38.102.0.109,21.4
130.65.6.225,38.102.0.109,21.3
130.65.6.225,38.102.0.109,21.3
130.65.6.225,38.102.0.109,21.5
130.65.6.225,38.102.0.109,21.9
130.65.6.225,38.102.0.109,21.3
130.65.6.225,38.102.0.109,21.4
130.65.6.225,38.102.0.109,21.3
130.65.6.225,38.102.0.109,21.3
130.65.6.225,38.102.0.109,21.3
130.65.6.225,38.102.0.109,21.4
130.65.6.225,38.102.0.109,21.4
130.65.6.225,38.102.0.109,21.3
130.65.6.225,38.102.0.109,21.3
130.65.6.225,38.102.0.109,21.3
130.65.6.225,38.102.0.109,21.5
130.65.6.225,38.102.0.109,21.8
130.65.6.225,38.102.0.109,21.5
130.65.6.225,38.102.0.109,21.3
130.65.6.225,38.102.0.109,21.3
130.65.6.225,38.102.0.109,21.3
130.65.6.225,38.102.0.109,21.4
130.65.6.225,38.102.0.109,21.3
130.65.6.225,38.102.0.109,21.3
130.65.6.225,38.102.0.109,21.3
130.65.6.225,38.102.0.109,21.3
130.65.6.225,38.102.0.109,21.4
130.65.6.225,38.102.0.109,21.3
130.65.6.225,38.102.0.109,21.3
130.65.6.225,38.102.0.109,21.4
130.65.6.225,38.102.0.109,21.3
130.65.6.225,38.102.0.109,21.3
130.65.6.225,38.102.0.109,21.3
130.65.6.225,38.102.0.109,21.3
130.65.6.225,38.102.0.109,21.3
130.65.6.225,38.102.0.109,21.4
130.65.6.225,38.102.0.109,21.6
130.65.6.225,38.102.0.109,21.5
130.65.6.225,38.102.0.109,21.3
130.65.6.225,38.102.0.109,21.3
130.65.6.225,38.102.0.109,21.3
130.65.6.225,38.102.0.109,21.4
130.65.6.225,38.102.0.109,21.3
130.65.6.225,38.102.0.109,21.3
130.65.6.225,38.102.0.109,21.3
130.65.6.225,38.102.0.109,21.3
130.65.6.225,38.102.0.109,21.5
130.65.6.225,38.102.0.109,21.3
130.65.6.225,38.102.0.109,21.4
130.65.6.225,38.102.0.109,21.3
130.65.6.225,38.102.0.109,21.3
130.65.6.225,38.102.0.109,21.3
130.65.6.225,38.102.0.109,21.4
130.65.6.225,38.102.0.109,21.3
130.65.6.225,38.102.0.109,21.5
130.65.6.225,38.102.0.109,21.3
130.65.6.225,38.102.0.109,21.4
130.65.6.225,38.102.0.109,21.4
130.65.6.225,38.102.0.109,21.3
130.65.6.225,38.102.0.109,21.6
130.65.6.225,38.102.0.109,21.4
130.65.6.225,38.102.0.109,21.3
130.65.6.225,38.102.0.109,21.3
130.65.6.225,38.102.0.109,21.2
130.65.6.225,38.102.0.109,21.3
130.65.6.225,38.102.0.109,21.3
130.65.6.225,38.102.0.109,21.3
130.65.6.225,38.102.0.109,21.4
130.65.6.225,38.102.0.109,21.5
130.65.6.225,38.102.0.109,21.3
130.65.6.225,38.102.0.109,21.3
130.65.6.225,38.102.0.109,21.4
130.65.6.225,38.102.0.109,21.3
130.65.6.225,38.102.0.109,21.3
130.65.6.225,38.102.0.109,21.3
130.65.6.225,38.102.0.109,21.3
130.65.6.225,38.102.0.109,21.3
130.65.6.225,38.102.0.109,21.3
130.65.6.225,38.102.0.109,21.2
130.65.6.225,38.102.0.109,21.4
130.65.6.225,38.102.0.109,21.3
130.65.6.225,38.102.0.109,21.3
130.65.6.225,38.102.0.109,21.2
130.65.6.225,38.102.0.109,21.4
130.65.6.225,38.102.0.109,21.2
130.65.6.225,38.102.0.109,21.2
130.65.6.225,38.102.0.109,21.3
130.65.6.225,38.102.0.109,21.3
130.65.6.225,38.102.0.109,21.3
130.65.6.225,38.102.0.109,21.7
130.65.6.225,38.102.0.109,21.5
130.65.6.225,38.102.0.109,21.3
130.65.6.225,38.102.0.109,21.6
130.65.6.225,38.102.0.109,21.3
130.65.6.225,38.102.0.109,21.4
130.65.6.225,38.102.0.109,21.3
130.65.6.225,38.102.0.109,21.3
130.65.6.225,38.102.0.109,21.3
130.65.6.225,38.102.0.109,21.5
130.65.6.225,38.102.0.109,21.4
130.65.6.225,38.102.0.109,21.3
130.65.6.225,38.102.0.109,21.5
130.65.6.225,38.102.0.109,21.3
130.65.6.225,38.102.0.109,21.3
130.65.6.225,38.102.0.109,21.3
130.65.6.225,38.102.0.109,21.5
130.65.6.225,38.102.0.109,21.3
130.65.6.225,38.102.0.109,21.6
130.65.6.225,38.102.0.109,21.3
130.65.6.225,38.102.0.109,21.3
130.65.6.225,38.102.0.109,21.3
130.65.6.225,38.102.0.109,21.3
130.65.6.225,38.102.0.109,21.3
130.65.6.225,38.102.0.109,21.2
130.65.6.225,38.102.0.109,21.4
130.65.6.225,38.102.0.109,21.3
130.65.6.225,38.102.0.109,21.6
130.65.6.225,38.102.0.109,21.3
130.65.6.225,38.102.0.109,21.2
130.65.6.225,38.102.0.109,21.6
130.65.6.225,38.102.0.109,21.3
130.65.6.225,38.102.0.109,21.3
130.65.6.225,38.102.0.109,21.5
130.65.6.225,38.102.0.109,21.2
130.65.6.225,38.102.0.109,21.4
130.65.6.225,38.102.0.109,21.3
130.65.6.225,38.102.0.109,21.2
130.65.6.225,38.102.0.109,21.3
130.65.6.225,38.102.0.109,21.3
130.65.6.225,38.102.0.109,21.2
130.65.6.225,38.102.0.109,21.2
130.65.6.225,38.102.0.109,21.2
130.65.6.225,38.102.0.109,21.3
130.65.6.225,38.102.0.109,21.3
130.65.6.225,38.102.0.109,21.2
130.65.6.225,38.102.0.109,21.3
130.65.6.225,38.102.0.109,21.2
130.65.6.225,38.102.0.109,21.3
130.65.6.225,38.102.0.109,21.4
130.65.6.225,38.102.0.109,21.3
130.65.6.225,38.102.0.109,21.2
130.65.6.225,38.102.0.109,21.3
130.65.6.225,38.102.0.109,21.3
130.65.6.225,38.102.0.109,21.4
130.65.6.225,38.102.0.109,21.3
130.65.6.225,38.102.0.109,21.2
130.65.6.225,38.102.0.109,21.2
130.65.6.225,38.102.0.109,21.5
130.65.6.225,38.102.0.109,21.2
130.65.6.225,38.102.0.109,21.3
130.65.6.225,38.102.0.109,21.5
130.65.6.225,38.102.0.109,21.4
130.65.6.225,38.102.0.109,21.3
130.65.6.225,38.102.0.109,21.3
130.65.6.225,38.102.0.109,21.3
130.65.6.225,38.102.0.109,21.3
130.65.6.225,38.102.0.109,21.3
130.65.6.225,38.102.0.109,21.3
130.65.6.225,38.102.0.109,21.4
130.65.6.225,38.102.0.109,21.3
130.65.6.225,38.102.0.109,21.3
130.65.6.225,38.102.0.109,21.2
130.65.6.225,38.102.0.109,21.3
130.65.6.225,38.102.0.109,21.3
130.65.6.225,38.102.0.109,21.3
130.65.6.225,38.102.0.109,21.3
130.65.6.225,38.102.0.109,21.3
130.65.6.225,38.102.0.109,21.3
130.65.6.225,38.102.0.109,21.3
130.65.6.225,38.102.0.109,21.3
130.65.6.225,38.102.0.109,21.3
130.65.6.225,38.102.0.109,21.8
130.65.6.225,38.102.0.109,21.3
130.65.6.225,38.102.0.109,21.3
130.65.6.225,38.102.0.109,21.5
130.65.6.225,38.102.0.109,21.3
130.65.6.225,38.102.0.109,21.3
130.65.6.225,38.102.0.109,21.3
130.65.6.225,38.102.0.109,21.3
130.65.6.225,38.102.0.109,21.8
130.65.6.225,38.102.0.109,21.9
130.65.6.225,38.102.0.109,21.4
130.65.6.225,38.102.0.109,21.3
130.65.6.225,38.102.0.109,21.4
130.65.6.225,38.102.0.109,21.3
130.65.6.225,38.102.0.109,21.3
130.65.6.225,38.102.0.109,21.3
130.65.6.225,38.102.0.109,21.2
130.65.6.225,38.102.0.109,21.5
130.65.6.225,38.102.0.109,21.3
130.65.6.225,38.102.0.109,21.3
130.65.6.225,38.102.0.109,21.3
130.65.6.225,38.102.0.109,21.2
130.65.6.225,38.102.0.109,21.3
130.65.6.225,38.102.0.109,21.3
130.65.6.225,38.102.0.109,21.3
130.65.6.225,38.102.0.109,21.3
130.65.6.225,38.102.0.109,21.3
130.65.6.225,38.102.0.109,21.3
130.65.6.225,38.102.0.109,21.5
130.65.6.225,38.102.0.109,21.2
130.65.6.225,38.102.0.109,21.3
130.65.6.225,38.102.0.109,21.3
130.65.6.225,38.102.0.109,21.4
130.65.6.225,38.102.0.109,21.2
130.65.6.225,38.102.0.109,21.3
130.65.6.225,38.102.0.109,21.3
130.65.6.225,38.102.0.109,21.5
130.65.6.225,38.102.0.109,21.5
130.65.6.225,38.102.0.109,21.3
130.65.6.225,38.102.0.109,21.4
130.65.6.225,38.102.0.109,21.3
130.65.6.225,38.102.0.109,21.4
130.65.6.225,38.102.0.109,21.6
130.65.6.225,38.102.0.109,21.3
130.65.6.225,38.102.0.109,21.3
130.65.6.225,38.102.0.109,21.3
130.65.6.225,38.102.0.109,21.5
130.65.6.225,38.102.0.109,21.3
130.65.6.225,38.102.0.109,21.3
130.65.6.225,38.102.0.109,21.3
130.65.6.225,38.102.0.109,21.3
130.65.6.225,38.102.0.109,21.6
130.65.6.225,38.102.0.109,21.3
130.65.6.225,38.102.0.109,21.4
130.65.6.225,38.102.0.109,21.3
130.65.6.225,38.102.0.109,21.2
130.65.6.225,38.102.0.109,21.4
130.65.6.225,38.102.0.109,21.3
130.65.6.225,38.102.0.109,21.4
130.65.6.225,38.102.0.109,21.5
130.65.6.225,38.102.0.109,21.3
130.65.6.225,38.102.0.109,21.3
130.65.6.225,38.102.0.109,21.3
130.65.6.225,38.102.0.109,21.4
130.65.6.225,38.102.0.109,21.2
130.65.6.225,38.102.0.109,21.3
130.65.6.225,38.102.0.109,21.3
130.65.6.225,38.102.0.109,21.3
130.65.6.225,38.102.0.109,21.4
130.65.6.225,38.102.0.109,21.4
130.65.6.225,38.102.0.109,21.4
130.65.6.225,38.102.0.109,21.3
130.65.6.225,38.102.0.109,21.2
130.65.6.225,38.102.0.109,22.0
130.65.6.225,38.102.0.109,21.3
130.65.6.225,38.102.0.109,21.2
130.65.6.225,38.102.0.109,21.3
130.65.6.225,38.102.0.109,21.3
130.65.6.225,38.102.0.109,21.2
130.65.6.225,38.102.0.109,21.3
130.65.6.225,38.102.0.109,21.3
130.65.6.225,38.102.0.109,21.3
130.65.6.225,38.102.0.109,21.4
130.65.6.225,38.102.0.109,21.4
130.65.6.225,38.102.0.109,21.3
130.65.6.225,38.102.0.109,21.4
130.65.6.225,38.102.0.109,21.4
130.65.6.225,38.102.0.109,21.3
130.65.6.225,38.102.0.109,21.3
130.65.6.225,38.102.0.109,21.2
130.65.6.225,38.102.0.109,21.3
130.65.6.225,38.102.0.109,21.3
130.65.6.225,38.102.0.109,21.3
130.65.6.225,38.102.0.109,21.5
130.65.6.225,38.102.0.109,21.4
130.65.6.225,38.102.0.109,21.3
130.65.6.225,38.102.0.109,21.3
130.65.6.225,38.102.0.109,21.4
130.65.6.225,38.102.0.109,21.4
130.65.6.225,38.102.0.109,21.5
130.65.6.225,38.102.0.109,21.3
130.65.6.225,38.102.0.109,21.8
130.65.6.225,38.102.0.109,21.3
130.65.6.225,38.102.0.109,21.3
130.65.6.225,38.102.0.109,21.4
130.65.6.225,38.102.0.109,21.3
130.65.6.225,38.102.0.109,21.3
130.65.6.225,38.102.0.109,21.4
130.65.6.225,38.102.0.109,21.3
130.65.6.225,38.102.0.109,21.3
130.65.6.225,38.102.0.109,21.3
130.65.6.225,38.102.0.109,21.3
130.65.6.225,38.102.0.109,21.3
130.65.6.225,38.102.0.109,21.5
130.65.6.225,38.102.0.109,21.2
130.65.6.225,38.102.0.109,21.3
130.65.6.225,38.102.0.109,21.3
130.65.6.225,38.102.0.109,21.2
130.65.6.225,38.102.0.109,21.3
130.65.6.225,38.102.0.109,21.2
130.65.6.225,38.102.0.109,21.3
130.65.6.225,38.102.0.109,21.3
130.65.6.225,38.102.0.109,21.2
130.65.6.225,38.102.0.109,21.3
130.65.6.225,38.102.0.109,21.3
130.65.6.225,38.102.0.109,21.4
130.65.6.225,38.102.0.109,21.2
130.65.6.225,38.102.0.109,21.9
130.65.6.225,38.102.0.109,21.3
130.65.6.225,38.102.0.109,21.7
130.65.6.225,38.102.0.109,21.3
130.65.6.225,38.102.0.109,21.3
130.65.6.225,38.102.0.109,21.3
130.65.6.225,38.102.0.109,21.3
130.65.6.225,38.102.0.109,21.5
130.65.6.225,38.102.0.109,21.3
130.65.6.225,38.102.0.109,21.4
130.65.6.225,38.102.0.109,21.3
130.65.6.225,38.102.0.109,21.5
130.65.6.225,38.102.0.109,21.3
130.65.6.225,38.102.0.109,21.5
130.65.6.225,38.102.0.109,21.3
130.65.6.225,38.102.0.109,21.3
130.65.6.225,38.102.0.109,21.3
130.65.6.225,38.102.0.109,21.3
130.65.6.225,38.102.0.109,21.3
130.65.6.225,38.102.0.109,21.3
130.65.6.225,38.102.0.109,21.3
130.65.6.225,38.102.0.109,21.3
130.65.6.225,38.102.0.109,21.3
130.65.6.225,38.102.0.109,21.3
130.65.6.225,38.102.0.109,21.3
130.65.6.225,38.102.0.109,21.3
130.65.6.225,38.102.0.109,21.3
130.65.6.225,38.102.0.109,21.3
130.65.6.225,38.102.0.109,21.4
130.65.6.225,38.102.0.109,21.3
130.65.6.225,38.102.0.109,21.3
130.65.6.225,38.102.0.109,21.3
130.65.6.225,38.102.0.109,21.4
130.65.6.225,38.102.0.109,21.3
130.65.6.225,38.102.0.109,21.3
130.65.6.225,38.102.0.109,21.3
130.65.6.225,38.102.0.109,21.2
130.65.6.225,38.102.0.109,21.7
130.65.6.225,38.102.0.109,21.3
130.65.6.225,38.102.0.109,21.3
130.65.6.225,38.102.0.109,21.3
130.65.6.225,38.102.0.109,21.3
130.65.6.225,38.102.0.109,21.3
130.65.6.225,38.102.0.109,21.3
130.65.6.225,38.102.0.109,21.3
130.65.6.225,38.102.0.109,21.3
130.65.6.225,38.102.0.109,21.2
130.65.6.225,38.102.0.109,21.2
130.65.6.225,38.102.0.109,21.3
130.65.6.225,38.102.0.109,21.3
130.65.6.225,38.102.0.109,21.3
130.65.6.225,38.102.0.109,21.3
130.65.6.225,38.102.0.109,21.3
130.65.6.225,38.102.0.109,21.2
130.65.6.225,38.102.0.109,21.2
130.65.6.225,38.102.0.109,21.4
130.65.6.225,38.102.0.109,21.3
130.65.6.225,38.102.0.109,21.3
130.65.6.225,38.102.0.109,21.6
130.65.6.225,38.102.0.109,21.2
130.65.6.225,38.102.0.109,21.5
130.65.6.225,38.102.0.109,21.4
130.65.6.225,38.102.0.109,21.3
130.65.6.225,38.102.0.109,21.3
130.65.6.225,38.102.0.109,21.3
130.65.6.225,38.102.0.109,21.3
130.65.6.225,38.102.0.109,21.3
130.65.6.225,38.102.0.109,21.3
130.65.6.225,38.102.0.109,21.3
130.65.6.225,38.102.0.109,21.3
130.65.6.225,38.102.0.109,21.3
130.65.6.225,38.102.0.109,21.5
130.65.6.225,38.102.0.109,21.3
130.65.6.225,38.102.0.109,21.3
130.65.6.225,38.102.0.109,21.3
130.65.6.225,38.102.0.109,21.3
130.65.6.225,38.102.0.109,21.3
130.65.6.225,38.102.0.109,21.3
130.65.6.225,38.102.0.109,21.3
130.65.6.225,38.102.0.109,21.3
130.65.6.225,38.102.0.109,21.3
130.65.6.225,38.102.0.109,21.3
130.65.6.225,38.102.0.109,21.3
130.65.6.225,38.102.0.109,21.3
130.65.6.225,38.102.0.109,21.4
130.65.6.225,38.102.0.109,21.3
130.65.6.225,38.102.0.109,21.3
130.65.6.225,38.102.0.109,21.2
130.65.6.225,38.102.0.109,21.2
130.65.6.225,38.102.0.109,21.2
130.65.6.225,38.102.0.109,21.2
130.65.6.225,38.102.0.109,21.2
130.65.6.225,38.102.0.109,21.3
130.65.6.225,38.102.0.109,21.3
130.65.6.225,38.102.0.109,21.3
130.65.6.225,38.102.0.109,21.2
130.65.6.225,38.102.0.109,21.2
130.65.6.225,38.102.0.109,21.3
130.65.6.225,38.102.0.109,21.4
130.65.6.225,38.102.0.109,21.2
130.65.6.225,38.102.0.109,21.3
130.65.6.225,38.102.0.109,21.2
130.65.6.225,38.102.0.109,21.2
130.65.6.225,38.102.0.109,21.3
130.65.6.225,38.102.0.109,21.5
130.65.6.225,38.102.0.109,21.3
130.65.6.225,38.102.0.109,21.4
130.65.6.225,38.102.0.109,21.3
130.65.6.225,38.102.0.109,21.3
130.65.6.225,38.102.0.109,21.3
130.65.6.225,38.102.0.109,21.3
130.65.6.225,38.102.0.109,21.2
130.65.6.225,38.102.0.109,21.2
130.65.6.225,38.102.0.109,21.4
130.65.6.225,38.102.0.109,21.4
130.65.6.225,38.102.0.109,21.2
130.65.6.225,38.102.0.109,21.4
130.65.6.225,38.102.0.109,21.2
130.65.6.225,38.102.0.109,21.5
130.65.6.225,38.102.0.109,21.3
130.65.6.225,38.102.0.109,21.2
130.65.6.225,38.102.0.109,21.2
130.65.6.225,38.102.0.109,21.2
130.65.6.225,38.102.0.109,21.3
130.65.6.225,38.102.0.109,21.2
130.65.6.225,38.102.0.109,21.2
130.65.6.225,38.102.0.109,21.3
130.65.6.225,38.102.0.109,21.4
130.65.6.225,38.102.0.109,21.3
130.65.6.225,38.102.0.109,21.2
130.65.6.225,38.102.0.109,21.3
130.65.6.225,38.102.0.109,21.4
130.65.6.225,38.102.0.109,21.2
130.65.6.225,38.102.0.109,21.8
130.65.6.225,38.102.0.109,21.3
130.65.6.225,38.102.0.109,21.5
130.65.6.225,38.102.0.109,21.3
130.65.6.225,38.102.0.109,21.2
130.65.6.225,38.102.0.109,21.3
130.65.6.225,38.102.0.109,21.3
130.65.6.225,38.102.0.109,21.3
130.65.6.225,38.102.0.109,21.3
130.65.6.225,38.102.0.109,21.3
130.65.6.225,38.102.0.109,21.3
130.65.6.225,38.102.0.109,21.3
130.65.6.225,38.102.0.109,21.2
130.65.6.225,38.102.0.109,21.3
130.65.6.225,38.102.0.109,21.2
130.65.6.225,38.102.0.109,21.3
130.65.6.225,38.102.0.109,21.3
130.65.6.225,38.102.0.109,21.3
130.65.6.225,38.102.0.109,21.3
130.65.6.225,38.102.0.109,21.3
130.65.6.225,38.102.0.109,21.3
130.65.6.225,38.102.0.109,21.2
130.65.6.225,38.102.0.109,21.5
130.65.6.225,38.102.0.109,21.4
130.65.6.225,38.102.0.109,21.2
130.65.6.225,38.102.0.109,21.4
130.65.6.225,38.102.0.109,21.3
130.65.6.225,38.102.0.109,21.4
130.65.6.225,38.102.0.109,21.2
130.65.6.225,38.102.0.109,21.3
130.65.6.225,38.102.0.109,21.4
130.65.6.225,38.102.0.109,21.3
130.65.6.225,38.102.0.109,21.3
130.65.6.225,38.102.0.109,21.2
130.65.6.225,38.102.0.109,21.4
130.65.6.225,38.102.0.109,21.4
130.65.6.225,38.102.0.109,21.3
130.65.6.225,38.102.0.109,21.6
130.65.6.225,38.102.0.109,21.3
130.65.6.225,38.102.0.109,21.3
130.65.6.225,38.102.0.109,21.2
130.65.6.225,38.102.0.109,21.4
130.65.6.225,38.102.0.109,21.4
130.65.6.225,38.102.0.109,21.2
130.65.6.225,38.102.0.109,21.3
130.65.6.225,38.102.0.109,21.3
130.65.6.225,38.102.0.109,21.3
130.65.6.225,38.102.0.109,21.3
130.65.6.225,38.102.0.109,21.3
130.65.6.225,38.102.0.109,21.2
130.65.6.225,38.102.0.109,21.2
130.65.6.225,38.102.0.109,21.3
130.65.6.225,38.102.0.109,21.3
130.65.6.225,38.102.0.109,21.8
130.65.6.225,38.102.0.109,21.3
130.65.6.225,38.102.0.109,21.2
130.65.6.225,38.102.0.109,21.3
130.65.6.225,38.102.0.109,21.3
130.65.6.225,38.102.0.109,21.2
130.65.6.225,38.102.0.109,21.4
130.65.6.225,38.102.0.109,21.3
130.65.6.225,38.102.0.109,21.2
130.65.6.225,38.102.0.109,21.3
130.65.6.225,38.102.0.109,21.3
130.65.6.225,38.102.0.109,21.3
130.65.6.225,38.102.0.109,21.3
130.65.6.225,38.102.0.109,21.3
130.65.6.225,38.102.0.109,21.3
130.65.6.225,38.102.0.109,21.3
130.65.6.225,38.102.0.109,21.2
130.65.6.225,38.102.0.109,21.3
130.65.6.225,38.102.0.109,21.3
130.65.6.225,38.102.0.109,21.4
130.65.6.225,38.102.0.109,21.3
130.65.6.225,38.102.0.109,21.2
130.65.6.225,38.102.0.109,21.2
130.65.6.225,38.102.0.109,21.3
130.65.6.225,38.102.0.109,21.3
130.65.6.225,38.102.0.109,21.2
130.65.6.225,38.102.0.109,21.3
130.65.6.225,38.102.0.109,21.3
130.65.6.225,38.102.0.109,21.4
130.65.6.225,38.102.0.109,21.3
130.65.6.225,38.102.0.109,21.3
130.65.6.225,38.102.0.109,21.5
130.65.6.225,38.102.0.109,21.3
130.65.6.225,38.102.0.109,21.2
130.65.6.225,38.102.0.109,21.5
130.65.6.225,38.102.0.109,21.3
130.65.6.225,38.102.0.109,21.2
130.65.6.225,38.102.0.109,21.4
130.65.6.225,38.102.0.109,21.3
130.65.6.225,38.102.0.109,21.3
130.65.6.225,38.102.0.109,21.4
130.65.6.225,38.102.0.109,21.4
130.65.6.225,38.102.0.109,21.2
130.65.6.225,38.102.0.109,21.3
130.65.6.225,38.102.0.109,21.3
130.65.6.225,38.102.0.109,21.3
130.65.6.225,38.102.0.109,21.3
130.65.6.225,38.102.0.109,21.3
130.65.6.225,38.102.0.109,21.2
130.65.6.225,38.102.0.109,21.3
130.65.6.225,38.102.0.109,21.2
130.65.6.225,38.102.0.109,21.3
130.65.6.225,38.102.0.109,21.3
130.65.6.225,38.102.0.109,21.2
130.65.6.225,38.102.0.109,21.4
130.65.6.225,38.102.0.109,21.3
130.65.6.225,38.102.0.109,21.3
130.65.6.225,38.102.0.109,21.3
130.65.6.225,38.102.0.109,21.3
130.65.6.225,38.102.0.109,21.2
130.65.6.225,38.102.0.109,21.3
130.65.6.225,38.102.0.109,21.2
130.65.6.225,38.102.0.109,21.2
130.65.6.225,38.102.0.109,21.2
130.65.6.225,38.102.0.109,21.4
130.65.6.225,38.102.0.109,21.2
130.65.6.225,38.102.0.109,21.3
130.65.6.225,38.102.0.109,21.3
130.65.6.225,38.102.0.109,21.3
130.65.6.225,38.102.0.109,21.3
130.65.6.225,38.102.0.109,21.5
130.65.6.225,38.102.0.109,21.3
130.65.6.225,38.102.0.109,21.3
130.65.6.225,38.102.0.109,21.2
130.65.6.225,38.102.0.109,21.3
130.65.6.225,38.102.0.109,21.3
130.65.6.225,38.102.0.109,21.4
130.65.6.225,38.102.0.109,21.3
130.65.6.225,38.102.0.109,21.4
130.65.6.225,38.102.0.109,21.3
130.65.6.225,38.102.0.109,21.3
130.65.6.225,38.102.0.109,21.4
130.65.6.225,38.102.0.109,21.3
130.65.6.225,38.102.0.109,21.3
130.65.6.225,38.102.0.109,21.5
130.65.6.225,38.102.0.109,21.4
130.65.6.225,38.102.0.109,21.2
130.65.6.225,38.102.0.109,21.3
130.65.6.225,38.102.0.109,21.3
130.65.6.225,38.102.0.109,21.3
130.65.6.225,38.102.0.109,21.5
130.65.6.225,38.102.0.109,21.3
130.65.6.225,38.102.0.109,21.3
130.65.6.225,38.102.0.109,21.3
130.65.6.225,38.102.0.109,21.7
130.65.6.225,38.102.0.109,21.3
130.65.6.225,38.102.0.109,21.3
130.65.6.225,38.102.0.109,21.3
130.65.6.225,38.102.0.109,21.3
130.65.6.225,38.102.0.109,21.4
130.65.6.225,38.102.0.109,21.2
130.65.6.225,38.102.0.109,21.3
130.65.6.225,38.102.0.109,21.3
130.65.6.225,38.102.0.109,21.3
130.65.6.225,38.102.0.109,21.3
130.65.6.225,38.102.0.109,21.3
130.65.6.225,38.102.0.109,21.2
130.65.6.225,38.102.0.109,21.3
130.65.6.225,38.102.0.109,21.3
130.65.6.225,38.102.0.109,21.2
130.65.6.225,38.102.0.109,21.2
130.65.6.225,38.102.0.109,21.8
130.65.6.225,38.102.0.109,21.3
130.65.6.225,4.71.254.147,62.3
130.65.6.225,4.71.254.147,62.0
130.65.6.225,4.71.254.147,62.0
130.65.6.225,4.71.254.147,62.2
130.65.6.225,4.71.254.147,62.1
130.65.6.225,4.71.254.147,62.2
130.65.6.225,4.71.254.147,62.1
130.65.6.225,4.71.254.147,62.1
130.65.6.225,4.71.254.147,62.0
130.65.6.225,4.71.254.147,62.1
130.65.6.225,4.71.254.147,62.0
130.65.6.225,4.71.254.147,62.0
130.65.6.225,4.71.254.147,62.0
130.65.6.225,4.71.254.147,62.2
130.65.6.225,4.71.254.147,62.5
130.65.6.225,4.71.254.147,62.0
130.65.6.225,4.71.254.147,62.2
130.65.6.225,4.71.254.147,62.4
130.65.6.225,4.71.254.147,62.4
130.65.6.225,4.71.254.147,62.1
130.65.6.225,4.71.254.147,62.1
130.65.6.225,4.71.254.147,62.5
130.65.6.225,4.71.254.147,62.4
130.65.6.225,4.71.254.147,62.0
130.65.6.225,4.71.254.147,62.1
130.65.6.225,4.71.254.147,62.0
130.65.6.225,4.71.254.147,62.1
130.65.6.225,4.71.254.147,62.3
130.65.6.225,4.71.254.147,62.1
130.65.6.225,4.71.254.147,62.1
130.65.6.225,4.71.254.147,62.0
130.65.6.225,4.71.254.147,62.1
130.65.6.225,4.71.254.147,62.2
130.65.6.225,4.71.254.147,62.1
130.65.6.225,4.71.254.147,62.2
130.65.6.225,4.71.254.147,62.1
130.65.6.225,4.71.254.147,62.2
130.65.6.225,4.71.254.147,62.0
130.65.6.225,4.71.254.147,62.1
130.65.6.225,4.71.254.147,62.0
130.65.6.225,4.71.254.147,62.1
130.65.6.225,4.71.254.147,62.1
130.65.6.225,4.71.254.147,62.3
130.65.6.225,4.71.254.147,62.0
130.65.6.225,4.71.254.147,62.0
130.65.6.225,4.71.254.147,62.1
130.65.6.225,4.71.254.147,62.1
130.65.6.225,4.71.254.147,62.0
130.65.6.225,4.71.254.147,62.2
130.65.6.225,4.71.254.147,62.2
130.65.6.225,4.71.254.147,62.1
130.65.6.225,4.71.254.147,62.0
130.65.6.225,4.71.254.147,62.1
130.65.6.225,4.71.254.147,62.2
130.65.6.225,4.71.254.147,62.2
130.65.6.225,4.71.254.147,62.3
130.65.6.225,4.71.254.147,62.3
130.65.6.225,4.71.254.147,62.1
130.65.6.225,4.71.254.147,61.9
130.65.6.225,4.71.254.147,62.0
130.65.6.225,4.71.254.147,62.0
130.65.6.225,4.71.254.147,62.0
130.65.6.225,4.71.254.147,62.1
130.65.6.225,4.71.254.147,62.2
130.65.6.225,4.71.254.147,62.3
130.65.6.225,4.71.254.147,62.0
130.65.6.225,4.71.254.147,62.2
130.65.6.225,4.71.254.147,62.0
130.65.6.225,4.71.254.147,62.1
130.65.6.225,4.71.254.147,62.1
130.65.6.225,4.71.254.147,62.2
130.65.6.225,4.71.254.147,62.1
130.65.6.225,4.71.254.147,62.0
130.65.6.225,4.71.254.147,62.0
130.65.6.225,4.71.254.147,62.1
130.65.6.225,4.71.254.147,62.1
130.65.6.225,4.71.254.147,62.0
130.65.6.225,4.71.254.147,62.0
130.65.6.225,4.71.254.147,62.1
130.65.6.225,4.71.254.147,62.1
130.65.6.225,4.71.254.147,61.9
130.65.6.225,4.71.254.147,62.1
130.65.6.225,4.71.254.147,62.1
130.65.6.225,4.71.254.147,62.0
130.65.6.225,4.71.254.147,62.2
130.65.6.225,4.71.254.147,62.1
130.65.6.225,4.71.254.147,62.1
130.65.6.225,4.71.254.147,62.0
130.65.6.225,4.71.254.147,62.0
130.65.6.225,4.71.254.147,62.2
130.65.6.225,4.71.254.147,62.2
130.65.6.225,4.71.254.147,62.2
130.65.6.225,4.71.254.147,62.0
130.65.6.225,4.71.254.147,62.0
130.65.6.225,4.71.254.147,62.2
130.65.6.225,4.71.254.147,61.9
130.65.6.225,4.71.254.147,62.1
130.65.6.225,4.71.254.147,62.1
130.65.6.225,4.71.254.147,62.1
130.65.6.225,4.71.254.147,62.1
130.65.6.225,4.71.254.147,62.8
130.65.6.225,4.71.254.147,62.0
130.65.6.225,4.71.254.147,62.0
130.65.6.225,4.71.254.147,62.1
130.65.6.225,4.71.254.147,62.0
130.65.6.225,4.71.254.147,62.4
130.65.6.225,4.71.254.147,62.0
130.65.6.225,4.71.254.147,62.3
130.65.6.225,4.71.254.147,62.1
130.65.6.225,4.71.254.147,62.0
130.65.6.225,4.71.254.147,61.9
130.65.6.225,4.71.254.147,62.0
130.65.6.225,4.71.254.147,62.1
130.65.6.225,4.71.254.147,62.1
130.65.6.225,4.71.254.147,62.0
130.65.6.225,4.71.254.147,62.3
130.65.6.225,4.71.254.147,62.0
130.65.6.225,4.71.254.147,62.0
130.65.6.225,4.71.254.147,62.0
130.65.6.225,4.71.254.147,62.1
130.65.6.225,4.71.254.147,62.1
130.65.6.225,4.71.254.147,62.0
130.65.6.225,4.71.254.147,62.1
130.65.6.225,4.71.254.147,62.0
130.65.6.225,4.71.254.147,62.0
130.65.6.225,4.71.254.147,62.0
130.65.6.225,4.71.254.147,61.9
130.65.6.225,4.71.254.147,62.0
130.65.6.225,4.71.254.147,62.2
130.65.6.225,4.71.254.147,62.0
130.65.6.225,4.71.254.147,62.0
130.65.6.225,4.71.254.147,62.2
130.65.6.225,4.71.254.147,62.1
130.65.6.225,4.71.254.147,62.0
130.65.6.225,4.71.254.147,62.0
130.65.6.225,4.71.254.147,62.1
130.65.6.225,4.71.254.147,62.1
130.65.6.225,4.71.254.147,62.0
130.65.6.225,4.71.254.147,62.5
130.65.6.225,4.71.254.147,62.1
130.65.6.225,4.71.254.147,62.0
130.65.6.225,4.71.254.147,62.3
130.65.6.225,4.71.254.147,62.0
130.65.6.225,4.71.254.147,62.2
130.65.6.225,4.71.254.147,62.0
130.65.6.225,4.71.254.147,62.0
130.65.6.225,4.71.254.147,62.0
130.65.6.225,4.71.254.147,62.1
130.65.6.225,4.71.254.147,62.0
130.65.6.225,4.71.254.147,62.0
130.65.6.225,4.71.254.147,62.1
130.65.6.225,4.71.254.147,62.1
130.65.6.225,4.71.254.147,62.0
130.65.6.225,4.71.254.147,62.0
130.65.6.225,4.71.254.147,62.1
130.65.6.225,4.71.254.147,62.0
130.65.6.225,4.71.254.147,62.0
130.65.6.225,4.71.254.147,62.1
130.65.6.225,4.71.254.147,62.0
130.65.6.225,4.71.254.147,62.1
130.65.6.225,4.71.254.147,62.1
130.65.6.225,4.71.254.147,62.0
130.65.6.225,4.71.254.147,62.2
130.65.6.225,4.71.254.147,62.2
130.65.6.225,4.71.254.147,62.3
130.65.6.225,4.71.254.147,62.0
130.65.6.225,4.71.254.147,62.1
130.65.6.225,4.71.254.147,62.3
130.65.6.225,4.71.254.147,62.2
130.65.6.225,4.71.254.147,62.0
130.65.6.225,4.71.254.147,62.1
130.65.6.225,4.71.254.147,62.1
130.65.6.225,4.71.254.147,62.1
130.65.6.225,4.71.254.147,62.2
130.65.6.225,4.71.254.147,62.1
130.65.6.225,4.71.254.147,62.1
130.65.6.225,4.71.254.147,62.0
130.65.6.225,4.71.254.147,62.1
130.65.6.225,4.71.254.147,62.1
130.65.6.225,4.71.254.147,62.1
130.65.6.225,4.71.254.147,62.2
130.65.6.225,4.71.254.147,62.1
130.65.6.225,4.71.254.147,62.0
130.65.6.225,4.71.254.147,62.0
130.65.6.225,4.71.254.147,62.0
130.65.6.225,4.71.254.147,62.0
130.65.6.225,4.71.254.147,62.0
130.65.6.225,4.71.254.147,62.1
130.65.6.225,4.71.254.147,62.1
130.65.6.225,4.71.254.147,62.1
130.65.6.225,4.71.254.147,62.1
130.65.6.225,4.71.254.147,62.3
130.65.6.225,4.71.254.147,62.2
130.65.6.225,4.71.254.147,62.1
130.65.6.225,4.71.254.147,62.1
130.65.6.225,4.71.254.147,62.1
130.65.6.225,4.71.254.147,62.1
130.65.6.225,4.71.254.147,62.1
130.65.6.225,4.71.254.147,62.1
130.65.6.225,4.71.254.147,62.0
130.65.6.225,4.71.254.147,61.9
130.65.6.225,4.71.254.147,62.2
130.65.6.225,4.71.254.147,62.1
130.65.6.225,4.71.254.147,62.1
130.65.6.225,4.71.254.147,62.1
130.65.6.225,4.71.254.147,62.0
130.65.6.225,4.71.254.147,62.0
130.65.6.225,4.71.254.147,62.0
130.65.6.225,4.71.254.147,62.2
130.65.6.225,4.71.254.147,62.1
130.65.6.225,4.71.254.147,62.2
130.65.6.225,4.71.254.147,62.2
130.65.6.225,4.71.254.147,62.1
130.65.6.225,4.71.254.147,62.0
130.65.6.225,4.71.254.147,62.0
130.65.6.225,4.71.254.147,62.5
130.65.6.225,4.71.254.147,62.4
130.65.6.225,4.71.254.147,62.0
130.65.6.225,4.71.254.147,62.0
130.65.6.225,4.71.254.147,62.1
130.65.6.225,4.71.254.147,62.0
130.65.6.225,4.71.254.147,62.1
130.65.6.225,4.71.254.147,62.2
130.65.6.225,4.71.254.147,62.0
130.65.6.225,4.71.254.147,62.0
130.65.6.225,4.71.254.147,62.0
130.65.6.225,4.71.254.147,62.2
130.65.6.225,4.71.254.147,62.1
130.65.6.225,4.71.254.147,62.1
130.65.6.225,4.71.254.147,62.1
130.65.6.225,4.71.254.147,62.1
130.65.6.225,4.71.254.147,62.0
130.65.6.225,4.71.254.147,62.1
130.65.6.225,4.71.254.147,62.1
130.65.6.225,4.71.254.147,62.1
130.65.6.225,4.71.254.147,62.0
130.65.6.225,4.71.254.147,62.0
130.65.6.225,4.71.254.147,62.2
130.65.6.225,4.71.254.147,62.1
130.65.6.225,4.71.254.147,62.1
130.65.6.225,4.71.254.147,62.4
130.65.6.225,4.71.254.147,62.0
130.65.6.225,4.71.254.147,62.1
130.65.6.225,4.71.254.147,62.0
130.65.6.225,4.71.254.147,62.1
130.65.6.225,4.71.254.147,62.3
130.65.6.225,4.71.254.147,62.0
130.65.6.225,4.71.254.147,62.2
130.65.6.225,4.71.254.147,62.0
130.65.6.225,4.71.254.147,62.0
130.65.6.225,4.71.254.147,62.1
130.65.6.225,4.71.254.147,62.1
130.65.6.225,4.71.254.147,62.0
130.65.6.225,4.71.254.147,62.4
130.65.6.225,4.71.254.147,62.2
130.65.6.225,4.71.254.147,62.4
130.65.6.225,4.71.254.147,62.0
130.65.6.225,4.71.254.147,62.4
130.65.6.225,4.71.254.147,62.1
130.65.6.225,4.71.254.147,62.2
130.65.6.225,4.71.254.147,62.0
130.65.6.225,4.71.254.147,62.2
130.65.6.225,4.71.254.147,62.3
130.65.6.225,4.71.254.147,62.1
130.65.6.225,4.71.254.147,62.0
130.65.6.225,4.71.254.147,62.1
130.65.6.225,4.71.254.147,62.0
130.65.6.225,4.71.254.147,62.2
130.65.6.225,4.71.254.147,62.0
130.65.6.225,4.71.254.147,61.9
130.65.6.225,4.71.254.147,62.0
130.65.6.225,4.71.254.147,62.1
130.65.6.225,4.71.254.147,62.0
130.65.6.225,4.71.254.147,62.0
130.65.6.225,4.71.254.147,62.1
130.65.6.225,4.71.254.147,62.2
130.65.6.225,4.71.254.147,62.1
130.65.6.225,4.71.254.147,62.2
130.65.6.225,4.71.254.147,62.0
130.65.6.225,4.71.254.147,62.0
130.65.6.225,4.71.254.147,62.1
130.65.6.225,4.71.254.147,62.0
130.65.6.225,4.71.254.147,62.1
130.65.6.225,4.71.254.147,62.3
130.65.6.225,4.71.254.147,62.3
130.65.6.225,4.71.254.147,62.1
130.65.6.225,4.71.254.147,62.2
130.65.6.225,4.71.254.147,62.1
130.65.6.225,4.71.254.147,62.1
130.65.6.225,4.71.254.147,62.1
130.65.6.225,4.71.254.147,62.0
130.65.6.225,4.71.254.147,62.0
130.65.6.225,4.71.254.147,62.3
130.65.6.225,4.71.254.147,62.0
130.65.6.225,4.71.254.147,61.9
130.65.6.225,4.71.254.147,62.0
130.65.6.225,4.71.254.147,62.0
130.65.6.225,4.71.254.147,62.0
130.65.6.225,4.71.254.147,62.1
130.65.6.225,4.71.254.147,62.1
130.65.6.225,4.71.254.147,62.2
130.65.6.225,4.71.254.147,62.1
130.65.6.225,4.71.254.147,62.1
130.65.6.225,4.71.254.147,62.2
130.65.6.225,4.71.254.147,62.0
130.65.6.225,4.71.254.147,62.2
130.65.6.225,4.71.254.147,62.0
130.65.6.225,4.71.254.147,62.2
130.65.6.225,4.71.254.147,62.1
130.65.6.225,4.71.254.147,62.0
130.65.6.225,4.71.254.147,62.1
130.65.6.225,4.71.254.147,62.0
130.65.6.225,4.71.254.147,62.0
130.65.6.225,4.71.254.147,62.2
130.65.6.225,4.71.254.147,62.0
130.65.6.225,4.71.254.147,62.1
130.65.6.225,4.71.254.147,62.0
130.65.6.225,4.71.254.147,62.0
130.65.6.225,4.71.254.147,62.1
130.65.6.225,4.71.254.147,62.1
130.65.6.225,4.71.254.147,62.1
130.65.6.225,4.71.254.147,62.0
130.65.6.225,4.71.254.147,62.1
130.65.6.225,4.71.254.147,62.5
130.65.6.225,4.71.254.147,62.0
130.65.6.225,4.71.254.147,62.0
130.65.6.225,4.71.254.147,62.1
130.65.6.225,4.71.254.147,62.3
130.65.6.225,4.71.254.147,62.1
130.65.6.225,4.71.254.147,62.0
130.65.6.225,4.71.254.147,61.9
130.65.6.225,4.71.254.147,62.2
130.65.6.225,4.71.254.147,62.1
130.65.6.225,4.71.254.147,61.9
130.65.6.225,4.71.254.147,62.1
130.65.6.225,4.71.254.147,62.1
130.65.6.225,4.71.254.147,62.1
130.65.6.225,4.71.254.147,62.0
130.65.6.225,4.71.254.147,62.1
130.65.6.225,4.71.254.147,62.0
130.65.6.225,4.71.254.147,62.0
130.65.6.225,4.71.254.147,62.0
130.65.6.225,4.71.254.147,62.3
130.65.6.225,4.71.254.147,62.3
130.65.6.225,4.71.254.147,62.1
130.65.6.225,4.71.254.147,62.1
130.65.6.225,4.71.254.147,62.0
130.65.6.225,4.71.254.147,62.1
130.65.6.225,4.71.254.147,62.1
130.65.6.225,4.71.254.147,62.0
130.65.6.225,4.71.254.147,62.1
130.65.6.225,4.71.254.147,62.3
130.65.6.225,4.71.254.147,62.0
130.65.6.225,4.71.254.147,62.0
130.65.6.225,4.71.254.147,62.1
130.65.6.225,4.71.254.147,62.0
130.65.6.225,4.71.254.147,62.2
130.65.6.225,4.71.254.147,62.0
130.65.6.225,4.71.254.147,62.0
130.65.6.225,4.71.254.147,62.0
130.65.6.225,4.71.254.147,62.1
130.65.6.225,4.71.254.147,62.0
130.65.6.225,4.71.254.147,62.0
130.65.6.225,4.71.254.147,62.0
130.65.6.225,4.71.254.147,62.0
130.65.6.225,4.71.254.147,62.1
130.65.6.225,4.71.254.147,62.1
130.65.6.225,4.71.254.147,62.1
130.65.6.225,4.71.254.147,62.1
130.65.6.225,4.71.254.147,62.2
130.65.6.225,4.71.254.147,62.1
130.65.6.225,4.71.254.147,62.2
130.65.6.225,4.71.254.147,62.0
130.65.6.225,4.71.254.147,62.1
130.65.6.225,4.71.254.147,62.2
130.65.6.225,4.71.254.147,62.0
130.65.6.225,4.71.254.147,62.0
130.65.6.225,4.71.254.147,62.0
130.65.6.225,4.71.254.147,62.0
130.65.6.225,4.71.254.147,62.0
130.65.6.225,4.71.254.147,62.2
130.65.6.225,4.71.254.147,62.1
130.65.6.225,4.71.254.147,62.2
130.65.6.225,4.71.254.147,62.2
130.65.6.225,4.71.254.147,62.1
130.65.6.225,4.71.254.147,62.1
130.65.6.225,4.71.254.147,62.0
130.65.6.225,4.71.254.147,62.0
130.65.6.225,4.71.254.147,62.0
130.65.6.225,4.71.254.147,62.5
130.65.6.225,4.71.254.147,62.0
130.65.6.225,4.71.254.147,62.0
130.65.6.225,4.71.254.147,62.1
130.65.6.225,4.71.254.147,62.0
130.65.6.225,4.71.254.147,62.4
130.65.6.225,4.71.254.147,62.1
130.65.6.225,4.71.254.147,62.0
130.65.6.225,4.71.254.147,62.0
130.65.6.225,4.71.254.147,62.0
130.65.6.225,4.71.254.147,62.1
130.65.6.225,4.71.254.147,62.2
130.65.6.225,4.71.254.147,62.0
130.65.6.225,4.71.254.147,62.0
130.65.6.225,4.71.254.147,62.0
130.65.6.225,4.71.254.147,62.1
130.65.6.225,4.71.254.147,61.9
130.65.6.225,4.71.254.147,61.9
130.65.6.225,4.71.254.147,62.1
130.65.6.225,4.71.254.147,62.0
130.65.6.225,4.71.254.147,62.0
130.65.6.225,4.71.254.147,62.0
130.65.6.225,4.71.254.147,62.1
130.65.6.225,4.71.254.147,62.1
130.65.6.225,4.71.254.147,62.0
130.65.6.225,4.71.254.147,62.4
130.65.6.225,4.71.254.147,62.1
130.65.6.225,4.71.254.147,62.0
130.65.6.225,4.71.254.147,62.1
130.65.6.225,4.71.254.147,62.1
130.65.6.225,4.71.254.147,62.2
130.65.6.225,4.71.254.147,62.1
130.65.6.225,4.71.254.147,62.0
130.65.6.225,4.71.254.147,62.0
130.65.6.225,4.71.254.147,62.0
130.65.6.225,4.71.254.147,62.1
130.65.6.225,4.71.254.147,62.0
130.65.6.225,4.71.254.147,62.2
130.65.6.225,4.71.254.147,62.2
130.65.6.225,4.71.254.147,62.0
130.65.6.225,4.71.254.147,62.1
130.65.6.225,4.71.254.147,62.1
130.65.6.225,4.71.254.147,62.0
130.65.6.225,4.71.254.147,62.1
130.65.6.225,4.71.254.147,62.3
130.65.6.225,4.71.254.147,62.0
130.65.6.225,4.71.254.147,62.1
130.65.6.225,4.71.254.147,62.3
130.65.6.225,4.71.254.147,62.2
130.65.6.225,4.71.254.147,62.2
130.65.6.225,4.71.254.147,62.1
130.65.6.225,4.71.254.147,62.0
130.65.6.225,4.71.254.147,62.1
130.65.6.225,4.71.254.147,62.1
130.65.6.225,4.71.254.147,62.1
130.65.6.225,4.71.254.147,62.1
130.65.6.225,4.71.254.147,62.1
130.65.6.225,4.71.254.147,62.1
130.65.6.225,4.71.254.147,62.0
130.65.6.225,4.71.254.147,62.0
130.65.6.225,4.71.254.147,62.1
130.65.6.225,4.71.254.147,62.1
130.65.6.225,4.71.254.147,62.0
130.65.6.225,4.71.254.147,62.0
130.65.6.225,4.71.254.147,62.0
130.65.6.225,4.71.254.147,62.0
130.65.6.225,4.71.254.147,62.1
130.65.6.225,4.71.254.147,62.1
130.65.6.225,4.71.254.147,62.0
130.65.6.225,4.71.254.147,62.0
130.65.6.225,4.71.254.147,62.1
130.65.6.225,4.71.254.147,62.1
130.65.6.225,4.71.254.147,62.0
130.65.6.225,4.71.254.147,62.2
130.65.6.225,4.71.254.147,62.0
130.65.6.225,4.71.254.147,62.1
130.65.6.225,4.71.254.147,62.1
130.65.6.225,4.71.254.147,62.1
130.65.6.225,4.71.254.147,62.1
130.65.6.225,4.71.254.147,62.1
130.65.6.225,4.71.254.147,62.0
130.65.6.225,4.71.254.147,62.1
130.65.6.225,4.71.254.147,62.2
130.65.6.225,4.71.254.147,62.2
130.65.6.225,4.71.254.147,62.0
130.65.6.225,4.71.254.147,62.2
130.65.6.225,4.71.254.147,62.1
130.65.6.225,4.71.254.147,62.1
130.65.6.225,4.71.254.147,62.0
130.65.6.225,4.71.254.147,61.9
130.65.6.225,4.71.254.147,62.1
130.65.6.225,4.71.254.147,62.0
130.65.6.225,4.71.254.147,62.1
130.65.6.225,4.71.254.147,62.1
130.65.6.225,4.71.254.147,62.0
130.65.6.225,4.71.254.147,62.0
130.65.6.225,4.71.254.147,61.9
130.65.6.225,4.71.254.147,61.9
130.65.6.225,4.71.254.147,62.2
130.65.6.225,4.71.254.147,61.9
130.65.6.225,4.71.254.147,62.1
130.65.6.225,4.71.254.147,61.9
130.65.6.225,4.71.254.147,61.9
130.65.6.225,4.71.254.147,62.0
130.65.6.225,4.71.254.147,62.0
130.65.6.225,4.71.254.147,62.3
130.65.6.225,4.71.254.147,62.0
130.65.6.225,4.71.254.147,62.0
130.65.6.225,4.71.254.147,62.2
130.65.6.225,4.71.254.147,62.1
130.65.6.225,4.71.254.147,62.0
130.65.6.225,4.71.254.147,61.9
130.65.6.225,4.71.254.147,62.0
130.65.6.225,4.71.254.147,62.0
130.65.6.225,4.71.254.147,62.0
130.65.6.225,4.71.254.147,61.9
130.65.6.225,4.71.254.147,62.2
130.65.6.225,4.71.254.147,62.0
130.65.6.225,4.71.254.147,62.1
130.65.6.225,4.71.254.147,62.0
130.65.6.225,4.71.254.147,62.2
130.65.6.225,4.71.254.147,62.0
130.65.6.225,4.71.254.147,62.2
130.65.6.225,4.71.254.147,62.0
130.65.6.225,4.71.254.147,62.1
130.65.6.225,4.71.254.147,62.2
130.65.6.225,4.71.254.147,62.1
130.65.6.225,4.71.254.147,62.0
130.65.6.225,4.71.254.147,62.1
130.65.6.225,4.71.254.147,62.1
130.65.6.225,4.71.254.147,61.9
130.65.6.225,4.71.254.147,62.2
130.65.6.225,4.71.254.147,62.2
130.65.6.225,4.71.254.147,62.1
130.65.6.225,4.71.254.147,62.1
130.65.6.225,4.71.254.147,62.0
130.65.6.225,4.71.254.147,61.9
130.65.6.225,4.71.254.147,62.0
130.65.6.225,4.71.254.147,62.0
130.65.6.225,4.71.254.147,62.0
130.65.6.225,4.71.254.147,62.0
130.65.6.225,4.71.254.147,62.1
130.65.6.225,4.71.254.147,62.1
130.65.6.225,4.71.254.147,62.0
130.65.6.225,4.71.254.147,62.1
130.65.6.225,4.71.254.147,62.1
130.65.6.225,4.71.254.147,62.1
130.65.6.225,4.71.254.147,62.3
130.65.6.225,4.71.254.147,62.0
130.65.6.225,4.71.254.147,62.3
130.65.6.225,4.71.254.147,62.0
130.65.6.225,4.71.254.147,62.0
130.65.6.225,4.71.254.147,62.3
130.65.6.225,4.71.254.147,62.0
130.65.6.225,4.71.254.147,62.1
130.65.6.225,4.71.254.147,62.0
130.65.6.225,4.71.254.147,62.0
130.65.6.225,4.71.254.147,62.4
130.65.6.225,4.71.254.147,62.1
130.65.6.225,4.71.254.147,62.4
130.65.6.225,4.71.254.147,62.0
130.65.6.225,4.71.254.147,62.0
130.65.6.225,4.71.254.147,62.0
130.65.6.225,4.71.254.147,62.0
130.65.6.225,4.71.254.147,62.0
130.65.6.225,4.71.254.147,62.0
130.65.6.225,4.71.254.147,62.1
130.65.6.225,4.71.254.147,62.0
130.65.6.225,4.71.254.147,62.4
130.65.6.225,4.71.254.147,62.0
130.65.6.225,4.71.254.147,62.0
130.65.6.225,4.71.254.147,62.0
130.65.6.225,4.71.254.147,62.0
130.65.6.225,4.71.254.147,62.2
130.65.6.225,4.71.254.147,62.3
130.65.6.225,4.71.254.147,62.0
130.65.6.225,4.71.254.147,62.1
130.65.6.225,4.71.254.147,62.1
130.65.6.225,4.71.254.147,62.0
130.65.6.225,4.71.254.147,62.0
130.65.6.225,4.71.254.147,62.0
130.65.6.225,4.71.254.147,62.0
130.65.6.225,4.71.254.147,62.0
130.65.6.225,4.71.254.147,62.4
130.65.6.225,4.71.254.147,62.1
130.65.6.225,4.71.254.147,62.1
130.65.6.225,4.71.254.147,62.0
130.65.6.225,4.71.254.147,62.0
130.65.6.225,4.71.254.147,62.0
130.65.6.225,4.71.254.147,62.1
130.65.6.225,4.71.254.147,62.2
130.65.6.225,4.71.254.147,62.0
130.65.6.225,4.71.254.147,62.2
130.65.6.225,4.71.254.147,62.2
130.65.6.225,4.71.254.147,62.0
130.65.6.225,4.71.254.147,62.0
130.65.6.225,4.71.254.147,62.1
130.65.6.225,4.71.254.147,62.2
130.65.6.225,4.71.254.147,62.0
130.65.6.225,4.71.254.147,62.1
130.65.6.225,4.71.254.147,61.9
130.65.6.225,4.71.254.147,62.0
130.65.6.225,4.71.254.147,62.0
130.65.6.225,4.71.254.147,62.2
130.65.6.225,4.71.254.147,62.0
130.65.6.225,4.71.254.147,62.0
130.65.6.225,4.71.254.147,62.2
130.65.6.225,4.71.254.147,62.0
130.65.6.225,4.71.254.147,62.2
130.65.6.225,4.71.254.147,61.9
130.65.6.225,4.71.254.147,62.0
130.65.6.225,4.71.254.147,62.2
130.65.6.225,4.71.254.147,62.2
130.65.6.225,4.71.254.147,62.1
130.65.6.225,4.71.254.147,62.1
130.65.6.225,4.71.254.147,62.3
130.65.6.225,4.71.254.147,62.2
130.65.6.225,4.71.254.147,62.0
130.65.6.225,4.71.254.147,61.9
130.65.6.225,4.71.254.147,62.1
130.65.6.225,4.71.254.147,62.1
130.65.6.225,4.71.254.147,62.0
130.65.6.225,4.71.254.147,62.1
130.65.6.225,4.71.254.147,62.1
130.65.6.225,4.71.254.147,62.1
130.65.6.225,4.71.254.147,62.1
130.65.6.225,4.71.254.147,62.1
130.65.6.225,4.71.254.147,62.0
130.65.6.225,4.71.254.147,62.0
130.65.6.225,4.71.254.147,62.1
130.65.6.225,4.71.254.147,62.1
130.65.6.225,4.71.254.147,62.0
130.65.6.225,4.71.254.147,62.0
130.65.6.225,4.71.254.147,62.0
130.65.6.225,4.71.254.147,62.1
130.65.6.225,4.71.254.147,62.0
130.65.6.225,4.71.254.147,62.1
130.65.6.225,4.71.254.147,62.0
130.65.6.225,4.71.254.147,62.1
130.65.6.225,4.71.254.147,62.1
130.65.6.225,4.71.254.147,62.1
130.65.6.225,4.71.254.147,62.2
130.65.6.225,4.71.254.147,62.1
130.65.6.225,4.71.254.147,62.0
130.65.6.225,4.71.254.147,62.0
130.65.6.225,4.71.254.147,62.0
130.65.6.225,4.71.254.147,62.0
130.65.6.225,4.71.254.147,62.1
130.65.6.225,4.71.254.147,62.0
130.65.6.225,4.71.254.147,62.0
130.65.6.225,4.71.254.147,62.0
130.65.6.225,4.71.254.147,62.2
130.65.6.225,4.71.254.147,62.1
130.65.6.225,4.71.254.147,62.7
130.65.6.225,4.71.254.147,62.0
130.65.6.225,4.71.254.147,62.1
130.65.6.225,4.71.254.147,61.9
130.65.6.225,4.71.254.147,62.0
130.65.6.225,4.71.254.147,62.0
130.65.6.225,4.71.254.147,62.1
130.65.6.225,4.71.254.147,62.1
130.65.6.225,4.71.254.147,62.3
130.65.6.225,4.71.254.147,62.3
130.65.6.225,4.71.254.147,62.0
130.65.6.225,4.71.254.147,62.3
130.65.6.225,4.71.254.147,62.2
130.65.6.225,4.71.254.147,62.1
130.65.6.225,4.71.254.147,62.1
130.65.6.225,4.71.254.147,62.2
130.65.6.225,4.71.254.147,62.2
130.65.6.225,4.71.254.147,62.2
130.65.6.225,4.71.254.147,62.0
130.65.6.225,4.71.254.147,62.0
130.65.6.225,4.71.254.147,62.1
130.65.6.225,4.71.254.147,62.1
130.65.6.225,4.71.254.147,62.0
130.65.6.225,4.71.254.147,62.0
130.65.6.225,4.71.254.147,62.0
130.65.6.225,4.71.254.147,62.0
130.65.6.225,4.71.254.147,62.0
130.65.6.225,4.71.254.147,62.1
130.65.6.225,4.71.254.147,62.0
130.65.6.225,4.71.254.147,62.0
130.65.6.225,4.71.254.147,62.0
130.65.6.225,4.71.254.147,62.0
130.65.6.225,4.71.254.147,62.0
130.65.6.225,4.71.254.147,62.1
130.65.6.225,4.71.254.147,62.1
130.65.6.225,4.71.254.147,62.1
130.65.6.225,4.71.254.147,62.0
130.65.6.225,4.71.254.147,62.0
130.65.6.225,4.71.254.147,62.0
130.65.6.225,4.71.254.147,62.1
130.65.6.225,4.71.254.147,62.2
130.65.6.225,4.71.254.147,61.9
130.65.6.225,4.71.254.147,62.1
130.65.6.225,4.71.254.147,62.2
130.65.6.225,4.71.254.147,62.2
130.65.6.225,4.71.254.147,62.3
130.65.6.225,4.71.254.147,61.9
130.65.6.225,4.71.254.147,61.9
130.65.6.225,4.71.254.147,62.0
130.65.6.225,4.71.254.147,61.9
130.65.6.225,4.71.254.147,62.0
130.65.6.225,4.71.254.147,62.0
130.65.6.225,4.71.254.147,61.9
130.65.6.225,4.71.254.147,62.0
130.65.6.225,4.71.254.147,62.0
130.65.6.225,4.71.254.147,62.1
130.65.6.225,4.71.254.147,62.0
130.65.6.225,4.71.254.147,61.9
130.65.6.225,4.71.254.147,62.0
130.65.6.225,4.71.254.147,62.1
130.65.6.225,4.71.254.147,62.1
130.65.6.225,4.71.254.147,61.9
130.65.6.225,4.71.254.147,62.2
130.65.6.225,4.71.254.147,62.0
130.65.6.225,4.71.254.147,62.0
130.65.6.225,4.71.254.147,62.0
130.65.6.225,4.71.254.147,62.0
130.65.6.225,4.71.254.147,62.1
130.65.6.225,4.71.254.147,62.0
130.65.6.225,4.71.254.147,62.3
130.65.6.225,4.71.254.147,61.9
130.65.6.225,4.71.254.147,62.1
130.65.6.225,4.71.254.147,62.0
130.65.6.225,4.71.254.147,62.2
130.65.6.225,4.71.254.147,62.0
130.65.6.225,4.71.254.147,62.1
130.65.6.225,4.71.254.147,61.9
130.65.6.225,4.71.254.147,62.2
130.65.6.225,4.71.254.147,62.0
130.65.6.225,4.71.254.147,62.0
130.65.6.225,4.71.254.147,62.1
130.65.6.225,4.71.254.147,62.0
130.65.6.225,4.71.254.147,62.3
130.65.6.225,4.71.254.147,61.9
130.65.6.225,4.71.254.147,62.1
130.65.6.225,4.71.254.147,62.3
130.65.6.225,4.71.254.147,62.1
130.65.6.225,4.71.254.147,62.1
130.65.6.225,4.71.254.147,62.1
130.65.6.225,4.71.254.147,62.2
130.65.6.225,4.71.254.147,62.2
130.65.6.225,4.71.254.147,62.0
130.65.6.225,4.71.254.147,62.0
130.65.6.225,4.71.254.147,62.0
130.65.6.225,4.71.254.147,62.0
130.65.6.225,4.71.254.147,62.1
130.65.6.225,4.71.254.147,62.0
130.65.6.225,4.71.254.147,62.0
130.65.6.225,4.71.254.147,61.9
130.65.6.225,4.71.254.147,62.2
130.65.6.225,4.71.254.147,62.1
130.65.6.225,4.71.254.147,62.0
130.65.6.225,4.71.254.147,62.1
130.65.6.225,4.71.254.147,62.3
130.65.6.225,4.71.254.147,62.0
130.65.6.225,4.71.254.147,62.0
130.65.6.225,4.71.254.147,62.1
130.65.6.225,4.71.254.147,62.1
130.65.6.225,4.71.254.147,62.2
130.65.6.225,4.71.254.147,62.1
130.65.6.225,4.71.254.147,62.0
130.65.6.225,4.71.254.147,62.0
130.65.6.225,4.71.254.147,61.9
130.65.6.225,4.71.254.147,62.1
130.65.6.225,4.71.254.147,62.1
130.65.6.225,4.71.254.147,62.2
130.65.6.225,4.71.254.147,62.0
130.65.6.225,4.71.254.147,62.0
130.65.6.225,4.71.254.147,62.0
130.65.6.225,4.71.254.147,62.1
130.65.6.225,4.71.254.147,62.1
130.65.6.225,4.71.254.147,62.3
130.65.6.225,4.71.254.147,62.1
130.65.6.225,4.71.254.147,62.1
130.65.6.225,4.71.254.147,62.1
130.65.6.225,4.71.254.147,62.1
130.65.6.225,4.71.254.147,62.4
130.65.6.225,4.71.254.147,62.1
130.65.6.225,4.71.254.147,62.2
130.65.6.225,4.71.254.147,62.1
130.65.6.225,4.71.254.147,62.2
130.65.6.225,4.71.254.147,62.0
130.65.6.225,4.71.254.147,62.0
130.65.6.225,4.71.254.147,62.4
130.65.6.225,4.71.254.147,62.1
130.65.6.225,4.71.254.147,61.9
130.65.6.225,4.71.254.147,62.0
130.65.6.225,4.71.254.147,62.1
130.65.6.225,4.71.254.147,62.1
130.65.6.225,4.71.254.147,62.2
130.65.6.225,4.71.254.147,62.2
130.65.6.225,4.71.254.147,62.0
130.65.6.225,4.71.254.147,62.0
130.65.6.225,4.71.254.147,62.0
130.65.6.225,4.71.254.147,62.1
130.65.6.225,4.71.254.147,62.0
130.65.6.225,4.71.254.147,62.2
130.65.6.225,4.71.254.147,62.0
130.65.6.225,4.71.254.147,62.2
130.65.6.225,4.71.254.147,62.0
130.65.6.225,4.71.254.147,62.0
130.65.6.225,4.71.254.147,62.1
130.65.6.225,4.71.254.147,62.2
130.65.6.225,4.71.254.147,62.1
130.65.6.225,4.71.254.147,62.0
130.65.6.225,4.71.254.147,62.1
130.65.6.225,4.71.254.147,62.1
130.65.6.225,4.71.254.147,62.1
130.65.6.225,4.71.254.147,62.0
130.65.6.225,4.71.254.147,62.0
130.65.6.225,4.71.254.147,62.0
130.65.6.225,4.71.254.147,62.0
130.65.6.225,4.71.254.147,62.0
130.65.6.225,4.71.254.147,62.0
130.65.6.225,4.71.254.147,62.0
130.65.6.225,4.71.254.147,62.0
130.65.6.225,4.71.254.147,62.1
130.65.6.225,4.71.254.147,62.1
130.65.6.225,4.71.254.147,62.1
130.65.6.225,4.71.254.147,62.0
130.65.6.225,4.71.254.147,62.1
130.65.6.225,4.71.254.147,62.2
130.65.6.225,4.71.254.147,62.0
130.65.6.225,4.71.254.147,62.2
130.65.6.225,4.71.254.147,62.0
130.65.6.225,4.71.254.147,62.0
130.65.6.225,4.71.254.147,62.1
130.65.6.225,4.71.254.147,62.2
130.65.6.225,4.71.254.147,62.1
130.65.6.225,4.71.254.147,62.2
130.65.6.225,4.71.254.147,62.1
130.65.6.225,4.71.254.147,62.1
130.65.6.225,4.71.254.147,62.3
130.65.6.225,4.71.254.147,62.2
130.65.6.225,4.71.254.147,62.0
130.65.6.225,4.71.254.147,62.0
130.65.6.225,4.71.254.147,62.1
130.65.6.225,4.71.254.147,62.2
130.65.6.225,4.71.254.147,62.0
130.65.6.225,4.71.254.147,62.2
130.65.6.225,4.71.254.147,62.1
130.65.6.225,4.71.254.147,62.1
130.65.6.225,4.71.254.147,62.1
130.65.6.225,4.71.254.147,62.0
130.65.6.225,4.71.254.147,62.0
130.65.6.225,4.71.254.147,62.0
130.65.6.225,4.71.254.147,62.0
130.65.6.225,4.71.254.147,62.0
130.65.6.225,4.71.254.147,61.9
130.65.6.225,4.71.254.147,62.0
130.65.6.225,4.71.254.147,62.3
130.65.6.225,4.71.254.147,62.1
130.65.6.225,4.71.254.147,62.0
130.65.6.225,4.71.254.147,62.0
130.65.6.225,4.71.254.147,62.0
130.65.6.225,4.71.254.147,62.0
130.65.6.225,4.71.254.147,62.0
130.65.6.225,4.71.254.147,62.0
130.65.6.225,4.71.254.147,62.5
130.65.6.225,4.71.254.147,62.2
130.65.6.225,4.71.254.147,62.0
130.65.6.225,4.71.254.147,62.1
130.65.6.225,4.71.254.147,62.1
130.65.6.225,4.71.254.147,62.1
130.65.6.225,4.71.254.147,62.0
130.65.6.225,4.71.254.147,62.0
130.65.6.225,4.71.254.147,62.0
130.65.6.225,4.71.254.147,62.3
130.65.6.225,4.71.254.147,62.0
130.65.6.225,4.71.254.147,62.0
130.65.6.225,4.71.254.147,62.1
130.65.6.225,4.71.254.147,62.1
130.65.6.225,4.71.254.147,62.0
130.65.6.225,4.71.254.147,62.0
130.65.6.225,4.71.254.147,62.0
130.65.6.225,4.71.254.147,62.4
130.65.6.225,4.71.254.147,62.1
130.65.6.225,4.71.254.147,62.0
130.65.6.225,4.71.254.147,62.0
130.65.6.225,4.71.254.147,62.1
130.65.6.225,4.71.254.147,61.9
130.65.6.225,4.71.254.147,62.0
130.65.6.225,4.71.254.147,62.0
130.65.6.225,4.71.254.147,62.1
130.65.6.225,4.71.254.147,62.0
130.65.6.225,4.71.254.147,62.0
130.65.6.225,4.71.254.147,62.1
130.65.6.225,4.71.254.147,62.0
130.65.6.225,4.71.254.147,62.1
130.65.6.225,4.71.254.147,62.2
130.65.6.225,4.71.254.147,62.0
130.65.6.225,4.71.254.147,62.1
130.65.6.225,4.71.254.147,62.0
130.65.6.225,4.71.254.147,62.0
130.65.6.225,4.71.254.147,62.1
130.65.6.225,4.71.254.147,62.0
130.65.6.225,4.71.254.147,62.0
130.65.6.225,4.71.254.147,62.0
130.65.6.225,4.71.254.147,62.0
130.65.6.225,4.71.254.147,61.9
130.65.6.225,4.71.254.147,62.0
130.65.6.225,4.71.254.147,61.9
130.65.6.225,4.71.254.147,62.1
130.65.6.225,4.71.254.147,62.0
130.65.6.225,4.71.254.147,62.1
130.65.6.225,4.71.254.147,62.0
130.65.6.225,4.71.254.147,61.9
130.65.6.225,4.71.254.147,62.2
130.65.6.225,4.71.254.147,62.1
130.65.6.225,4.71.254.147,62.2
130.65.6.225,4.71.254.147,62.1
130.65.6.225,4.71.254.147,62.1
130.65.6.225,4.71.254.147,62.1
130.65.6.225,4.71.254.147,62.0
130.65.6.225,4.71.254.147,62.0
130.65.6.225,4.71.254.147,62.0
130.65.6.225,4.71.254.147,62.0
130.65.6.225,4.71.254.147,62.1
130.65.6.225,4.71.254.147,62.1
130.65.6.225,4.71.254.147,62.6
130.65.6.225,4.71.254.147,62.0
130.65.6.225,4.71.254.147,62.0
130.65.6.225,4.71.254.147,61.9
130.65.6.225,4.71.254.147,62.0
130.65.6.225,4.71.254.147,62.1
130.65.6.225,4.71.254.147,62.0
130.65.6.225,4.71.254.147,62.0
130.65.6.225,4.71.254.147,62.1
130.65.6.225,4.71.254.147,62.0
130.65.6.225,4.71.254.147,62.0
130.65.6.225,4.71.254.147,62.0
130.65.6.225,4.71.254.147,62.1
130.65.6.225,4.71.254.147,62.0
130.65.6.225,4.71.254.147,62.0
130.65.6.225,4.71.254.147,62.0
130.65.6.225,4.71.254.147,62.0
130.65.6.225,4.71.254.147,62.0
130.65.6.225,4.71.254.147,62.0
130.65.6.225,4.71.254.147,62.2
130.65.6.225,4.71.254.147,62.3
130.65.6.225,4.71.254.147,62.0
130.65.6.225,4.71.254.147,62.0
130.65.6.225,4.71.254.147,62.0
130.65.6.225,4.71.254.147,62.1
130.65.6.225,4.71.254.147,62.1
130.65.6.225,4.71.254.147,62.4
130.65.6.225,4.71.254.147,62.1
130.65.6.225,4.71.254.147,62.0
130.65.6.225,4.71.254.147,62.1
130.65.6.225,4.71.254.147,62.1
130.65.6.225,4.71.254.147,62.1
130.65.6.225,4.71.254.147,62.3
130.65.6.225,4.71.254.147,62.1
130.65.6.225,4.71.254.147,62.0
130.65.6.225,4.71.254.147,62.0
130.65.6.225,4.71.254.147,62.2
130.65.6.225,4.71.254.147,62.1
130.65.6.225,4.71.254.147,62.0
130.65.6.225,4.71.254.147,62.0
130.65.6.225,4.71.254.147,62.1
130.65.6.225,4.71.254.147,62.0
130.65.6.225,4.71.254.147,62.0
130.65.6.225,4.71.254.147,62.0
130.65.6.225,4.71.254.147,62.0
130.65.6.225,4.71.254.147,62.0
130.65.6.225,4.71.254.147,62.1
130.65.6.225,4.71.254.147,62.1
130.65.6.225,4.71.254.147,62.1
130.65.6.225,4.71.254.147,61.9
130.65.6.225,4.71.254.147,62.0
130.65.6.225,4.71.254.147,62.1
130.65.6.225,4.71.254.147,62.1
130.65.6.225,4.71.254.147,62.0
130.65.6.225,4.71.254.147,62.2
130.65.6.225,4.71.254.147,62.0
130.65.6.225,4.71.254.147,62.1
130.65.6.225,4.71.254.147,62.1
130.65.6.225,4.71.254.147,62.1
130.65.6.225,4.71.254.147,62.2
130.65.6.225,4.71.254.147,62.1
130.65.6.225,4.71.254.147,62.0
130.65.6.225,4.71.254.147,62.1
130.65.6.225,4.71.254.147,62.0
130.65.6.225,4.71.254.147,62.0
130.65.6.225,4.71.254.147,62.1
130.65.6.225,4.71.254.147,62.1
130.65.6.225,4.71.254.147,62.1
130.65.6.225,4.71.254.147,62.1
130.65.6.225,4.71.254.147,62.1
130.65.6.225,4.71.254.147,62.1
130.65.6.225,4.71.254.147,62.0
130.65.6.225,4.71.254.147,62.1
130.65.6.225,4.71.254.147,62.1
130.65.6.225,4.71.254.147,62.0
130.65.6.225,4.71.254.147,62.1
130.65.6.225,4.71.254.147,62.0
130.65.6.225,4.71.254.147,62.0
130.65.6.225,4.71.254.147,62.0
130.65.6.225,4.71.254.147,62.1
130.65.6.225,4.71.254.147,62.0
130.65.6.225,4.71.254.147,61.9
130.65.6.225,4.71.254.147,62.0
130.65.6.225,4.71.254.147,62.1
130.65.6.225,4.71.254.147,62.2
130.65.6.225,4.71.254.147,62.6
