169.229.50.7,38.98.51.20,13.3
169.229.50.7,38.98.51.20,13.4
169.229.50.7,38.98.51.20,13.3
169.229.50.7,38.98.51.20,13.2
169.229.50.7,38.98.51.20,13.4
169.229.50.7,38.98.51.20,13.3
169.229.50.7,38.98.51.20,13.3
169.229.50.7,38.98.51.20,13.3
169.229.50.7,38.98.51.20,13.4
169.229.50.7,38.98.51.20,13.3
169.229.50.7,38.98.51.20,13.2
169.229.50.7,38.98.51.20,13.2
169.229.50.7,38.98.51.20,13.3
169.229.50.7,38.98.51.20,13.2
169.229.50.7,38.98.51.20,13.2
169.229.50.7,38.98.51.20,13.4
169.229.50.7,38.98.51.20,13.2
169.229.50.7,38.98.51.20,13.5
169.229.50.7,38.98.51.20,13.4
169.229.50.7,38.98.51.20,13.3
169.229.50.7,38.98.51.20,13.3
169.229.50.7,38.98.51.20,13.4
169.229.50.7,38.98.51.20,13.4
169.229.50.7,38.98.51.20,13.3
169.229.50.7,38.98.51.20,13.2
169.229.50.7,38.98.51.20,13.4
169.229.50.7,38.98.51.20,13.3
169.229.50.7,38.98.51.20,13.2
169.229.50.7,38.98.51.20,13.3
169.229.50.7,38.98.51.20,13.3
169.229.50.7,38.98.51.20,13.3
169.229.50.7,38.98.51.20,13.2
169.229.50.7,38.98.51.20,13.2
169.229.50.7,38.98.51.20,13.3
169.229.50.7,38.98.51.20,13.3
169.229.50.7,38.98.51.20,13.2
169.229.50.7,38.98.51.20,13.3
169.229.50.7,38.98.51.20,13.3
169.229.50.7,38.98.51.20,13.2
169.229.50.7,38.98.51.20,13.4
169.229.50.7,38.98.51.20,13.3
169.229.50.7,38.98.51.20,13.2
169.229.50.7,38.98.51.20,13.4
169.229.50.7,38.98.51.20,13.2
169.229.50.7,38.98.51.20,13.5
169.229.50.7,38.98.51.20,13.2
169.229.50.7,38.98.51.20,13.3
169.229.50.7,38.98.51.20,13.3
169.229.50.7,38.98.51.20,13.3
169.229.50.7,38.98.51.20,13.3
169.229.50.7,38.98.51.20,13.3
169.229.50.7,38.98.51.20,13.3
169.229.50.7,38.98.51.20,13.4
169.229.50.7,38.98.51.20,13.4
169.229.50.7,38.98.51.20,13.5
169.229.50.7,38.98.51.20,13.5
169.229.50.7,38.98.51.20,13.1
169.229.50.7,38.98.51.20,13.3
169.229.50.7,38.98.51.20,13.3
169.229.50.7,38.98.51.20,13.4
169.229.50.7,38.98.51.20,13.4
169.229.50.7,38.98.51.20,13.3
169.229.50.7,38.98.51.20,13.2
169.229.50.7,38.98.51.20,13.4
169.229.50.7,38.98.51.20,13.3
169.229.50.7,38.98.51.20,13.2
169.229.50.7,38.98.51.20,13.2
169.229.50.7,38.98.51.20,13.3
169.229.50.7,38.98.51.20,13.3
169.229.50.7,38.98.51.20,13.5
169.229.50.7,38.98.51.20,13.3
169.229.50.7,38.98.51.20,13.3
169.229.50.7,38.98.51.20,13.2
169.229.50.7,38.98.51.20,13.4
169.229.50.7,38.98.51.20,13.3
169.229.50.7,38.98.51.20,13.2
169.229.50.7,38.98.51.20,13.2
169.229.50.7,38.98.51.20,13.4
169.229.50.7,38.98.51.20,13.3
169.229.50.7,38.98.51.20,13.2
169.229.50.7,38.98.51.20,13.4
169.229.50.7,38.98.51.20,13.3
169.229.50.7,38.98.51.20,13.2
169.229.50.7,38.98.51.20,13.4
169.229.50.7,38.98.51.20,13.4
169.229.50.7,38.98.51.20,13.4
169.229.50.7,38.98.51.20,13.2
169.229.50.7,38.98.51.20,13.4
169.229.50.7,38.98.51.20,13.3
169.229.50.7,38.98.51.20,13.2
169.229.50.7,38.98.51.20,13.2
169.229.50.7,38.98.51.20,13.3
169.229.50.7,38.98.51.20,13.3
169.229.50.7,38.98.51.20,13.2
169.229.50.7,38.98.51.20,13.4
169.229.50.7,38.98.51.20,13.3
169.229.50.7,38.98.51.20,13.5
169.229.50.7,38.98.51.20,13.4
169.229.50.7,38.98.51.20,13.3
169.229.50.7,38.98.51.20,13.2
169.229.50.7,38.98.51.20,13.2
169.229.50.7,38.98.51.20,13.3
169.229.50.7,38.98.51.20,13.3
169.229.50.7,38.98.51.20,13.2
169.229.50.7,38.98.51.20,13.4
169.229.50.7,38.98.51.20,13.3
169.229.50.7,38.98.51.20,13.3
169.229.50.7,38.98.51.20,13.4
169.229.50.7,38.98.51.20,13.2
169.229.50.7,38.98.51.20,13.3
169.229.50.7,38.98.51.20,13.2
169.229.50.7,38.98.51.20,13.2
169.229.50.7,38.98.51.20,13.3
169.229.50.7,38.98.51.20,13.3
169.229.50.7,38.98.51.20,13.4
169.229.50.7,38.98.51.20,13.4
169.229.50.7,38.98.51.20,13.2
169.229.50.7,38.98.51.20,13.2
169.229.50.7,38.98.51.20,13.4
169.229.50.7,38.98.51.20,13.2
169.229.50.7,38.98.51.20,13.2
169.229.50.7,38.98.51.20,13.3
169.229.50.7,38.98.51.20,13.3
169.229.50.7,38.98.51.20,13.3
169.229.50.7,38.98.51.20,13.3
169.229.50.7,38.98.51.20,13.4
169.229.50.7,38.98.51.20,13.3
169.229.50.7,38.98.51.20,13.2
169.229.50.7,38.98.51.20,13.4
169.229.50.7,38.98.51.20,13.3
169.229.50.7,38.98.51.20,13.4
169.229.50.7,38.98.51.20,13.4
169.229.50.7,38.98.51.20,13.3
169.229.50.7,38.98.51.20,13.2
169.229.50.7,38.98.51.20,13.4
169.229.50.7,38.98.51.20,13.3
169.229.50.7,38.98.51.20,13.3
169.229.50.7,38.98.51.20,13.4
169.229.50.7,38.98.51.20,13.4
169.229.50.7,38.98.51.20,13.3
169.229.50.7,38.98.51.20,13.5
169.229.50.7,38.98.51.20,13.4
169.229.50.7,38.98.51.20,13.3
169.229.50.7,38.98.51.20,13.3
169.229.50.7,38.98.51.20,13.4
169.229.50.7,38.98.51.20,13.3
169.229.50.7,38.98.51.20,13.3
169.229.50.7,38.98.51.20,13.2
169.229.50.7,38.98.51.20,13.4
169.229.50.7,38.98.51.20,13.8
169.229.50.7,38.98.51.20,13.8
169.229.50.7,38.98.51.20,15.6
169.229.50.7,38.98.51.20,13.4
169.229.50.7,38.98.51.20,13.3
169.229.50.7,38.98.51.20,14.2
169.229.50.7,38.98.51.20,13.4
169.229.50.7,38.98.51.20,13.4
169.229.50.7,38.98.51.20,13.2
169.229.50.7,38.98.51.20,13.7
169.229.50.7,38.98.51.20,14.1
169.229.50.7,38.98.51.20,14.7
169.229.50.7,38.98.51.20,13.2
169.229.50.7,38.98.51.20,13.4
169.229.50.7,38.98.51.20,13.3
169.229.50.7,38.98.51.20,13.3
169.229.50.7,38.98.51.20,14.9
169.229.50.7,38.98.51.20,13.3
169.229.50.7,38.98.51.20,13.3
169.229.50.7,38.98.51.20,16.2
169.229.50.7,38.98.51.20,13.4
169.229.50.7,38.98.51.20,13.3
169.229.50.7,38.98.51.20,13.3
169.229.50.7,38.98.51.20,13.6
169.229.50.7,38.98.51.20,13.3
169.229.50.7,38.98.51.20,13.4
169.229.50.7,38.98.51.20,13.4
169.229.50.7,38.98.51.20,13.4
169.229.50.7,38.98.51.20,13.3
169.229.50.7,38.98.51.20,13.2
169.229.50.7,38.98.51.20,13.2
169.229.50.7,38.98.51.20,13.4
169.229.50.7,38.98.51.20,13.3
169.229.50.7,38.98.51.20,13.2
169.229.50.7,38.98.51.20,13.4
169.229.50.7,38.98.51.20,13.3
169.229.50.7,38.98.51.20,13.2
169.229.50.7,38.98.51.20,13.4
169.229.50.7,38.98.51.20,13.3
169.229.50.7,38.98.51.20,13.2
169.229.50.7,38.98.51.20,13.4
169.229.50.7,38.98.51.20,13.2
169.229.50.7,38.98.51.20,13.3
169.229.50.7,38.98.51.20,13.2
169.229.50.7,38.98.51.20,13.4
169.229.50.7,38.98.51.20,13.3
169.229.50.7,38.98.51.20,13.3
169.229.50.7,38.98.51.20,13.2
169.229.50.7,38.98.51.20,13.4
169.229.50.7,38.98.51.20,13.3
169.229.50.7,38.98.51.20,13.2
169.229.50.7,38.98.51.20,13.4
169.229.50.7,38.98.51.20,13.4
169.229.50.7,38.98.51.20,13.3
169.229.50.7,38.98.51.20,13.2
169.229.50.7,38.98.51.20,15.1
169.229.50.7,38.98.51.20,13.3
169.229.50.7,38.98.51.20,13.5
169.229.50.7,38.98.51.20,13.4
169.229.50.7,38.98.51.20,13.3
169.229.50.7,38.98.51.20,13.3
169.229.50.7,38.98.51.20,13.2
169.229.50.7,38.98.51.20,13.4
169.229.50.7,38.98.51.20,13.4
169.229.50.7,38.98.51.20,13.5
169.229.50.7,38.98.51.20,13.1
169.229.50.7,38.98.51.20,13.4
169.229.50.7,38.98.51.20,13.2
169.229.50.7,38.98.51.20,13.2
169.229.50.7,38.98.51.20,13.3
169.229.50.7,38.98.51.20,13.3
169.229.50.7,38.98.51.20,13.2
169.229.50.7,38.98.51.20,13.4
169.229.50.7,38.98.51.20,13.3
169.229.50.7,38.98.51.20,13.2
169.229.50.7,38.98.51.20,13.1
169.229.50.7,38.98.51.20,13.4
169.229.50.7,38.98.51.20,13.3
169.229.50.7,38.98.51.20,16.0
169.229.50.7,38.98.51.20,13.4
169.229.50.7,38.98.51.20,13.3
169.229.50.7,38.98.51.20,13.4
169.229.50.7,38.98.51.20,13.4
169.229.50.7,38.98.51.20,13.4
169.229.50.7,38.98.51.20,13.3
169.229.50.7,38.98.51.20,13.4
169.229.50.7,38.98.51.20,13.1
169.229.50.7,38.98.51.20,13.3
169.229.50.7,38.98.51.20,13.2
169.229.50.7,38.98.51.20,13.2
169.229.50.7,38.98.51.20,13.4
169.229.50.7,38.98.51.20,13.3
169.229.50.7,38.98.51.20,13.3
169.229.50.7,38.98.51.20,13.4
169.229.50.7,38.98.51.20,13.3
169.229.50.7,38.98.51.20,13.2
169.229.50.7,38.98.51.20,13.4
169.229.50.7,38.98.51.20,13.3
169.229.50.7,38.98.51.20,13.3
169.229.50.7,38.98.51.20,13.5
169.229.50.7,38.98.51.20,13.1
169.229.50.7,38.98.51.20,13.3
169.229.50.7,38.98.51.20,13.2
169.229.50.7,38.98.51.20,13.4
169.229.50.7,38.98.51.20,13.3
169.229.50.7,38.98.51.20,13.3
169.229.50.7,38.98.51.20,13.4
169.229.50.7,38.98.51.20,13.4
169.229.50.7,38.98.51.20,13.3
169.229.50.7,38.98.51.20,13.2
169.229.50.7,38.98.51.20,13.4
169.229.50.7,38.98.51.20,13.3
169.229.50.7,38.98.51.20,13.4
169.229.50.7,38.98.51.20,13.4
169.229.50.7,38.98.51.20,13.4
169.229.50.7,38.98.51.20,13.3
169.229.50.7,38.98.51.20,13.2
169.229.50.7,38.98.51.20,13.2
169.229.50.7,38.98.51.20,13.3
169.229.50.7,38.98.51.20,13.3
169.229.50.7,38.98.51.20,13.5
169.229.50.7,38.98.51.20,13.1
169.229.50.7,38.98.51.20,13.3
169.229.50.7,38.98.51.20,13.3
169.229.50.7,38.98.51.20,13.4
169.229.50.7,38.98.51.20,13.3
169.229.50.7,38.98.51.20,13.2
169.229.50.7,38.98.51.20,13.2
169.229.50.7,38.98.51.20,13.4
169.229.50.7,38.98.51.20,13.3
169.229.50.7,38.98.51.20,13.5
169.229.50.7,38.98.51.20,13.4
169.229.50.7,38.98.51.20,13.3
169.229.50.7,38.98.51.20,13.5
169.229.50.7,38.98.51.20,13.2
169.229.50.7,38.98.51.20,13.4
169.229.50.7,38.98.51.20,13.3
169.229.50.7,38.98.51.20,13.4
169.229.50.7,38.98.51.20,13.4
169.229.50.7,38.98.51.20,13.2
169.229.50.7,38.98.51.20,13.2
169.229.50.7,38.98.51.20,13.2
169.229.50.7,38.98.51.20,13.3
169.229.50.7,38.98.51.20,13.4
169.229.50.7,38.98.51.20,13.4
169.229.50.7,38.98.51.20,13.4
169.229.50.7,38.98.51.20,13.3
169.229.50.7,38.98.51.20,13.2
169.229.50.7,38.98.51.20,13.4
169.229.50.7,38.98.51.20,13.3
169.229.50.7,38.98.51.20,13.3
169.229.50.7,38.98.51.20,13.4
169.229.50.7,38.98.51.20,13.4
169.229.50.7,38.98.51.20,13.2
169.229.50.7,38.98.51.20,13.2
169.229.50.7,38.98.51.20,13.3
169.229.50.7,38.98.51.20,13.4
169.229.50.7,38.98.51.20,13.3
169.229.50.7,38.98.51.20,13.2
169.229.50.7,38.98.51.20,13.4
169.229.50.7,38.98.51.20,13.3
169.229.50.7,38.98.51.20,13.2
169.229.50.7,38.98.51.20,13.4
169.229.50.7,38.98.51.20,13.3
169.229.50.7,38.98.51.20,13.2
169.229.50.7,38.98.51.20,13.5
169.229.50.7,38.98.51.20,13.3
169.229.50.7,38.98.51.20,13.3
169.229.50.7,38.98.51.20,13.3
169.229.50.7,38.98.51.20,13.4
169.229.50.7,38.98.51.20,13.3
169.229.50.7,38.98.51.20,13.2
169.229.50.7,38.98.51.20,13.3
169.229.50.7,38.98.51.20,13.4
169.229.50.7,38.98.51.20,13.3
169.229.50.7,38.98.51.20,13.4
169.229.50.7,38.98.51.20,13.4
169.229.50.7,38.98.51.20,13.3
169.229.50.7,38.98.51.20,13.4
169.229.50.7,38.98.51.20,13.2
169.229.50.7,38.98.51.20,13.3
169.229.50.7,38.98.51.20,13.3
169.229.50.7,38.98.51.20,13.4
169.229.50.7,38.98.51.20,13.3
169.229.50.7,38.98.51.20,13.5
169.229.50.7,38.98.51.20,13.3
169.229.50.7,38.98.51.20,13.4
169.229.50.7,38.98.51.20,13.4
169.229.50.7,38.98.51.20,13.3
169.229.50.7,38.98.51.20,13.5
169.229.50.7,38.98.51.20,13.4
169.229.50.7,38.98.51.20,13.3
169.229.50.7,38.98.51.20,13.2
169.229.50.7,38.98.51.20,13.2
169.229.50.7,38.98.51.20,13.4
169.229.50.7,38.98.51.20,13.2
169.229.50.7,38.98.51.20,13.2
169.229.50.7,38.98.51.20,13.4
169.229.50.7,38.98.51.20,13.3
169.229.50.7,38.98.51.20,13.2
169.229.50.7,38.98.51.20,13.6
169.229.50.7,38.98.51.20,13.3
169.229.50.7,38.98.51.20,13.3
169.229.50.7,38.98.51.20,13.2
169.229.50.7,38.98.51.20,13.1
169.229.50.7,38.98.51.20,13.3
169.229.50.7,38.98.51.20,13.2
169.229.50.7,38.98.51.20,13.4
169.229.50.7,38.98.51.20,13.3
169.229.50.7,38.98.51.20,13.3
169.229.50.7,38.98.51.20,13.5
169.229.50.7,38.98.51.20,13.4
169.229.50.7,38.98.51.20,13.3
169.229.50.7,38.98.51.20,13.3
169.229.50.7,38.98.51.20,13.4
169.229.50.7,38.98.51.20,13.3
169.229.50.7,38.98.51.20,13.2
169.229.50.7,38.98.51.20,13.4
169.229.50.7,38.98.51.20,13.4
169.229.50.7,38.98.51.20,13.3
169.229.50.7,38.98.51.20,13.2
169.229.50.7,38.98.51.20,13.4
169.229.50.7,38.98.51.20,13.3
169.229.50.7,38.98.51.20,13.4
169.229.50.7,38.98.51.20,13.2
169.229.50.7,38.98.51.20,13.4
169.229.50.7,38.98.51.20,13.3
169.229.50.7,38.98.51.20,13.2
169.229.50.7,38.98.51.20,13.4
169.229.50.7,38.98.51.20,13.3
169.229.50.7,38.98.51.20,13.3
169.229.50.7,38.98.51.20,13.2
169.229.50.7,38.98.51.20,13.4
169.229.50.7,38.98.51.20,13.3
169.229.50.7,38.98.51.20,13.3
169.229.50.7,38.98.51.20,13.5
169.229.50.7,38.98.51.20,13.3
169.229.50.7,38.98.51.20,13.3
169.229.50.7,38.98.51.20,13.3
169.229.50.7,38.98.51.20,13.4
169.229.50.7,38.98.51.20,13.5
169.229.50.7,38.98.51.20,13.2
169.229.50.7,38.98.51.20,14.2
169.229.50.7,38.98.51.20,13.3
169.229.50.7,38.98.51.20,13.2
169.229.50.7,38.98.51.20,13.4
169.229.50.7,38.98.51.20,13.4
169.229.50.7,38.98.51.20,13.3
169.229.50.7,38.98.51.20,13.4
169.229.50.7,38.98.51.20,13.4
169.229.50.7,38.98.51.20,13.3
169.229.50.7,38.98.51.20,13.3
169.229.50.7,38.98.51.20,13.4
169.229.50.7,38.98.51.20,13.2
169.229.50.7,38.98.51.20,13.3
169.229.50.7,38.98.51.20,13.2
169.229.50.7,38.98.51.20,13.4
169.229.50.7,38.98.51.20,13.3
169.229.50.7,38.98.51.20,13.3
169.229.50.7,38.98.51.20,13.2
169.229.50.7,38.98.51.20,13.4
169.229.50.7,38.98.51.20,13.3
169.229.50.7,38.98.51.20,13.3
169.229.50.7,38.98.51.20,13.4
169.229.50.7,38.98.51.20,13.6
169.229.50.7,38.98.51.20,13.4
169.229.50.7,38.98.51.20,13.4
169.229.50.7,38.98.51.20,13.3
169.229.50.7,38.98.51.20,13.4
169.229.50.7,38.98.51.20,13.2
169.229.50.7,38.98.51.20,13.5
169.229.50.7,38.98.51.20,13.5
169.229.50.7,38.98.51.20,13.3
169.229.50.7,38.98.51.20,13.3
169.229.50.7,38.98.51.20,13.4
169.229.50.7,38.98.51.20,13.3
169.229.50.7,38.98.51.20,13.2
169.229.50.7,38.98.51.20,13.3
169.229.50.7,38.98.51.20,13.3
169.229.50.7,38.98.51.20,13.5
169.229.50.7,38.98.51.20,13.4
169.229.50.7,38.98.51.20,13.4
169.229.50.7,38.98.51.20,13.2
169.229.50.7,38.98.51.20,13.2
169.229.50.7,38.98.51.20,13.9
169.229.50.7,38.98.51.20,13.3
169.229.50.7,38.98.51.20,13.5
169.229.50.7,38.98.51.20,13.4
169.229.50.7,38.98.51.20,13.3
169.229.50.7,38.98.51.20,13.3
169.229.50.7,38.98.51.20,13.2
169.229.50.7,38.98.51.20,13.4
169.229.50.7,38.98.51.20,13.3
169.229.50.7,38.98.51.20,13.5
169.229.50.7,38.98.51.20,13.4
169.229.50.7,38.98.51.20,13.3
169.229.50.7,38.98.51.20,13.3
169.229.50.7,38.98.51.20,13.2
169.229.50.7,38.98.51.20,13.4
169.229.50.7,38.98.51.20,13.3
169.229.50.7,38.98.51.20,13.2
169.229.50.7,38.98.51.20,13.4
169.229.50.7,38.98.51.20,13.3
169.229.50.7,38.98.51.20,13.2
169.229.50.7,38.98.51.20,13.4
169.229.50.7,38.98.51.20,13.2
169.229.50.7,38.98.51.20,13.3
169.229.50.7,38.98.51.20,13.3
169.229.50.7,38.98.51.20,13.3
169.229.50.7,38.98.51.20,13.3
169.229.50.7,38.98.51.20,13.2
169.229.50.7,38.98.51.20,13.3
169.229.50.7,38.98.51.20,13.9
169.229.50.7,38.98.51.20,13.3
169.229.50.7,38.98.51.20,13.2
169.229.50.7,38.98.51.20,13.2
169.229.50.7,38.98.51.20,13.3
169.229.50.7,38.98.51.20,13.2
169.229.50.7,38.98.51.20,13.4
169.229.50.7,38.98.51.20,13.3
169.229.50.7,38.98.51.20,13.2
169.229.50.7,38.98.51.20,13.4
169.229.50.7,38.98.51.20,13.4
169.229.50.7,38.98.51.20,13.3
169.229.50.7,38.98.51.20,13.2
169.229.50.7,38.98.51.20,13.4
169.229.50.7,38.98.51.20,13.3
169.229.50.7,38.98.51.20,13.5
169.229.50.7,38.98.51.20,13.5
169.229.50.7,38.98.51.20,13.6
169.229.50.7,38.98.51.20,13.5
169.229.50.7,38.98.51.20,13.2
169.229.50.7,38.98.51.20,13.4
169.229.50.7,38.98.51.20,13.3
169.229.50.7,38.98.51.20,13.3
169.229.50.7,38.98.51.20,13.4
169.229.50.7,38.98.51.20,13.4
169.229.50.7,38.98.51.20,13.3
169.229.50.7,38.98.51.20,13.5
169.229.50.7,38.98.51.20,13.4
169.229.50.7,38.98.51.20,13.3
169.229.50.7,38.98.51.20,13.3
169.229.50.7,38.98.51.20,13.4
169.229.50.7,38.98.51.20,13.3
169.229.50.7,38.98.51.20,13.3
169.229.50.7,38.98.51.20,13.2
169.229.50.7,38.98.51.20,13.4
169.229.50.7,38.98.51.20,13.3
169.229.50.7,38.98.51.20,13.2
169.229.50.7,38.98.51.20,13.4
169.229.50.7,38.98.51.20,13.3
169.229.50.7,38.98.51.20,13.3
169.229.50.7,38.98.51.20,13.4
169.229.50.7,38.98.51.20,13.3
169.229.50.7,38.98.51.20,13.3
169.229.50.7,38.98.51.20,13.2
169.229.50.7,38.98.51.20,13.4
169.229.50.7,38.98.51.20,13.3
169.229.50.7,38.98.51.20,13.3
169.229.50.7,38.98.51.20,13.2
169.229.50.7,38.98.51.20,13.4
169.229.50.7,38.98.51.20,13.3
169.229.50.7,38.98.51.20,13.2
169.229.50.7,38.98.51.20,13.4
169.229.50.7,38.98.51.20,13.3
169.229.50.7,38.98.51.20,13.3
169.229.50.7,38.98.51.20,13.2
169.229.50.7,38.98.51.20,13.3
169.229.50.7,38.98.51.20,13.3
169.229.50.7,38.98.51.20,13.5
169.229.50.7,38.98.51.20,13.4
169.229.50.7,38.98.51.20,13.3
169.229.50.7,38.98.51.20,13.2
169.229.50.7,38.98.51.20,13.4
169.229.50.7,38.98.51.20,13.3
169.229.50.7,38.98.51.20,13.3
169.229.50.7,38.98.51.20,13.2
169.229.50.7,38.98.51.20,13.4
169.229.50.7,38.98.51.20,13.3
169.229.50.7,38.98.51.20,13.2
169.229.50.7,38.98.51.20,13.4
169.229.50.7,38.98.51.20,13.3
169.229.50.7,38.98.51.20,13.2
169.229.50.7,38.98.51.20,13.4
169.229.50.7,38.98.51.20,13.4
169.229.50.7,38.98.51.20,13.3
169.229.50.7,38.98.51.20,13.3
169.229.50.7,38.98.51.20,13.4
169.229.50.7,38.98.51.20,13.3
169.229.50.7,38.98.51.20,13.3
169.229.50.7,38.98.51.20,13.4
169.229.50.7,38.98.51.20,13.3
169.229.50.7,38.98.51.20,13.3
169.229.50.7,38.98.51.20,13.5
169.229.50.7,38.98.51.20,13.4
169.229.50.7,38.98.51.20,13.3
169.229.50.7,38.98.51.20,13.3
169.229.50.7,38.98.51.20,13.2
169.229.50.7,38.98.51.20,13.4
169.229.50.7,38.98.51.20,13.3
169.229.50.7,38.98.51.20,13.5
169.229.50.7,38.98.51.20,13.4
169.229.50.7,38.98.51.20,13.2
169.229.50.7,38.98.51.20,13.2
169.229.50.7,38.98.51.20,13.4
169.229.50.7,38.98.51.20,13.3
169.229.50.7,38.98.51.20,13.3
169.229.50.7,38.98.51.20,13.4
169.229.50.7,38.98.51.20,13.4
169.229.50.7,38.98.51.20,13.3
169.229.50.7,38.98.51.20,13.2
169.229.50.7,38.98.51.20,13.2
169.229.50.7,38.98.51.20,13.4
169.229.50.7,38.98.51.20,13.3
169.229.50.7,38.98.51.20,13.4
169.229.50.7,38.98.51.20,13.4
169.229.50.7,38.98.51.20,13.2
169.229.50.7,38.98.51.20,13.2
169.229.50.7,38.98.51.20,13.4
169.229.50.7,38.98.51.20,13.3
169.229.50.7,38.98.51.20,13.4
169.229.50.7,38.98.51.20,13.4
169.229.50.7,38.98.51.20,13.3
169.229.50.7,38.98.51.20,13.3
169.229.50.7,38.98.51.20,13.5
169.229.50.7,38.98.51.20,13.4
169.229.50.7,38.98.51.20,13.3
169.229.50.7,38.98.51.20,13.2
169.229.50.7,38.98.51.20,13.4
169.229.50.7,38.98.51.20,13.3
169.229.50.7,38.98.51.20,13.3
169.229.50.7,38.98.51.20,13.5
169.229.50.7,38.98.51.20,13.1
169.229.50.7,38.98.51.20,13.3
169.229.50.7,38.98.51.20,13.3
169.229.50.7,38.98.51.20,13.3
169.229.50.7,38.98.51.20,13.3
169.229.50.7,38.98.51.20,13.3
169.229.50.7,38.98.51.20,13.3
169.229.50.7,38.98.51.20,13.4
169.229.50.7,38.98.51.20,13.3
169.229.50.7,38.98.51.20,13.2
169.229.50.7,38.98.51.20,13.4
169.229.50.7,38.98.51.20,13.1
169.229.50.7,38.98.51.20,13.3
169.229.50.7,38.98.51.20,13.4
169.229.50.7,38.98.51.20,13.4
169.229.50.7,38.98.51.20,13.3
169.229.50.7,38.98.51.20,13.4
169.229.50.7,38.98.51.20,13.4
169.229.50.7,38.98.51.20,13.3
169.229.50.7,38.98.51.20,13.3
169.229.50.7,38.98.51.20,13.4
169.229.50.7,38.98.51.20,13.4
169.229.50.7,38.98.51.20,13.3
169.229.50.7,38.98.51.20,13.5
169.229.50.7,38.98.51.20,13.4
169.229.50.7,38.98.51.20,13.3
169.229.50.7,38.98.51.20,13.2
169.229.50.7,38.98.51.20,13.4
169.229.50.7,38.98.51.20,13.3
169.229.50.7,38.98.51.20,13.3
169.229.50.7,38.98.51.20,13.2
169.229.50.7,38.98.51.20,13.4
169.229.50.7,38.98.51.20,13.3
169.229.50.7,38.98.51.20,13.4
169.229.50.7,38.98.51.20,13.2
169.229.50.7,38.98.51.20,13.4
169.229.50.7,38.98.51.20,13.3
169.229.50.7,38.98.51.20,13.4
169.229.50.7,38.98.51.20,13.4
169.229.50.7,38.98.51.20,13.3
169.229.50.7,38.98.51.20,13.2
169.229.50.7,38.98.51.20,13.4
169.229.50.7,38.98.51.20,13.3
169.229.50.7,38.98.51.20,13.3
169.229.50.7,38.98.51.20,13.2
169.229.50.7,38.98.51.20,13.4
169.229.50.7,38.98.51.20,13.3
169.229.50.7,38.98.51.20,13.2
169.229.50.7,38.98.51.20,13.4
169.229.50.7,38.98.51.20,13.3
169.229.50.7,38.98.51.20,13.3
169.229.50.7,38.98.51.20,13.4
169.229.50.7,38.98.51.20,13.4
169.229.50.7,38.98.51.20,13.3
169.229.50.7,38.98.51.20,13.4
169.229.50.7,38.98.51.20,13.4
169.229.50.7,38.98.51.20,13.3
169.229.50.7,38.98.51.20,13.3
169.229.50.7,38.98.51.20,13.4
169.229.50.7,38.98.51.20,13.2
169.229.50.7,38.98.51.20,13.3
169.229.50.7,38.98.51.20,13.2
169.229.50.7,38.98.51.20,13.4
169.229.50.7,38.98.51.20,13.3
169.229.50.7,38.98.51.20,13.2
169.229.50.7,38.98.51.20,13.4
169.229.50.7,38.98.51.20,13.3
169.229.50.7,38.98.51.20,13.3
169.229.50.7,38.98.51.20,13.2
169.229.50.7,38.98.51.20,13.4
169.229.50.7,38.98.51.20,13.3
169.229.50.7,38.98.51.20,13.5
169.229.50.7,38.98.51.20,13.4
169.229.50.7,38.98.51.20,13.3
169.229.50.7,38.98.51.20,13.3
169.229.50.7,38.98.51.20,13.4
169.229.50.7,38.98.51.20,13.3
169.229.50.7,38.98.51.20,13.3
169.229.50.7,38.98.51.20,13.2
169.229.50.7,38.98.51.20,13.4
169.229.50.7,38.98.51.20,13.3
169.229.50.7,38.98.51.20,13.3
169.229.50.7,38.98.51.20,13.2
169.229.50.7,38.98.51.20,13.3
169.229.50.7,38.98.51.20,13.3
169.229.50.7,38.98.51.20,13.2
169.229.50.7,38.98.51.20,13.4
169.229.50.7,38.98.51.20,13.3
169.229.50.7,38.98.51.20,13.2
169.229.50.7,38.98.51.20,13.4
169.229.50.7,38.98.51.20,13.3
169.229.50.7,38.98.51.20,13.3
169.229.50.7,38.98.51.20,13.2
169.229.50.7,38.98.51.20,13.4
169.229.50.7,38.98.51.20,13.3
169.229.50.7,38.98.51.20,13.2
169.229.50.7,38.98.51.20,13.4
169.229.50.7,38.98.51.20,13.3
169.229.50.7,38.98.51.20,13.3
169.229.50.7,38.98.51.20,13.2
169.229.50.7,38.98.51.20,13.4
169.229.50.7,38.98.51.20,13.3
169.229.50.7,38.98.51.20,13.2
169.229.50.7,38.98.51.20,13.2
169.229.50.7,38.98.51.20,13.3
169.229.50.7,38.98.51.20,13.2
169.229.50.7,38.98.51.20,13.2
169.229.50.7,38.98.51.20,13.3
169.229.50.7,38.98.51.20,13.3
169.229.50.7,38.98.51.20,13.2
169.229.50.7,38.98.51.20,13.1
169.229.50.7,38.98.51.20,13.3
169.229.50.7,38.98.51.20,13.2
169.229.50.7,38.98.51.20,13.2
169.229.50.7,38.98.51.20,13.3
169.229.50.7,38.98.51.20,13.4
169.229.50.7,38.98.51.20,13.3
169.229.50.7,38.98.51.20,13.4
169.229.50.7,38.98.51.20,13.3
169.229.50.7,38.98.51.20,13.3
169.229.50.7,38.98.51.20,13.3
169.229.50.7,38.98.51.20,13.3
169.229.50.7,38.98.51.20,13.3
169.229.50.7,38.98.51.20,13.4
169.229.50.7,38.98.51.20,13.4
169.229.50.7,38.98.51.20,13.3
169.229.50.7,38.98.51.20,13.5
169.229.50.7,38.98.51.20,13.4
169.229.50.7,38.98.51.20,13.3
169.229.50.7,38.98.51.20,13.2
169.229.50.7,38.98.51.20,13.2
169.229.50.7,38.98.51.20,13.4
169.229.50.7,38.98.51.20,13.3
169.229.50.7,38.98.51.20,13.3
169.229.50.7,38.98.51.20,13.4
169.229.50.7,38.98.51.20,13.3
169.229.50.7,38.98.51.20,13.4
169.229.50.7,38.98.51.20,13.2
169.229.50.7,38.98.51.20,13.3
169.229.50.7,38.98.51.20,13.3
169.229.50.7,38.98.51.20,13.2
169.229.50.7,38.98.51.20,13.3
169.229.50.7,38.98.51.20,13.3
169.229.50.7,38.98.51.20,13.2
169.229.50.7,38.98.51.20,13.2
169.229.50.7,38.98.51.20,13.3
169.229.50.7,38.98.51.20,13.3
169.229.50.7,38.98.51.20,13.2
169.229.50.7,38.98.51.20,13.4
169.229.50.7,38.98.51.20,13.3
169.229.50.7,38.98.51.20,13.2
169.229.50.7,38.98.51.20,13.4
169.229.50.7,38.98.51.20,13.3
169.229.50.7,38.98.51.20,13.3
169.229.50.7,38.98.51.20,13.5
169.229.50.7,38.98.51.20,13.4
169.229.50.7,38.98.51.20,13.3
169.229.50.7,38.98.51.20,13.2
169.229.50.7,38.98.51.20,13.2
169.229.50.7,38.98.51.20,13.2
169.229.50.7,38.98.51.20,13.5
169.229.50.7,38.98.51.20,13.4
169.229.50.7,38.98.51.20,13.4
169.229.50.7,38.98.51.20,13.3
169.229.50.7,38.98.51.20,13.2
169.229.50.7,38.98.51.20,13.4
169.229.50.7,38.98.51.20,13.3
169.229.50.7,38.98.51.20,13.2
169.229.50.7,38.98.51.20,13.2
169.229.50.7,38.98.51.20,13.3
169.229.50.7,38.98.51.20,13.3
169.229.50.7,38.98.51.20,13.2
169.229.50.7,38.98.51.20,13.4
169.229.50.7,38.98.51.20,13.3
169.229.50.7,38.98.51.20,13.4
169.229.50.7,38.98.51.20,13.3
169.229.50.7,38.98.51.20,13.3
169.229.50.7,38.98.51.20,13.2
169.229.50.7,38.98.51.20,13.4
169.229.50.7,38.98.51.20,13.4
169.229.50.7,38.98.51.20,13.2
169.229.50.7,38.98.51.20,13.2
169.229.50.7,38.98.51.20,13.3
169.229.50.7,38.98.51.20,13.3
169.229.50.7,38.98.51.20,13.2
169.229.50.7,38.98.51.20,13.4
169.229.50.7,38.98.51.20,13.3
169.229.50.7,38.98.51.20,13.2
169.229.50.7,38.98.51.20,13.4
169.229.50.7,38.98.51.20,13.3
169.229.50.7,38.98.51.20,13.2
169.229.50.7,38.98.51.20,13.2
169.229.50.7,38.98.51.20,13.3
169.229.50.7,38.98.51.20,13.3
169.229.50.7,38.98.51.20,13.5
169.229.50.7,38.98.51.20,13.2
169.229.50.7,38.98.51.20,13.4
169.229.50.7,38.98.51.20,13.2
169.229.50.7,38.98.51.20,13.2
169.229.50.7,38.98.51.20,13.4
169.229.50.7,38.98.51.20,13.3
169.229.50.7,38.98.51.20,13.2
169.229.50.7,38.98.51.20,13.4
169.229.50.7,38.98.51.20,13.3
169.229.50.7,38.98.51.20,13.2
169.229.50.7,38.98.51.20,13.4
169.229.50.7,38.98.51.20,13.4
169.229.50.7,38.98.51.20,13.3
169.229.50.7,38.98.51.20,13.3
169.229.50.7,38.98.51.20,13.4
169.229.50.7,38.98.51.20,13.3
169.229.50.7,38.98.51.20,13.2
169.229.50.7,38.98.51.20,13.2
169.229.50.7,38.98.51.20,13.3
169.229.50.7,38.98.51.20,13.2
169.229.50.7,38.98.51.20,13.4
169.229.50.7,38.98.51.20,13.4
169.229.50.7,38.98.51.20,13.3
169.229.50.7,38.98.51.20,13.5
169.229.50.7,38.98.51.20,13.4
169.229.50.7,38.98.51.20,13.3
169.229.50.7,38.98.51.20,13.3
169.229.50.7,38.98.51.20,13.4
169.229.50.7,38.98.51.20,13.4
169.229.50.7,38.98.51.20,13.3
169.229.50.7,38.98.51.20,13.2
169.229.50.7,38.98.51.20,13.4
169.229.50.7,38.98.51.20,13.4
169.229.50.7,38.98.51.20,13.3
169.229.50.7,38.98.51.20,13.4
169.229.50.7,38.98.51.20,13.4
169.229.50.7,38.98.51.20,13.2
169.229.50.7,38.98.51.20,13.2
169.229.50.7,38.98.51.20,13.3
169.229.50.7,38.98.51.20,13.4
169.229.50.7,38.98.51.20,13.3
169.229.50.7,38.98.51.20,13.2
169.229.50.7,38.98.51.20,13.2
169.229.50.7,38.98.51.20,13.2
169.229.50.7,38.98.51.20,13.2
169.229.50.7,38.98.51.20,13.4
169.229.50.7,38.98.51.20,13.2
169.229.50.7,38.98.51.20,13.2
169.229.50.7,38.98.51.20,13.2
169.229.50.7,38.98.51.20,13.3
169.229.50.7,38.98.51.20,13.3
169.229.50.7,38.98.51.20,13.2
169.229.50.7,38.98.51.20,14.1
169.229.50.7,38.98.51.20,13.3
169.229.50.7,38.98.51.20,13.4
169.229.50.7,38.98.51.20,13.3
169.229.50.7,38.98.51.20,13.3
169.229.50.7,38.98.51.20,13.7
169.229.50.7,38.98.51.20,13.2
169.229.50.7,38.98.51.20,13.4
169.229.50.7,38.98.51.20,13.3
169.229.50.7,38.98.51.20,13.2
169.229.50.7,38.98.51.20,14.1
169.229.50.7,38.98.51.20,13.3
169.229.50.7,38.98.51.20,13.3
169.229.50.7,38.98.51.20,13.4
169.229.50.7,38.98.51.20,13.3
169.229.50.7,38.98.51.20,13.5
169.229.50.7,38.98.51.20,13.2
169.229.50.7,38.98.51.20,13.4
169.229.50.7,38.98.51.20,13.3
169.229.50.7,38.98.51.20,13.2
169.229.50.7,38.98.51.20,13.5
169.229.50.7,38.98.51.20,13.4
169.229.50.7,38.98.51.20,13.3
169.229.50.7,38.98.51.20,13.2
169.229.50.7,38.98.51.20,13.4
169.229.50.7,38.98.51.20,14.1
169.229.50.7,38.98.51.20,13.4
169.229.50.7,38.98.51.20,13.4
169.229.50.7,38.98.51.20,13.3
169.229.50.7,38.98.51.20,13.2
169.229.50.7,38.98.51.20,13.3
169.229.50.7,38.98.51.20,13.4
169.229.50.7,38.98.51.20,13.3
169.229.50.7,38.98.51.20,13.2
169.229.50.7,38.98.51.20,13.4
169.229.50.7,38.98.51.20,13.3
169.229.50.7,38.98.51.20,13.3
169.229.50.7,38.98.51.20,13.3
169.229.50.7,38.98.51.20,13.4
169.229.50.7,38.98.51.20,13.5
169.229.50.7,38.98.51.20,13.4
169.229.50.7,38.98.51.20,13.4
169.229.50.7,38.98.51.20,13.3
169.229.50.7,38.98.51.20,13.2
169.229.50.7,38.98.51.20,13.4
169.229.50.7,38.98.51.20,13.3
169.229.50.7,38.98.51.20,13.4
169.229.50.7,38.98.51.20,13.2
169.229.50.7,38.98.51.20,13.4
169.229.50.7,38.98.51.20,13.3
169.229.50.7,38.98.51.20,13.3
169.229.50.7,38.98.51.20,13.2
169.229.50.7,38.98.51.20,13.3
169.229.50.7,38.98.51.20,13.3
169.229.50.7,38.98.51.20,13.2
169.229.50.7,38.98.51.20,13.2
169.229.50.7,38.98.51.20,13.4
169.229.50.7,38.98.51.20,13.2
169.229.50.7,38.98.51.20,13.4
169.229.50.7,38.98.51.20,13.3
169.229.50.7,38.98.51.20,13.3
169.229.50.7,38.98.51.20,13.2
169.229.50.7,38.98.51.20,13.4
169.229.50.7,38.98.51.20,13.3
169.229.50.7,38.98.51.20,13.2
169.229.50.7,38.98.51.20,13.2
169.229.50.7,38.98.51.20,13.3
169.229.50.7,38.98.51.20,13.3
169.229.50.7,38.98.51.20,13.2
169.229.50.7,38.98.51.20,13.4
169.229.50.7,38.98.51.20,13.3
169.229.50.7,38.98.51.20,13.4
169.229.50.7,38.98.51.20,13.4
169.229.50.7,38.98.51.20,13.3
169.229.50.7,38.98.51.20,13.2
169.229.50.7,38.98.51.20,13.4
169.229.50.7,38.98.51.20,13.3
169.229.50.7,38.98.51.20,13.3
169.229.50.7,38.98.51.20,13.5
169.229.50.7,38.98.51.20,13.4
169.229.50.7,38.98.51.20,13.4
169.229.50.7,38.98.51.20,13.4
169.229.50.7,38.98.51.20,13.4
169.229.50.7,38.98.51.20,13.3
169.229.50.7,38.98.51.20,13.3
169.229.50.7,38.98.51.20,13.4
169.229.50.7,38.98.51.20,13.4
169.229.50.7,38.98.51.20,13.3
169.229.50.7,38.98.51.20,13.3
169.229.50.7,38.98.51.20,13.4
169.229.50.7,38.98.51.20,13.4
169.229.50.7,38.98.51.20,13.3
169.229.50.7,38.98.51.20,13.2
169.229.50.7,38.98.51.20,13.3
169.229.50.7,38.98.51.20,13.3
169.229.50.7,38.98.51.20,13.2
169.229.50.7,38.98.51.20,13.2
169.229.50.7,38.98.51.20,13.3
169.229.50.7,38.98.51.20,13.2
169.229.50.7,38.98.51.20,13.2
169.229.50.7,38.98.51.20,13.4
169.229.50.7,38.98.51.20,13.3
169.229.50.7,38.98.51.20,13.2
169.229.50.7,38.98.51.20,13.4
169.229.50.7,38.98.51.20,13.3
169.229.50.7,38.98.51.20,13.3
169.229.50.7,38.98.51.20,13.4
169.229.50.7,38.98.51.20,13.3
169.229.50.7,38.98.51.20,13.3
169.229.50.7,38.98.51.20,13.2
169.229.50.7,38.98.51.20,13.4
169.229.50.7,38.98.51.20,13.4
169.229.50.7,38.98.51.20,13.3
169.229.50.7,38.98.51.20,13.4
169.229.50.7,38.98.51.20,13.3
169.229.50.7,38.98.51.20,13.3
169.229.50.7,38.98.51.20,13.2
169.229.50.7,38.98.51.20,13.4
169.229.50.7,38.98.51.20,13.2
169.229.50.7,38.98.51.20,13.3
169.229.50.7,38.98.51.20,13.3
169.229.50.7,38.98.51.20,13.3
169.229.50.7,38.98.51.20,13.3
169.229.50.7,38.98.51.20,13.6
169.229.50.7,38.98.51.20,13.4
169.229.50.7,38.98.51.20,13.3
169.229.50.7,38.98.51.20,13.5
169.229.50.7,38.98.51.20,13.4
169.229.50.7,38.98.51.20,13.3
169.229.50.7,38.98.51.20,13.3
169.229.50.7,38.98.51.20,13.4
169.229.50.7,38.98.51.20,13.6
169.229.50.7,38.98.51.20,13.3
169.229.50.7,38.98.51.20,13.5
169.229.50.7,38.98.51.20,13.4
169.229.50.7,38.98.51.20,13.4
169.229.50.7,38.98.51.20,13.5
169.229.50.7,38.98.51.20,13.2
169.229.50.7,38.98.51.20,13.3
169.229.50.7,38.98.51.20,13.3
169.229.50.7,38.98.51.20,13.4
169.229.50.7,38.98.51.20,13.4
169.229.50.7,38.98.51.20,13.3
169.229.50.7,38.98.51.20,13.3
169.229.50.7,38.98.51.20,13.3
169.229.50.7,38.98.51.20,13.4
169.229.50.7,38.98.51.20,13.3
169.229.50.7,38.98.51.20,13.2
169.229.50.7,38.98.51.20,13.4
169.229.50.7,38.98.51.20,13.3
169.229.50.7,38.98.51.20,13.2
169.229.50.7,38.98.51.20,13.2
169.229.50.7,38.98.51.20,13.2
169.229.50.7,38.98.51.20,13.5
169.229.50.7,38.98.51.20,13.2
169.229.50.7,38.98.51.20,13.4
169.229.50.7,38.98.51.20,13.3
169.229.50.7,38.98.51.20,13.5
169.229.50.7,38.98.51.20,13.4
169.229.50.7,38.98.51.20,13.3
169.229.50.7,38.98.51.20,13.3
169.229.50.7,38.98.51.20,13.4
169.229.50.7,38.98.51.20,13.4
169.229.50.7,38.98.51.20,13.3
169.229.50.7,38.98.51.20,13.2
169.229.50.7,38.98.51.20,13.4
169.229.50.7,38.98.51.20,13.3
169.229.50.7,38.98.51.20,13.2
169.229.50.7,38.98.51.20,13.4
169.229.50.7,38.98.51.20,13.4
169.229.50.7,4.71.251.147,51.2
169.229.50.7,4.71.251.147,51.1
169.229.50.7,4.71.251.147,51.1
169.229.50.7,4.71.251.147,51.2
169.229.50.7,4.71.251.147,51.4
169.229.50.7,4.71.251.147,51.1
169.229.50.7,4.71.251.147,51.1
169.229.50.7,4.71.251.147,51.2
169.229.50.7,4.71.251.147,51.2
169.229.50.7,4.71.251.147,51.3
169.229.50.7,4.71.251.147,51.3
169.229.50.7,4.71.251.147,51.2
169.229.50.7,4.71.251.147,51.1
169.229.50.7,4.71.251.147,51.3
169.229.50.7,4.71.251.147,51.2
169.229.50.7,4.71.251.147,51.1
169.229.50.7,4.71.251.147,51.1
169.229.50.7,4.71.251.147,51.2
169.229.50.7,4.71.251.147,51.1
169.229.50.7,4.71.251.147,51.1
169.229.50.7,4.71.251.147,51.3
169.229.50.7,4.71.251.147,51.2
169.229.50.7,4.71.251.147,51.2
169.229.50.7,4.71.251.147,51.1
169.229.50.7,4.71.251.147,51.2
169.229.50.7,4.71.251.147,51.2
169.229.50.7,4.71.251.147,51.1
169.229.50.7,4.71.251.147,51.3
169.229.50.7,4.71.251.147,51.2
169.229.50.7,4.71.251.147,51.1
169.229.50.7,4.71.251.147,51.3
169.229.50.7,4.71.251.147,51.2
169.229.50.7,4.71.251.147,51.1
169.229.50.7,4.71.251.147,51.1
169.229.50.7,4.71.251.147,51.3
169.229.50.7,4.71.251.147,51.2
169.229.50.7,4.71.251.147,51.2
169.229.50.7,4.71.251.147,51.3
169.229.50.7,4.71.251.147,51.2
169.229.50.7,4.71.251.147,51.2
169.229.50.7,4.71.251.147,51.1
169.229.50.7,4.71.251.147,51.2
169.229.50.7,4.71.251.147,51.2
169.229.50.7,4.71.251.147,51.1
169.229.50.7,4.71.251.147,51.0
169.229.50.7,4.71.251.147,51.2
169.229.50.7,4.71.251.147,51.1
169.229.50.7,4.71.251.147,51.3
169.229.50.7,4.71.251.147,51.2
169.229.50.7,4.71.251.147,51.2
169.229.50.7,4.71.251.147,51.2
169.229.50.7,4.71.251.147,51.3
169.229.50.7,4.71.251.147,51.2
169.229.50.7,4.71.251.147,51.4
169.229.50.7,4.71.251.147,51.1
169.229.50.7,4.71.251.147,51.2
169.229.50.7,4.71.251.147,51.4
169.229.50.7,4.71.251.147,51.3
169.229.50.7,4.71.251.147,51.3
169.229.50.7,4.71.251.147,51.2
169.229.50.7,4.71.251.147,51.1
169.229.50.7,4.71.251.147,51.3
169.229.50.7,4.71.251.147,51.2
169.229.50.7,4.71.251.147,51.2
169.229.50.7,4.71.251.147,51.3
169.229.50.7,4.71.251.147,51.1
169.229.50.7,4.71.251.147,51.2
169.229.50.7,4.71.251.147,51.1
169.229.50.7,4.71.251.147,51.3
169.229.50.7,4.71.251.147,51.2
169.229.50.7,4.71.251.147,51.1
169.229.50.7,4.71.251.147,51.3
169.229.50.7,4.71.251.147,51.2
169.229.50.7,4.71.251.147,51.2
169.229.50.7,4.71.251.147,51.1
169.229.50.7,4.71.251.147,51.2
169.229.50.7,4.71.251.147,51.3
169.229.50.7,4.71.251.147,51.1
169.229.50.7,4.71.251.147,51.1
169.229.50.7,4.71.251.147,51.2
169.229.50.7,4.71.251.147,51.2
169.229.50.7,4.71.251.147,51.1
169.229.50.7,4.71.251.147,51.3
169.229.50.7,4.71.251.147,51.2
169.229.50.7,4.71.251.147,51.1
169.229.50.7,4.71.251.147,51.3
169.229.50.7,4.71.251.147,51.2
169.229.50.7,4.71.251.147,51.0
169.229.50.7,4.71.251.147,51.1
169.229.50.7,4.71.251.147,51.3
169.229.50.7,4.71.251.147,51.2
169.229.50.7,4.71.251.147,51.4
169.229.50.7,4.71.251.147,51.3
169.229.50.7,4.71.251.147,51.2
169.229.50.7,4.71.251.147,51.1
169.229.50.7,4.71.251.147,51.2
169.229.50.7,4.71.251.147,51.2
169.229.50.7,4.71.251.147,51.2
169.229.50.7,4.71.251.147,51.2
169.229.50.7,4.71.251.147,51.3
169.229.50.7,4.71.251.147,51.2
169.229.50.7,4.71.251.147,51.1
169.229.50.7,4.71.251.147,51.3
169.229.50.7,4.71.251.147,51.2
169.229.50.7,4.71.251.147,51.1
169.229.50.7,4.71.251.147,51.1
169.229.50.7,4.71.251.147,51.2
169.229.50.7,4.71.251.147,51.2
169.229.50.7,4.71.251.147,51.1
169.229.50.7,4.71.251.147,51.1
169.229.50.7,4.71.251.147,51.1
169.229.50.7,4.71.251.147,51.2
169.229.50.7,4.71.251.147,51.1
169.229.50.7,4.71.251.147,51.1
169.229.50.7,4.71.251.147,51.2
169.229.50.7,4.71.251.147,51.4
169.229.50.7,4.71.251.147,51.3
169.229.50.7,4.71.251.147,51.2
169.229.50.7,4.71.251.147,51.2
169.229.50.7,4.71.251.147,51.1
169.229.50.7,4.71.251.147,51.2
169.229.50.7,4.71.251.147,51.2
169.229.50.7,4.71.251.147,51.1
169.229.50.7,4.71.251.147,51.3
169.229.50.7,4.71.251.147,51.2
169.229.50.7,4.71.251.147,51.1
169.229.50.7,4.71.251.147,51.3
169.229.50.7,4.71.251.147,51.3
169.229.50.7,4.71.251.147,51.1
169.229.50.7,4.71.251.147,51.1
169.229.50.7,4.71.251.147,51.3
169.229.50.7,4.71.251.147,51.1
169.229.50.7,4.71.251.147,51.1
169.229.50.7,4.71.251.147,51.3
169.229.50.7,4.71.251.147,51.2
169.229.50.7,4.71.251.147,51.1
169.229.50.7,4.71.251.147,51.3
169.229.50.7,4.71.251.147,51.3
169.229.50.7,4.71.251.147,51.2
169.229.50.7,4.71.251.147,51.3
169.229.50.7,4.71.251.147,51.0
169.229.50.7,4.71.251.147,51.2
169.229.50.7,4.71.251.147,51.0
169.229.50.7,4.71.251.147,51.1
169.229.50.7,4.71.251.147,51.2
169.229.50.7,4.71.251.147,51.2
169.229.50.7,4.71.251.147,51.1
169.229.50.7,4.71.251.147,51.3
169.229.50.7,4.71.251.147,51.2
169.229.50.7,4.71.251.147,51.2
169.229.50.7,4.71.251.147,51.1
169.229.50.7,4.71.251.147,51.3
169.229.50.7,4.71.251.147,51.1
169.229.50.7,4.71.251.147,51.6
169.229.50.7,4.71.251.147,51.0
169.229.50.7,4.71.251.147,51.2
169.229.50.7,4.71.251.147,51.1
169.229.50.7,4.71.251.147,51.1
169.229.50.7,4.71.251.147,51.5
169.229.50.7,4.71.251.147,51.4
169.229.50.7,4.71.251.147,51.1
169.229.50.7,4.71.251.147,51.0
169.229.50.7,4.71.251.147,51.2
169.229.50.7,4.71.251.147,51.1
169.229.50.7,4.71.251.147,51.4
169.229.50.7,4.71.251.147,51.2
169.229.50.7,4.71.251.147,51.2
169.229.50.7,4.71.251.147,51.1
169.229.50.7,4.71.251.147,52.1
169.229.50.7,4.71.251.147,51.2
169.229.50.7,4.71.251.147,58.4
169.229.50.7,4.71.251.147,51.1
169.229.50.7,4.71.251.147,51.2
169.229.50.7,4.71.251.147,51.2
169.229.50.7,4.71.251.147,51.4
169.229.50.7,4.71.251.147,51.8
169.229.50.7,4.71.251.147,51.2
169.229.50.7,4.71.251.147,51.8
169.229.50.7,4.71.251.147,51.3
169.229.50.7,4.71.251.147,51.4
169.229.50.7,4.71.251.147,51.1
169.229.50.7,4.71.251.147,51.1
169.229.50.7,4.71.251.147,51.2
169.229.50.7,4.71.251.147,51.1
169.229.50.7,4.71.251.147,51.1
169.229.50.7,4.71.251.147,51.0
169.229.50.7,4.71.251.147,51.2
169.229.50.7,4.71.251.147,51.1
169.229.50.7,4.71.251.147,51.1
169.229.50.7,4.71.251.147,51.1
169.229.50.7,4.71.251.147,51.2
169.229.50.7,4.71.251.147,51.1
169.229.50.7,4.71.251.147,51.3
169.229.50.7,4.71.251.147,51.2
169.229.50.7,4.71.251.147,51.1
169.229.50.7,4.71.251.147,51.3
169.229.50.7,4.71.251.147,51.2
169.229.50.7,4.71.251.147,51.2
169.229.50.7,4.71.251.147,51.1
169.229.50.7,4.71.251.147,51.5
169.229.50.7,4.71.251.147,51.2
169.229.50.7,4.71.251.147,51.1
169.229.50.7,4.71.251.147,51.1
169.229.50.7,4.71.251.147,51.2
169.229.50.7,4.71.251.147,51.2
169.229.50.7,4.71.251.147,51.2
169.229.50.7,4.71.251.147,51.3
169.229.50.7,4.71.251.147,51.1
169.229.50.7,4.71.251.147,51.1
169.229.50.7,4.71.251.147,51.2
169.229.50.7,4.71.251.147,51.2
169.229.50.7,4.71.251.147,51.2
169.229.50.7,4.71.251.147,51.4
169.229.50.7,4.71.251.147,51.3
169.229.50.7,4.71.251.147,51.2
169.229.50.7,4.71.251.147,51.1
169.229.50.7,4.71.251.147,51.0
169.229.50.7,4.71.251.147,51.2
169.229.50.7,4.71.251.147,51.2
169.229.50.7,4.71.251.147,51.3
169.229.50.7,4.71.251.147,51.2
169.229.50.7,4.71.251.147,51.1
169.229.50.7,4.71.251.147,51.3
169.229.50.7,4.71.251.147,51.0
169.229.50.7,4.71.251.147,51.2
169.229.50.7,4.71.251.147,51.1
169.229.50.7,4.71.251.147,51.1
169.229.50.7,4.71.251.147,51.3
169.229.50.7,4.71.251.147,51.2
169.229.50.7,4.71.251.147,51.1
169.229.50.7,4.71.251.147,51.3
169.229.50.7,4.71.251.147,51.2
169.229.50.7,4.71.251.147,51.1
169.229.50.7,4.71.251.147,51.3
169.229.50.7,4.71.251.147,51.2
169.229.50.7,4.71.251.147,51.2
169.229.50.7,4.71.251.147,51.3
169.229.50.7,4.71.251.147,51.3
169.229.50.7,4.71.251.147,51.2
169.229.50.7,4.71.251.147,51.1
169.229.50.7,4.71.251.147,51.0
169.229.50.7,4.71.251.147,51.2
169.229.50.7,4.71.251.147,51.2
169.229.50.7,4.71.251.147,51.1
169.229.50.7,4.71.251.147,51.3
169.229.50.7,4.71.251.147,51.4
169.229.50.7,4.71.251.147,51.1
169.229.50.7,4.71.251.147,51.1
169.229.50.7,4.71.251.147,51.2
169.229.50.7,4.71.251.147,51.1
169.229.50.7,4.71.251.147,51.3
169.229.50.7,4.71.251.147,51.2
169.229.50.7,4.71.251.147,51.2
169.229.50.7,4.71.251.147,51.1
169.229.50.7,4.71.251.147,51.3
169.229.50.7,4.71.251.147,51.2
169.229.50.7,4.71.251.147,51.1
169.229.50.7,4.71.251.147,51.3
169.229.50.7,4.71.251.147,51.2
169.229.50.7,4.71.251.147,51.1
169.229.50.7,4.71.251.147,51.0
169.229.50.7,4.71.251.147,51.3
169.229.50.7,4.71.251.147,51.2
169.229.50.7,4.71.251.147,51.2
169.229.50.7,4.71.251.147,51.3
169.229.50.7,4.71.251.147,51.0
169.229.50.7,4.71.251.147,51.2
169.229.50.7,4.71.251.147,51.3
169.229.50.7,4.71.251.147,51.3
169.229.50.7,4.71.251.147,51.2
169.229.50.7,4.71.251.147,51.1
169.229.50.7,4.71.251.147,51.3
169.229.50.7,4.71.251.147,51.2
169.229.50.7,4.71.251.147,51.3
169.229.50.7,4.71.251.147,51.2
169.229.50.7,4.71.251.147,51.0
169.229.50.7,4.71.251.147,51.2
169.229.50.7,4.71.251.147,51.1
169.229.50.7,4.71.251.147,51.3
169.229.50.7,4.71.251.147,51.2
169.229.50.7,4.71.251.147,51.3
169.229.50.7,4.71.251.147,51.4
169.229.50.7,4.71.251.147,51.1
169.229.50.7,4.71.251.147,51.2
169.229.50.7,4.71.251.147,51.1
169.229.50.7,4.71.251.147,51.1
169.229.50.7,4.71.251.147,51.2
169.229.50.7,4.71.251.147,51.1
169.229.50.7,4.71.251.147,51.3
169.229.50.7,4.71.251.147,51.2
169.229.50.7,4.71.251.147,51.2
169.229.50.7,4.71.251.147,51.1
169.229.50.7,4.71.251.147,51.1
169.229.50.7,4.71.251.147,51.3
169.229.50.7,4.71.251.147,51.1
169.229.50.7,4.71.251.147,51.0
169.229.50.7,4.71.251.147,51.2
169.229.50.7,4.71.251.147,51.2
169.229.50.7,4.71.251.147,51.1
169.229.50.7,4.71.251.147,51.3
169.229.50.7,4.71.251.147,51.4
169.229.50.7,4.71.251.147,51.1
169.229.50.7,4.71.251.147,51.1
169.229.50.7,4.71.251.147,51.2
169.229.50.7,4.71.251.147,51.3
169.229.50.7,4.71.251.147,51.1
169.229.50.7,4.71.251.147,51.2
169.229.50.7,4.71.251.147,51.2
169.229.50.7,4.71.251.147,51.1
169.229.50.7,4.71.251.147,51.3
169.229.50.7,4.71.251.147,51.2
169.229.50.7,4.71.251.147,51.2
169.229.50.7,4.71.251.147,51.3
169.229.50.7,4.71.251.147,51.2
169.229.50.7,4.71.251.147,51.2
169.229.50.7,4.71.251.147,51.1
169.229.50.7,4.71.251.147,51.2
169.229.50.7,4.71.251.147,51.2
169.229.50.7,4.71.251.147,51.1
169.229.50.7,4.71.251.147,51.3
169.229.50.7,4.71.251.147,51.2
169.229.50.7,4.71.251.147,51.1
169.229.50.7,4.71.251.147,51.1
169.229.50.7,4.71.251.147,51.3
169.229.50.7,4.71.251.147,51.3
169.229.50.7,4.71.251.147,51.1
169.229.50.7,4.71.251.147,51.3
169.229.50.7,4.71.251.147,51.2
169.229.50.7,4.71.251.147,51.4
169.229.50.7,4.71.251.147,51.1
169.229.50.7,4.71.251.147,51.3
169.229.50.7,4.71.251.147,51.4
169.229.50.7,4.71.251.147,51.2
169.229.50.7,4.71.251.147,51.3
169.229.50.7,4.71.251.147,51.2
169.229.50.7,4.71.251.147,51.1
169.229.50.7,4.71.251.147,51.3
169.229.50.7,4.71.251.147,51.3
169.229.50.7,4.71.251.147,51.2
169.229.50.7,4.71.251.147,51.1
169.229.50.7,4.71.251.147,51.3
169.229.50.7,4.71.251.147,51.2
169.229.50.7,4.71.251.147,51.1
169.229.50.7,4.71.251.147,51.0
169.229.50.7,4.71.251.147,51.2
169.229.50.7,4.71.251.147,51.1
169.229.50.7,4.71.251.147,51.2
169.229.50.7,4.71.251.147,51.0
169.229.50.7,4.71.251.147,51.2
169.229.50.7,4.71.251.147,51.1
169.229.50.7,4.71.251.147,51.3
169.229.50.7,4.71.251.147,51.2
169.229.50.7,4.71.251.147,51.2
169.229.50.7,4.71.251.147,51.3
169.229.50.7,4.71.251.147,51.3
169.229.50.7,4.71.251.147,51.1
169.229.50.7,4.71.251.147,51.1
169.229.50.7,4.71.251.147,51.0
169.229.50.7,4.71.251.147,51.2
169.229.50.7,4.71.251.147,51.1
169.229.50.7,4.71.251.147,51.2
169.229.50.7,4.71.251.147,51.3
169.229.50.7,4.71.251.147,51.2
169.229.50.7,4.71.251.147,51.3
169.229.50.7,4.71.251.147,51.1
169.229.50.7,4.71.251.147,51.2
169.229.50.7,4.71.251.147,51.1
169.229.50.7,4.71.251.147,51.1
169.229.50.7,4.71.251.147,51.2
169.229.50.7,4.71.251.147,51.2
169.229.50.7,4.71.251.147,51.2
169.229.50.7,4.71.251.147,51.3
169.229.50.7,4.71.251.147,51.2
169.229.50.7,4.71.251.147,51.1
169.229.50.7,4.71.251.147,51.1
169.229.50.7,4.71.251.147,51.2
169.229.50.7,4.71.251.147,51.4
169.229.50.7,4.71.251.147,51.1
169.229.50.7,4.71.251.147,51.1
169.229.50.7,4.71.251.147,51.2
169.229.50.7,4.71.251.147,51.4
169.229.50.7,4.71.251.147,51.3
169.229.50.7,4.71.251.147,51.2
169.229.50.7,4.71.251.147,51.4
169.229.50.7,4.71.251.147,51.1
169.229.50.7,4.71.251.147,51.3
169.229.50.7,4.71.251.147,51.2
169.229.50.7,4.71.251.147,51.4
169.229.50.7,4.71.251.147,51.1
169.229.50.7,4.71.251.147,51.2
169.229.50.7,4.71.251.147,51.2
169.229.50.7,4.71.251.147,51.1
169.229.50.7,4.71.251.147,51.3
169.229.50.7,4.71.251.147,51.2
169.229.50.7,4.71.251.147,51.1
169.229.50.7,4.71.251.147,51.3
169.229.50.7,4.71.251.147,51.2
169.229.50.7,4.71.251.147,51.1
169.229.50.7,4.71.251.147,51.3
169.229.50.7,4.71.251.147,51.3
169.229.50.7,4.71.251.147,51.2
169.229.50.7,4.71.251.147,51.1
169.229.50.7,4.71.251.147,51.3
169.229.50.7,4.71.251.147,51.2
169.229.50.7,4.71.251.147,51.2
169.229.50.7,4.71.251.147,51.3
169.229.50.7,4.71.251.147,51.2
169.229.50.7,4.71.251.147,51.2
169.229.50.7,4.71.251.147,51.3
169.229.50.7,4.71.251.147,51.0
169.229.50.7,4.71.251.147,51.2
169.229.50.7,4.71.251.147,51.1
169.229.50.7,4.71.251.147,51.1
169.229.50.7,4.71.251.147,51.1
169.229.50.7,4.71.251.147,51.1
169.229.50.7,4.71.251.147,51.1
169.229.50.7,4.71.251.147,51.2
169.229.50.7,4.71.251.147,51.2
169.229.50.7,4.71.251.147,51.1
169.229.50.7,4.71.251.147,51.1
169.229.50.7,4.71.251.147,51.2
169.229.50.7,4.71.251.147,51.2
169.229.50.7,4.71.251.147,51.3
169.229.50.7,4.71.251.147,51.3
169.229.50.7,4.71.251.147,51.2
169.229.50.7,4.71.251.147,51.1
169.229.50.7,4.71.251.147,51.3
169.229.50.7,4.71.251.147,51.3
169.229.50.7,4.71.251.147,51.1
169.229.50.7,4.71.251.147,51.3
169.229.50.7,4.71.251.147,51.2
169.229.50.7,4.71.251.147,51.2
169.229.50.7,4.71.251.147,51.1
169.229.50.7,4.71.251.147,51.2
169.229.50.7,4.71.251.147,51.2
169.229.50.7,4.71.251.147,51.1
169.229.50.7,4.71.251.147,51.1
169.229.50.7,4.71.251.147,51.2
169.229.50.7,4.71.251.147,51.1
169.229.50.7,4.71.251.147,51.3
169.229.50.7,4.71.251.147,51.3
169.229.50.7,4.71.251.147,51.2
169.229.50.7,4.71.251.147,51.3
169.229.50.7,4.71.251.147,51.3
169.229.50.7,4.71.251.147,51.3
169.229.50.7,4.71.251.147,51.4
169.229.50.7,4.71.251.147,51.3
169.229.50.7,4.71.251.147,51.2
169.229.50.7,4.71.251.147,51.2
169.229.50.7,4.71.251.147,51.1
169.229.50.7,4.71.251.147,51.3
169.229.50.7,4.71.251.147,51.4
169.229.50.7,4.71.251.147,51.2
169.229.50.7,4.71.251.147,51.6
169.229.50.7,4.71.251.147,51.1
169.229.50.7,4.71.251.147,51.2
169.229.50.7,4.71.251.147,51.1
169.229.50.7,4.71.251.147,51.3
169.229.50.7,4.71.251.147,51.2
169.229.50.7,4.71.251.147,51.2
169.229.50.7,4.71.251.147,51.1
169.229.50.7,4.71.251.147,51.3
169.229.50.7,4.71.251.147,51.2
169.229.50.7,4.71.251.147,51.2
169.229.50.7,4.71.251.147,51.3
169.229.50.7,4.71.251.147,51.2
169.229.50.7,4.71.251.147,51.2
169.229.50.7,4.71.251.147,51.3
169.229.50.7,4.71.251.147,51.2
169.229.50.7,4.71.251.147,51.2
169.229.50.7,4.71.251.147,51.1
169.229.50.7,4.71.251.147,51.1
169.229.50.7,4.71.251.147,51.2
169.229.50.7,4.71.251.147,51.2
169.229.50.7,4.71.251.147,51.2
169.229.50.7,4.71.251.147,51.1
169.229.50.7,4.71.251.147,51.2
169.229.50.7,4.71.251.147,51.1
169.229.50.7,4.71.251.147,51.5
169.229.50.7,4.71.251.147,51.2
169.229.50.7,4.71.251.147,51.1
169.229.50.7,4.71.251.147,51.2
169.229.50.7,4.71.251.147,51.2
169.229.50.7,4.71.251.147,51.2
169.229.50.7,4.71.251.147,51.1
169.229.50.7,4.71.251.147,51.3
169.229.50.7,4.71.251.147,51.2
169.229.50.7,4.71.251.147,51.1
169.229.50.7,4.71.251.147,51.2
169.229.50.7,4.71.251.147,51.1
169.229.50.7,4.71.251.147,51.1
169.229.50.7,4.71.251.147,51.3
169.229.50.7,4.71.251.147,51.3
169.229.50.7,4.71.251.147,51.7
169.229.50.7,4.71.251.147,51.1
169.229.50.7,4.71.251.147,51.3
169.229.50.7,4.71.251.147,51.2
169.229.50.7,4.71.251.147,51.2
169.229.50.7,4.71.251.147,51.3
169.229.50.7,4.71.251.147,51.2
169.229.50.7,4.71.251.147,51.2
169.229.50.7,4.71.251.147,51.1
169.229.50.7,4.71.251.147,51.1
169.229.50.7,4.71.251.147,51.2
169.229.50.7,4.71.251.147,51.1
169.229.50.7,4.71.251.147,51.1
169.229.50.7,4.71.251.147,51.3
169.229.50.7,4.71.251.147,51.2
169.229.50.7,4.71.251.147,51.2
169.229.50.7,4.71.251.147,51.3
169.229.50.7,4.71.251.147,51.1
169.229.50.7,4.71.251.147,51.3
169.229.50.7,4.71.251.147,51.3
169.229.50.7,4.71.251.147,51.2
169.229.50.7,4.71.251.147,51.2
169.229.50.7,4.71.251.147,51.3
169.229.50.7,4.71.251.147,51.2
169.229.50.7,4.71.251.147,51.2
169.229.50.7,4.71.251.147,51.3
169.229.50.7,4.71.251.147,51.2
169.229.50.7,4.71.251.147,51.2
169.229.50.7,4.71.251.147,51.1
169.229.50.7,4.71.251.147,51.2
169.229.50.7,4.71.251.147,51.2
169.229.50.7,4.71.251.147,51.2
169.229.50.7,4.71.251.147,51.1
169.229.50.7,4.71.251.147,51.2
169.229.50.7,4.71.251.147,51.2
169.229.50.7,4.71.251.147,51.1
169.229.50.7,4.71.251.147,51.3
169.229.50.7,4.71.251.147,51.2
169.229.50.7,4.71.251.147,51.2
169.229.50.7,4.71.251.147,51.1
169.229.50.7,4.71.251.147,51.3
169.229.50.7,4.71.251.147,51.2
169.229.50.7,4.71.251.147,51.3
169.229.50.7,4.71.251.147,51.3
169.229.50.7,4.71.251.147,51.2
169.229.50.7,4.71.251.147,51.2
169.229.50.7,4.71.251.147,51.3
169.229.50.7,4.71.251.147,51.3
169.229.50.7,4.71.251.147,51.2
169.229.50.7,4.71.251.147,51.1
169.229.50.7,4.71.251.147,51.3
169.229.50.7,4.71.251.147,51.2
169.229.50.7,4.71.251.147,51.2
169.229.50.7,4.71.251.147,51.1
169.229.50.7,4.71.251.147,51.2
169.229.50.7,4.71.251.147,51.2
169.229.50.7,4.71.251.147,51.1
169.229.50.7,4.71.251.147,51.1
169.229.50.7,4.71.251.147,51.2
169.229.50.7,4.71.251.147,51.1
169.229.50.7,4.71.251.147,51.0
169.229.50.7,4.71.251.147,51.2
169.229.50.7,4.71.251.147,51.0
169.229.50.7,4.71.251.147,51.1
169.229.50.7,4.71.251.147,51.3
169.229.50.7,4.71.251.147,51.2
169.229.50.7,4.71.251.147,51.1
169.229.50.7,4.71.251.147,51.2
169.229.50.7,4.71.251.147,51.2
169.229.50.7,4.71.251.147,51.2
169.229.50.7,4.71.251.147,51.1
169.229.50.7,4.71.251.147,51.3
169.229.50.7,4.71.251.147,51.4
169.229.50.7,4.71.251.147,51.1
169.229.50.7,4.71.251.147,51.3
169.229.50.7,4.71.251.147,51.2
169.229.50.7,4.71.251.147,51.2
169.229.50.7,4.71.251.147,51.3
169.229.50.7,4.71.251.147,51.3
169.229.50.7,4.71.251.147,51.3
169.229.50.7,4.71.251.147,51.1
169.229.50.7,4.71.251.147,51.3
169.229.50.7,4.71.251.147,51.2
169.229.50.7,4.71.251.147,51.2
169.229.50.7,4.71.251.147,51.1
169.229.50.7,4.71.251.147,51.3
169.229.50.7,4.71.251.147,51.1
169.229.50.7,4.71.251.147,51.1
169.229.50.7,4.71.251.147,51.0
169.229.50.7,4.71.251.147,51.2
169.229.50.7,4.71.251.147,51.1
169.229.50.7,4.71.251.147,51.1
169.229.50.7,4.71.251.147,51.2
169.229.50.7,4.71.251.147,51.2
169.229.50.7,4.71.251.147,51.1
169.229.50.7,4.71.251.147,51.3
169.229.50.7,4.71.251.147,51.2
169.229.50.7,4.71.251.147,51.1
169.229.50.7,4.71.251.147,51.1
169.229.50.7,4.71.251.147,51.5
169.229.50.7,4.71.251.147,51.2
169.229.50.7,4.71.251.147,51.4
169.229.50.7,4.71.251.147,51.3
169.229.50.7,4.71.251.147,51.2
169.229.50.7,4.71.251.147,51.2
169.229.50.7,4.71.251.147,51.3
169.229.50.7,4.71.251.147,51.2
169.229.50.7,4.71.251.147,51.4
169.229.50.7,4.71.251.147,51.3
169.229.50.7,4.71.251.147,51.2
169.229.50.7,4.71.251.147,51.1
169.229.50.7,4.71.251.147,51.1
169.229.50.7,4.71.251.147,51.3
169.229.50.7,4.71.251.147,51.0
169.229.50.7,4.71.251.147,51.1
169.229.50.7,4.71.251.147,51.1
169.229.50.7,4.71.251.147,51.3
169.229.50.7,4.71.251.147,51.3
169.229.50.7,4.71.251.147,51.1
169.229.50.7,4.71.251.147,51.0
169.229.50.7,4.71.251.147,51.2
169.229.50.7,4.71.251.147,51.1
169.229.50.7,4.71.251.147,51.3
169.229.50.7,4.71.251.147,51.3
169.229.50.7,4.71.251.147,51.1
169.229.50.7,4.71.251.147,51.2
169.229.50.7,4.71.251.147,51.0
169.229.50.7,4.71.251.147,51.2
169.229.50.7,4.71.251.147,51.1
169.229.50.7,4.71.251.147,51.3
169.229.50.7,4.71.251.147,51.2
169.229.50.7,4.71.251.147,51.2
169.229.50.7,4.71.251.147,51.3
169.229.50.7,4.71.251.147,51.3
169.229.50.7,4.71.251.147,51.2
169.229.50.7,4.71.251.147,51.2
169.229.50.7,4.71.251.147,51.2
169.229.50.7,4.71.251.147,51.3
169.229.50.7,4.71.251.147,51.1
169.229.50.7,4.71.251.147,51.1
169.229.50.7,4.71.251.147,51.3
169.229.50.7,4.71.251.147,51.2
169.229.50.7,4.71.251.147,51.1
169.229.50.7,4.71.251.147,51.0
169.229.50.7,4.71.251.147,51.2
169.229.50.7,4.71.251.147,51.2
169.229.50.7,4.71.251.147,51.3
169.229.50.7,4.71.251.147,51.3
169.229.50.7,4.71.251.147,51.0
169.229.50.7,4.71.251.147,51.1
169.229.50.7,4.71.251.147,51.3
169.229.50.7,4.71.251.147,51.2
169.229.50.7,4.71.251.147,51.1
169.229.50.7,4.71.251.147,51.3
169.229.50.7,4.71.251.147,51.2
169.229.50.7,4.71.251.147,51.2
169.229.50.7,4.71.251.147,51.1
169.229.50.7,4.71.251.147,51.2
169.229.50.7,4.71.251.147,51.2
169.229.50.7,4.71.251.147,51.1
169.229.50.7,4.71.251.147,51.1
169.229.50.7,4.71.251.147,51.2
169.229.50.7,4.71.251.147,51.1
169.229.50.7,4.71.251.147,51.1
169.229.50.7,4.71.251.147,51.2
169.229.50.7,4.71.251.147,51.2
169.229.50.7,4.71.251.147,51.0
169.229.50.7,4.71.251.147,51.1
169.229.50.7,4.71.251.147,51.2
169.229.50.7,4.71.251.147,51.1
169.229.50.7,4.71.251.147,51.1
169.229.50.7,4.71.251.147,51.3
169.229.50.7,4.71.251.147,51.2
169.229.50.7,4.71.251.147,51.1
169.229.50.7,4.71.251.147,51.3
169.229.50.7,4.71.251.147,51.2
169.229.50.7,4.71.251.147,51.1
169.229.50.7,4.71.251.147,51.3
169.229.50.7,4.71.251.147,51.3
169.229.50.7,4.71.251.147,51.0
169.229.50.7,4.71.251.147,51.3
169.229.50.7,4.71.251.147,51.2
169.229.50.7,4.71.251.147,51.2
169.229.50.7,4.71.251.147,51.1
169.229.50.7,4.71.251.147,51.3
169.229.50.7,4.71.251.147,51.3
169.229.50.7,4.71.251.147,51.1
169.229.50.7,4.71.251.147,51.1
169.229.50.7,4.71.251.147,51.0
169.229.50.7,4.71.251.147,51.2
169.229.50.7,4.71.251.147,51.1
169.229.50.7,4.71.251.147,51.3
169.229.50.7,4.71.251.147,51.3
169.229.50.7,4.71.251.147,51.2
169.229.50.7,4.71.251.147,51.3
169.229.50.7,4.71.251.147,51.0
169.229.50.7,4.71.251.147,51.2
169.229.50.7,4.71.251.147,51.2
169.229.50.7,4.71.251.147,51.2
169.229.50.7,4.71.251.147,51.2
169.229.50.7,4.71.251.147,51.2
169.229.50.7,4.71.251.147,51.4
169.229.50.7,4.71.251.147,51.0
169.229.50.7,4.71.251.147,51.2
169.229.50.7,4.71.251.147,51.1
169.229.50.7,4.71.251.147,51.1
169.229.50.7,4.71.251.147,51.3
169.229.50.7,4.71.251.147,51.1
169.229.50.7,4.71.251.147,51.1
169.229.50.7,4.71.251.147,51.3
169.229.50.7,4.71.251.147,51.2
169.229.50.7,4.71.251.147,51.0
169.229.50.7,4.71.251.147,51.0
169.229.50.7,4.71.251.147,51.2
169.229.50.7,4.71.251.147,51.2
169.229.50.7,4.71.251.147,51.1
169.229.50.7,4.71.251.147,51.0
169.229.50.7,4.71.251.147,51.2
169.229.50.7,4.71.251.147,51.1
169.229.50.7,4.71.251.147,51.3
169.229.50.7,4.71.251.147,51.2
169.229.50.7,4.71.251.147,51.3
169.229.50.7,4.71.251.147,51.3
169.229.50.7,4.71.251.147,51.3
169.229.50.7,4.71.251.147,51.2
169.229.50.7,4.71.251.147,51.4
169.229.50.7,4.71.251.147,51.3
169.229.50.7,4.71.251.147,51.1
169.229.50.7,4.71.251.147,51.2
169.229.50.7,4.71.251.147,51.3
169.229.50.7,4.71.251.147,51.3
169.229.50.7,4.71.251.147,51.2
169.229.50.7,4.71.251.147,51.1
169.229.50.7,4.71.251.147,51.3
169.229.50.7,4.71.251.147,51.2
169.229.50.7,4.71.251.147,51.2
169.229.50.7,4.71.251.147,51.1
169.229.50.7,4.71.251.147,51.1
169.229.50.7,4.71.251.147,51.2
169.229.50.7,4.71.251.147,51.1
169.229.50.7,4.71.251.147,51.1
169.229.50.7,4.71.251.147,51.2
169.229.50.7,4.71.251.147,51.2
169.229.50.7,4.71.251.147,51.3
169.229.50.7,4.71.251.147,51.2
169.229.50.7,4.71.251.147,51.2
169.229.50.7,4.71.251.147,51.1
169.229.50.7,4.71.251.147,51.3
169.229.50.7,4.71.251.147,51.2
169.229.50.7,4.71.251.147,51.2
169.229.50.7,4.71.251.147,51.3
169.229.50.7,4.71.251.147,51.3
169.229.50.7,4.71.251.147,51.2
169.229.50.7,4.71.251.147,51.1
169.229.50.7,4.71.251.147,51.3
169.229.50.7,4.71.251.147,51.2
169.229.50.7,4.71.251.147,51.1
169.229.50.7,4.71.251.147,51.1
169.229.50.7,4.71.251.147,51.3
169.229.50.7,4.71.251.147,51.2
169.229.50.7,4.71.251.147,51.1
169.229.50.7,4.71.251.147,51.3
169.229.50.7,4.71.251.147,51.2
169.229.50.7,4.71.251.147,51.1
169.229.50.7,4.71.251.147,51.1
169.229.50.7,4.71.251.147,51.2
169.229.50.7,4.71.251.147,51.2
169.229.50.7,4.71.251.147,51.1
169.229.50.7,4.71.251.147,51.3
169.229.50.7,4.71.251.147,51.2
169.229.50.7,4.71.251.147,51.1
169.229.50.7,4.71.251.147,51.3
169.229.50.7,4.71.251.147,51.2
169.229.50.7,4.71.251.147,51.4
169.229.50.7,4.71.251.147,51.1
169.229.50.7,4.71.251.147,51.3
169.229.50.7,4.71.251.147,51.2
169.229.50.7,4.71.251.147,51.1
169.229.50.7,4.71.251.147,51.1
169.229.50.7,4.71.251.147,51.2
169.229.50.7,4.71.251.147,51.1
169.229.50.7,4.71.251.147,51.1
169.229.50.7,4.71.251.147,51.1
169.229.50.7,4.71.251.147,51.2
169.229.50.7,4.71.251.147,51.1
169.229.50.7,4.71.251.147,51.1
169.229.50.7,4.71.251.147,51.2
169.229.50.7,4.71.251.147,51.1
169.229.50.7,4.71.251.147,51.1
169.229.50.7,4.71.251.147,51.2
169.229.50.7,4.71.251.147,51.2
169.229.50.7,4.71.251.147,51.1
169.229.50.7,4.71.251.147,51.1
169.229.50.7,4.71.251.147,51.2
169.229.50.7,4.71.251.147,51.2
169.229.50.7,4.71.251.147,51.1
169.229.50.7,4.71.251.147,51.3
169.229.50.7,4.71.251.147,51.2
169.229.50.7,4.71.251.147,51.1
169.229.50.7,4.71.251.147,51.5
169.229.50.7,4.71.251.147,51.2
169.229.50.7,4.71.251.147,51.4
169.229.50.7,4.71.251.147,51.1
169.229.50.7,4.71.251.147,51.3
169.229.50.7,4.71.251.147,51.2
169.229.50.7,4.71.251.147,51.1
169.229.50.7,4.71.251.147,51.3
169.229.50.7,4.71.251.147,51.2
169.229.50.7,4.71.251.147,51.2
169.229.50.7,4.71.251.147,51.1
169.229.50.7,4.71.251.147,51.3
169.229.50.7,4.71.251.147,51.1
169.229.50.7,4.71.251.147,51.1
169.229.50.7,4.71.251.147,51.3
169.229.50.7,4.71.251.147,51.2
169.229.50.7,4.71.251.147,51.1
169.229.50.7,4.71.251.147,51.1
169.229.50.7,4.71.251.147,51.1
169.229.50.7,4.71.251.147,51.2
169.229.50.7,4.71.251.147,51.1
169.229.50.7,4.71.251.147,51.0
169.229.50.7,4.71.251.147,51.2
169.229.50.7,4.71.251.147,51.1
169.229.50.7,4.71.251.147,51.0
169.229.50.7,4.71.251.147,51.2
169.229.50.7,4.71.251.147,51.0
169.229.50.7,4.71.251.147,51.1
169.229.50.7,4.71.251.147,51.2
169.229.50.7,4.71.251.147,51.2
169.229.50.7,4.71.251.147,51.1
169.229.50.7,4.71.251.147,51.3
169.229.50.7,4.71.251.147,51.3
169.229.50.7,4.71.251.147,51.1
169.229.50.7,4.71.251.147,51.3
169.229.50.7,4.71.251.147,51.3
169.229.50.7,4.71.251.147,51.2
169.229.50.7,4.71.251.147,51.1
169.229.50.7,4.71.251.147,51.1
169.229.50.7,4.71.251.147,51.2
169.229.50.7,4.71.251.147,51.2
169.229.50.7,4.71.251.147,51.3
169.229.50.7,4.71.251.147,51.3
169.229.50.7,4.71.251.147,51.2
169.229.50.7,4.71.251.147,51.1
169.229.50.7,4.71.251.147,51.0
169.229.50.7,4.71.251.147,51.2
169.229.50.7,4.71.251.147,51.1
169.229.50.7,4.71.251.147,51.2
169.229.50.7,4.71.251.147,51.0
169.229.50.7,4.71.251.147,51.2
169.229.50.7,4.71.251.147,51.1
169.229.50.7,4.71.251.147,51.1
169.229.50.7,4.71.251.147,51.2
169.229.50.7,4.71.251.147,51.1
169.229.50.7,4.71.251.147,51.0
169.229.50.7,4.71.251.147,51.2
169.229.50.7,4.71.251.147,51.2
169.229.50.7,4.71.251.147,51.1
169.229.50.7,4.71.251.147,51.0
169.229.50.7,4.71.251.147,51.2
169.229.50.7,4.71.251.147,51.2
169.229.50.7,4.71.251.147,51.1
169.229.50.7,4.71.251.147,51.3
169.229.50.7,4.71.251.147,51.2
169.229.50.7,4.71.251.147,51.1
169.229.50.7,4.71.251.147,51.2
169.229.50.7,4.71.251.147,51.3
169.229.50.7,4.71.251.147,51.4
169.229.50.7,4.71.251.147,51.5
169.229.50.7,4.71.251.147,51.2
169.229.50.7,4.71.251.147,51.2
169.229.50.7,4.71.251.147,51.1
169.229.50.7,4.71.251.147,51.3
169.229.50.7,4.71.251.147,51.2
169.229.50.7,4.71.251.147,51.1
169.229.50.7,4.71.251.147,51.1
169.229.50.7,4.71.251.147,51.2
169.229.50.7,4.71.251.147,51.1
169.229.50.7,4.71.251.147,51.1
169.229.50.7,4.71.251.147,51.3
169.229.50.7,4.71.251.147,51.2
169.229.50.7,4.71.251.147,51.1
169.229.50.7,4.71.251.147,51.3
169.229.50.7,4.71.251.147,51.7
169.229.50.7,4.71.251.147,51.1
169.229.50.7,4.71.251.147,51.1
169.229.50.7,4.71.251.147,51.3
169.229.50.7,4.71.251.147,51.2
169.229.50.7,4.71.251.147,51.4
169.229.50.7,4.71.251.147,51.3
169.229.50.7,4.71.251.147,51.2
169.229.50.7,4.71.251.147,51.2
169.229.50.7,4.71.251.147,51.4
169.229.50.7,4.71.251.147,51.3
169.229.50.7,4.71.251.147,51.2
169.229.50.7,4.71.251.147,51.2
169.229.50.7,4.71.251.147,51.1
169.229.50.7,4.71.251.147,51.2
169.229.50.7,4.71.251.147,51.2
169.229.50.7,4.71.251.147,51.1
169.229.50.7,4.71.251.147,51.2
169.229.50.7,4.71.251.147,51.2
169.229.50.7,4.71.251.147,51.1
169.229.50.7,4.71.251.147,51.3
169.229.50.7,4.71.251.147,51.2
169.229.50.7,4.71.251.147,51.1
169.229.50.7,4.71.251.147,51.2
169.229.50.7,4.71.251.147,51.3
169.229.50.7,4.71.251.147,51.2
169.229.50.7,4.71.251.147,51.1
169.229.50.7,4.71.251.147,51.2
169.229.50.7,4.71.251.147,51.2
169.229.50.7,4.71.251.147,51.1
169.229.50.7,4.71.251.147,51.1
169.229.50.7,4.71.251.147,51.2
169.229.50.7,4.71.251.147,51.2
169.229.50.7,4.71.251.147,51.2
169.229.50.7,4.71.251.147,51.3
169.229.50.7,4.71.251.147,51.2
169.229.50.7,4.71.251.147,51.1
169.229.50.7,4.71.251.147,51.1
169.229.50.7,4.71.251.147,51.3
169.229.50.7,4.71.251.147,51.2
169.229.50.7,4.71.251.147,51.1
169.229.50.7,4.71.251.147,51.3
169.229.50.7,4.71.251.147,51.2
169.229.50.7,4.71.251.147,51.4
169.229.50.7,4.71.251.147,51.3
169.229.50.7,4.71.251.147,51.3
169.229.50.7,4.71.251.147,51.2
169.229.50.7,4.71.251.147,51.1
169.229.50.7,4.71.251.147,51.2
169.229.50.7,4.71.251.147,51.2
169.229.50.7,4.71.251.147,51.1
169.229.50.7,4.71.251.147,51.1
169.229.50.7,4.71.251.147,51.3
169.229.50.7,4.71.251.147,51.2
169.229.50.7,4.71.251.147,51.1
169.229.50.7,4.71.251.147,51.1
169.229.50.7,4.71.251.147,51.2
169.229.50.7,4.71.251.147,51.2
169.229.50.7,4.71.251.147,51.2
169.229.50.7,4.71.251.147,51.2
169.229.50.7,4.71.251.147,51.2
169.229.50.7,4.71.251.147,51.1
169.229.50.7,4.71.251.147,51.3
169.229.50.7,4.71.251.147,51.4
169.229.50.7,4.71.251.147,51.1
169.229.50.7,4.71.251.147,51.1
169.229.50.7,4.71.251.147,51.2
169.229.50.7,4.71.251.147,51.1
169.229.50.7,4.71.251.147,51.3
169.229.50.7,4.71.251.147,51.2
169.229.50.7,4.71.251.147,51.2
169.229.50.7,4.71.251.147,51.1
169.229.50.7,4.71.251.147,51.3
169.229.50.7,4.71.251.147,51.2
169.229.50.7,4.71.251.147,51.2
169.229.50.7,4.71.251.147,51.1
169.229.50.7,4.71.251.147,51.3
169.229.50.7,4.71.251.147,51.2
169.229.50.7,4.71.251.147,51.1
169.229.50.7,4.71.251.147,51.0
169.229.50.7,4.71.251.147,51.2
169.229.50.7,4.71.251.147,51.2
169.229.50.7,4.71.251.147,51.1
169.229.50.7,4.71.251.147,51.3
169.229.50.7,4.71.251.147,51.2
169.229.50.7,4.71.251.147,51.1
169.229.50.7,4.71.251.147,51.3
169.229.50.7,4.71.251.147,51.2
169.229.50.7,4.71.251.147,51.1
169.229.50.7,4.71.251.147,51.1
169.229.50.7,4.71.251.147,51.2
169.229.50.7,4.71.251.147,51.2
169.229.50.7,4.71.251.147,51.1
169.229.50.7,4.71.251.147,51.3
169.229.50.7,4.71.251.147,51.2
169.229.50.7,4.71.251.147,51.1
169.229.50.7,4.71.251.147,51.1
169.229.50.7,4.71.251.147,51.2
169.229.50.7,4.71.251.147,51.1
169.229.50.7,4.71.251.147,51.1
169.229.50.7,4.71.251.147,51.0
169.229.50.7,4.71.251.147,51.0
169.229.50.7,4.71.251.147,51.1
169.229.50.7,4.71.251.147,51.3
169.229.50.7,4.71.251.147,51.3
169.229.50.7,4.71.251.147,51.2
169.229.50.7,4.71.251.147,51.1
169.229.50.7,4.71.251.147,51.0
169.229.50.7,4.71.251.147,51.2
169.229.50.7,4.71.251.147,51.4
169.229.50.7,4.71.251.147,51.1
169.229.50.7,4.71.251.147,51.3
169.229.50.7,4.71.251.147,51.2
169.229.50.7,4.71.251.147,51.1
169.229.50.7,4.71.251.147,51.3
169.229.50.7,4.71.251.147,51.2
169.229.50.7,4.71.251.147,51.1
169.229.50.7,4.71.251.147,51.3
169.229.50.7,4.71.251.147,51.2
169.229.50.7,4.71.251.147,51.2
169.229.50.7,4.71.251.147,51.1
169.229.50.7,4.71.251.147,51.0
169.229.50.7,4.71.251.147,51.2
169.229.50.7,4.71.251.147,51.1
169.229.50.7,4.71.210.237,70.7
169.229.50.7,4.71.210.237,70.5
169.229.50.7,4.71.210.237,70.8
169.229.50.7,4.71.210.237,70.7
169.229.50.7,4.71.210.237,72.9
169.229.50.7,4.71.210.237,70.5
169.229.50.7,4.71.210.237,70.5
169.229.50.7,4.71.210.237,70.6
169.229.50.7,4.71.210.237,70.8
169.229.50.7,4.71.210.237,70.8
169.229.50.7,4.71.210.237,70.7
169.229.50.7,4.71.210.237,70.9
169.229.50.7,4.71.210.237,70.8
169.229.50.7,4.71.210.237,70.7
169.229.50.7,4.71.210.237,70.7
169.229.50.7,4.71.210.237,70.6
169.229.50.7,4.71.210.237,70.8
169.229.50.7,4.71.210.237,70.6
169.229.50.7,4.71.210.237,70.6
169.229.50.7,4.71.210.237,70.5
169.229.50.7,4.71.210.237,70.7
169.229.50.7,4.71.210.237,70.7
169.229.50.7,4.71.210.237,70.6
169.229.50.7,4.71.210.237,70.8
169.229.50.7,4.71.210.237,70.7
169.229.50.7,4.71.210.237,70.6
169.229.50.7,4.71.210.237,70.8
169.229.50.7,4.71.210.237,70.8
169.229.50.7,4.71.210.237,70.6
169.229.50.7,4.71.210.237,70.6
169.229.50.7,4.71.210.237,70.5
169.229.50.7,4.71.210.237,70.6
169.229.50.7,4.71.210.237,70.8
169.229.50.7,4.71.210.237,70.7
169.229.50.7,4.71.210.237,70.7
169.229.50.7,4.71.210.237,70.6
169.229.50.7,4.71.210.237,70.6
169.229.50.7,4.71.210.237,70.7
169.229.50.7,4.71.210.237,70.7
169.229.50.7,4.71.210.237,70.6
169.229.50.7,4.71.210.237,70.8
169.229.50.7,4.71.210.237,70.7
169.229.50.7,4.71.210.237,70.6
169.229.50.7,4.71.210.237,70.6
169.229.50.7,4.71.210.237,70.5
169.229.50.7,4.71.210.237,70.8
169.229.50.7,4.71.210.237,70.6
169.229.50.7,4.71.210.237,70.5
169.229.50.7,4.71.210.237,70.7
169.229.50.7,4.71.210.237,70.8
169.229.50.7,4.71.210.237,70.6
169.229.50.7,4.71.210.237,70.7
169.229.50.7,4.71.210.237,70.7
169.229.50.7,4.71.210.237,70.6
169.229.50.7,4.71.210.237,70.5
169.229.50.7,4.71.210.237,70.7
169.229.50.7,4.71.210.237,70.5
169.229.50.7,4.71.210.237,70.6
169.229.50.7,4.71.210.237,70.5
169.229.50.7,4.71.210.237,70.7
169.229.50.7,4.71.210.237,70.6
169.229.50.7,4.71.210.237,70.8
169.229.50.7,4.71.210.237,71.0
169.229.50.7,4.71.210.237,70.9
169.229.50.7,4.71.210.237,70.5
169.229.50.7,4.71.210.237,70.5
169.229.50.7,4.71.210.237,70.6
169.229.50.7,4.71.210.237,70.8
169.229.50.7,4.71.210.237,70.8
169.229.50.7,4.71.210.237,70.7
169.229.50.7,4.71.210.237,70.6
169.229.50.7,4.71.210.237,71.0
169.229.50.7,4.71.210.237,70.7
169.229.50.7,4.71.210.237,70.7
169.229.50.7,4.71.210.237,70.6
169.229.50.7,4.71.210.237,70.8
169.229.50.7,4.71.210.237,70.7
169.229.50.7,4.71.210.237,70.6
169.229.50.7,4.71.210.237,70.8
169.229.50.7,4.71.210.237,70.7
169.229.50.7,4.71.210.237,70.6
169.229.50.7,4.71.210.237,70.6
169.229.50.7,4.71.210.237,70.6
169.229.50.7,4.71.210.237,70.7
169.229.50.7,4.71.210.237,70.6
169.229.50.7,4.71.210.237,70.8
169.229.50.7,4.71.210.237,70.7
169.229.50.7,4.71.210.237,70.9
169.229.50.7,4.71.210.237,70.8
169.229.50.7,4.71.210.237,70.8
169.229.50.7,4.71.210.237,70.7
169.229.50.7,4.71.210.237,70.6
169.229.50.7,4.71.210.237,70.5
169.229.50.7,4.71.210.237,70.7
169.229.50.7,4.71.210.237,70.9
169.229.50.7,4.71.210.237,70.7
169.229.50.7,4.71.210.237,70.8
169.229.50.7,4.71.210.237,70.7
169.229.50.7,4.71.210.237,70.8
169.229.50.7,4.71.210.237,70.8
169.229.50.7,4.71.210.237,70.7
169.229.50.7,4.71.210.237,70.6
169.229.50.7,4.71.210.237,70.8
169.229.50.7,4.71.210.237,70.7
169.229.50.7,4.71.210.237,70.7
169.229.50.7,4.71.210.237,70.6
169.229.50.7,4.71.210.237,70.5
169.229.50.7,4.71.210.237,70.7
169.229.50.7,4.71.210.237,70.6
169.229.50.7,4.71.210.237,70.8
169.229.50.7,4.71.210.237,70.8
169.229.50.7,4.71.210.237,70.7
169.229.50.7,4.71.210.237,70.6
169.229.50.7,4.71.210.237,70.5
169.229.50.7,4.71.210.237,70.7
169.229.50.7,4.71.210.237,70.6
169.229.50.7,4.71.210.237,70.7
169.229.50.7,4.71.210.237,70.7
169.229.50.7,4.71.210.237,70.7
169.229.50.7,4.71.210.237,70.6
169.229.50.7,4.71.210.237,70.8
169.229.50.7,4.71.210.237,70.7
169.229.50.7,4.71.210.237,70.6
169.229.50.7,4.71.210.237,70.6
169.229.50.7,4.71.210.237,70.7
169.229.50.7,4.71.210.237,70.6
169.229.50.7,4.71.210.237,70.6
169.229.50.7,4.71.210.237,70.8
169.229.50.7,4.71.210.237,70.7
169.229.50.7,4.71.210.237,70.6
169.229.50.7,4.71.210.237,70.8
169.229.50.7,4.71.210.237,70.8
169.229.50.7,4.71.210.237,70.6
169.229.50.7,4.71.210.237,70.6
169.229.50.7,4.71.210.237,70.5
169.229.50.7,4.71.210.237,70.7
169.229.50.7,4.71.210.237,70.8
169.229.50.7,4.71.210.237,70.5
169.229.50.7,4.71.210.237,70.7
169.229.50.7,4.71.210.237,70.6
169.229.50.7,4.71.210.237,70.6
169.229.50.7,4.71.210.237,70.8
169.229.50.7,4.71.210.237,70.7
169.229.50.7,4.71.210.237,70.6
169.229.50.7,4.71.210.237,70.5
169.229.50.7,4.71.210.237,70.7
169.229.50.7,4.71.210.237,70.6
169.229.50.7,4.71.210.237,70.6
169.229.50.7,4.71.210.237,70.7
169.229.50.7,4.71.210.237,70.7
169.229.50.7,4.71.210.237,70.6
169.229.50.7,4.71.210.237,70.5
169.229.50.7,4.71.210.237,70.7
169.229.50.7,4.71.210.237,70.6
169.229.50.7,4.71.210.237,70.8
169.229.50.7,4.71.210.237,70.7
169.229.50.7,4.71.210.237,70.7
169.229.50.7,4.71.210.237,70.6
169.229.50.7,4.71.210.237,70.8
169.229.50.7,4.71.210.237,70.7
169.229.50.7,4.71.210.237,70.6
169.229.50.7,4.71.210.237,70.6
169.229.50.7,4.71.210.237,70.7
169.229.50.7,4.71.210.237,70.7
169.229.50.7,4.71.210.237,70.6
169.229.50.7,4.71.210.237,70.8
169.229.50.7,4.71.210.237,70.6
169.229.50.7,4.71.210.237,70.6
169.229.50.7,4.71.210.237,70.8
169.229.50.7,4.71.210.237,70.7
169.229.50.7,4.71.210.237,70.7
169.229.50.7,4.71.210.237,70.6
169.229.50.7,4.71.210.237,70.8
169.229.50.7,4.71.210.237,70.7
169.229.50.7,4.71.210.237,70.6
169.229.50.7,4.71.210.237,70.8
169.229.50.7,4.71.210.237,70.7
169.229.50.7,4.71.210.237,70.7
169.229.50.7,4.71.210.237,70.8
169.229.50.7,4.71.210.237,70.5
169.229.50.7,4.71.210.237,71.0
169.229.50.7,4.71.210.237,70.6
169.229.50.7,4.71.210.237,70.8
169.229.50.7,4.71.210.237,70.7
169.229.50.7,4.71.210.237,70.6
169.229.50.7,4.71.210.237,70.8
169.229.50.7,4.71.210.237,70.7
169.229.50.7,4.71.210.237,70.7
169.229.50.7,4.71.210.237,70.6
169.229.50.7,4.71.210.237,70.6
169.229.50.7,4.71.210.237,70.7
169.229.50.7,4.71.210.237,70.9
169.229.50.7,4.71.210.237,70.6
169.229.50.7,4.71.210.237,70.6
169.229.50.7,4.71.210.237,70.7
169.229.50.7,4.71.210.237,70.6
169.229.50.7,4.71.210.237,70.8
169.229.50.7,4.71.210.237,70.7
169.229.50.7,4.71.210.237,70.7
169.229.50.7,4.71.210.237,70.6
169.229.50.7,4.71.210.237,75.0
169.229.50.7,4.71.210.237,70.6
169.229.50.7,4.71.210.237,70.6
169.229.50.7,4.71.210.237,70.8
169.229.50.7,4.71.210.237,70.7
169.229.50.7,4.71.210.237,70.6
169.229.50.7,4.71.210.237,70.8
169.229.50.7,4.71.210.237,70.5
169.229.50.7,4.71.210.237,70.7
169.229.50.7,4.71.210.237,70.9
169.229.50.7,4.71.210.237,70.8
169.229.50.7,4.71.210.237,70.7
169.229.50.7,4.71.210.237,70.6
169.229.50.7,4.71.210.237,70.6
169.229.50.7,4.71.210.237,71.0
169.229.50.7,4.71.210.237,70.7
169.229.50.7,4.71.210.237,70.6
169.229.50.7,4.71.210.237,70.8
169.229.50.7,4.71.210.237,70.7
169.229.50.7,4.71.210.237,70.6
169.229.50.7,4.71.210.237,70.6
169.229.50.7,4.71.210.237,71.0
169.229.50.7,4.71.210.237,70.6
169.229.50.7,4.71.210.237,70.6
169.229.50.7,4.71.210.237,70.7
169.229.50.7,4.71.210.237,70.7
169.229.50.7,4.71.210.237,70.6
169.229.50.7,4.71.210.237,70.8
169.229.50.7,4.71.210.237,70.7
169.229.50.7,4.71.210.237,70.6
169.229.50.7,4.71.210.237,70.6
169.229.50.7,4.71.210.237,70.5
169.229.50.7,4.71.210.237,70.7
169.229.50.7,4.71.210.237,70.6
169.229.50.7,4.71.210.237,70.5
169.229.50.7,4.71.210.237,70.7
169.229.50.7,4.71.210.237,70.7
169.229.50.7,4.71.210.237,70.8
169.229.50.7,4.71.210.237,70.5
169.229.50.7,4.71.210.237,70.7
169.229.50.7,4.71.210.237,70.6
169.229.50.7,4.71.210.237,70.6
169.229.50.7,4.71.210.237,70.7
169.229.50.7,4.71.210.237,70.6
169.229.50.7,4.71.210.237,70.6
169.229.50.7,4.71.210.237,70.8
169.229.50.7,4.71.210.237,70.7
169.229.50.7,4.71.210.237,70.9
169.229.50.7,4.71.210.237,70.8
169.229.50.7,4.71.210.237,70.7
169.229.50.7,4.71.210.237,70.6
169.229.50.7,4.71.210.237,70.8
169.229.50.7,4.71.210.237,70.7
169.229.50.7,4.71.210.237,70.7
169.229.50.7,4.71.210.237,70.6
169.229.50.7,4.71.210.237,70.7
169.229.50.7,4.71.210.237,70.7
169.229.50.7,4.71.210.237,70.6
169.229.50.7,4.71.210.237,70.6
169.229.50.7,4.71.210.237,70.7
169.229.50.7,4.71.210.237,70.7
169.229.50.7,4.71.210.237,70.6
169.229.50.7,4.71.210.237,70.5
169.229.50.7,4.71.210.237,70.7
169.229.50.7,4.71.210.237,70.6
169.229.50.7,4.71.210.237,70.5
169.229.50.7,4.71.210.237,70.7
169.229.50.7,4.71.210.237,70.7
169.229.50.7,4.71.210.237,70.6
169.229.50.7,4.71.210.237,70.6
169.229.50.7,4.71.210.237,70.8
169.229.50.7,4.71.210.237,70.6
169.229.50.7,4.71.210.237,70.5
169.229.50.7,4.71.210.237,70.8
169.229.50.7,4.71.210.237,70.7
169.229.50.7,4.71.210.237,70.8
169.229.50.7,4.71.210.237,70.8
169.229.50.7,4.71.210.237,70.7
169.229.50.7,4.71.210.237,70.6
169.229.50.7,4.71.210.237,70.5
169.229.50.7,4.71.210.237,70.7
169.229.50.7,4.71.210.237,70.6
169.229.50.7,4.71.210.237,70.6
169.229.50.7,4.71.210.237,70.5
169.229.50.7,4.71.210.237,70.7
169.229.50.7,4.71.210.237,70.9
169.229.50.7,4.71.210.237,70.6
169.229.50.7,4.71.210.237,70.8
169.229.50.7,4.71.210.237,70.7
169.229.50.7,4.71.210.237,70.6
169.229.50.7,4.71.210.237,70.8
169.229.50.7,4.71.210.237,70.7
169.229.50.7,4.71.210.237,70.6
169.229.50.7,4.71.210.237,70.5
169.229.50.7,4.71.210.237,70.7
169.229.50.7,4.71.210.237,70.6
169.229.50.7,4.71.210.237,70.6
169.229.50.7,4.71.210.237,70.7
169.229.50.7,4.71.210.237,70.7
169.229.50.7,4.71.210.237,70.5
169.229.50.7,4.71.210.237,70.8
169.229.50.7,4.71.210.237,70.7
169.229.50.7,4.71.210.237,70.6
169.229.50.7,4.71.210.237,70.6
169.229.50.7,4.71.210.237,70.7
169.229.50.7,4.71.210.237,70.7
169.229.50.7,4.71.210.237,70.9
169.229.50.7,4.71.210.237,70.5
169.229.50.7,4.71.210.237,70.7
169.229.50.7,4.71.210.237,70.6
169.229.50.7,4.71.210.237,70.6
169.229.50.7,4.71.210.237,70.7
169.229.50.7,4.71.210.237,70.6
169.229.50.7,4.71.210.237,70.6
169.229.50.7,4.71.210.237,70.8
169.229.50.7,4.71.210.237,70.7
169.229.50.7,4.71.210.237,70.6
169.229.50.7,4.71.210.237,70.6
169.229.50.7,4.71.210.237,70.8
169.229.50.7,4.71.210.237,70.7
169.229.50.7,4.71.210.237,70.6
169.229.50.7,4.71.210.237,70.8
169.229.50.7,4.71.210.237,70.9
169.229.50.7,4.71.210.237,70.6
169.229.50.7,4.71.210.237,70.7
169.229.50.7,4.71.210.237,70.7
169.229.50.7,4.71.210.237,70.6
169.229.50.7,4.71.210.237,70.6
169.229.50.7,4.71.210.237,70.5
169.229.50.7,4.71.210.237,70.7
169.229.50.7,4.71.210.237,70.7
169.229.50.7,4.71.210.237,70.8
169.229.50.7,4.71.210.237,70.7
169.229.50.7,4.71.210.237,70.7
169.229.50.7,4.71.210.237,70.6
169.229.50.7,4.71.210.237,70.8
169.229.50.7,4.71.210.237,70.7
169.229.50.7,4.71.210.237,70.8
169.229.50.7,4.71.210.237,70.5
169.229.50.7,4.71.210.237,70.7
169.229.50.7,4.71.210.237,70.7
169.229.50.7,4.71.210.237,70.6
169.229.50.7,4.71.210.237,70.8
169.229.50.7,4.71.210.237,70.7
169.229.50.7,4.71.210.237,70.5
169.229.50.7,4.71.210.237,70.6
169.229.50.7,4.71.210.237,70.7
169.229.50.7,4.71.210.237,70.7
169.229.50.7,4.71.210.237,70.8
169.229.50.7,4.71.210.237,70.7
169.229.50.7,4.71.210.237,70.7
169.229.50.7,4.71.210.237,70.6
169.229.50.7,4.71.210.237,70.8
169.229.50.7,4.71.210.237,70.7
169.229.50.7,4.71.210.237,70.6
169.229.50.7,4.71.210.237,70.6
169.229.50.7,4.71.210.237,70.5
169.229.50.7,4.71.210.237,70.7
169.229.50.7,4.71.210.237,70.6
169.229.50.7,4.71.210.237,70.8
169.229.50.7,4.71.210.237,70.7
169.229.50.7,4.71.210.237,70.6
169.229.50.7,4.71.210.237,70.6
169.229.50.7,4.71.210.237,70.8
169.229.50.7,4.71.210.237,70.7
169.229.50.7,4.71.210.237,70.9
169.229.50.7,4.71.210.237,70.8
169.229.50.7,4.71.210.237,70.7
169.229.50.7,4.71.210.237,70.6
169.229.50.7,4.71.210.237,70.6
169.229.50.7,4.71.210.237,70.7
169.229.50.7,4.71.210.237,70.7
169.229.50.7,4.71.210.237,70.8
169.229.50.7,4.71.210.237,70.8
169.229.50.7,4.71.210.237,70.7
169.229.50.7,4.71.210.237,70.8
169.229.50.7,4.71.210.237,70.8
169.229.50.7,4.71.210.237,70.7
169.229.50.7,4.71.210.237,70.7
169.229.50.7,4.71.210.237,70.9
169.229.50.7,4.71.210.237,70.7
169.229.50.7,4.71.210.237,70.8
169.229.50.7,4.71.210.237,70.8
169.229.50.7,4.71.210.237,70.6
169.229.50.7,4.71.210.237,70.7
169.229.50.7,4.71.210.237,70.7
169.229.50.7,4.71.210.237,70.8
169.229.50.7,4.71.210.237,70.8
169.229.50.7,4.71.210.237,70.7
169.229.50.7,4.71.210.237,70.8
169.229.50.7,4.71.210.237,70.7
169.229.50.7,4.71.210.237,70.7
169.229.50.7,4.71.210.237,70.6
169.229.50.7,4.71.210.237,70.8
169.229.50.7,4.71.210.237,70.7
169.229.50.7,4.71.210.237,70.7
169.229.50.7,4.71.210.237,70.8
169.229.50.7,4.71.210.237,70.5
169.229.50.7,4.71.210.237,70.7
169.229.50.7,4.71.210.237,70.6
169.229.50.7,4.71.210.237,70.6
169.229.50.7,4.71.210.237,70.8
169.229.50.7,4.71.210.237,70.7
169.229.50.7,4.71.210.237,70.6
169.229.50.7,4.71.210.237,70.9
169.229.50.7,4.71.210.237,70.7
169.229.50.7,4.71.210.237,70.9
169.229.50.7,4.71.210.237,70.8
169.229.50.7,4.71.210.237,70.6
169.229.50.7,4.71.210.237,70.8
169.229.50.7,4.71.210.237,70.6
169.229.50.7,4.71.210.237,70.8
169.229.50.7,4.71.210.237,70.7
169.229.50.7,4.71.210.237,70.6
169.229.50.7,4.71.210.237,70.8
169.229.50.7,4.71.210.237,70.5
169.229.50.7,4.71.210.237,70.7
169.229.50.7,4.71.210.237,70.6
169.229.50.7,4.71.210.237,70.8
169.229.50.7,4.71.210.237,70.8
169.229.50.7,4.71.210.237,70.6
169.229.50.7,4.71.210.237,70.6
169.229.50.7,4.71.210.237,70.6
169.229.50.7,4.71.210.237,70.7
169.229.50.7,4.71.210.237,70.6
169.229.50.7,4.71.210.237,70.5
169.229.50.7,4.71.210.237,70.7
169.229.50.7,4.71.210.237,70.6
169.229.50.7,4.71.210.237,70.6
169.229.50.7,4.71.210.237,70.7
169.229.50.7,4.71.210.237,70.7
169.229.50.7,4.71.210.237,70.5
169.229.50.7,4.71.210.237,70.7
169.229.50.7,4.71.210.237,70.7
169.229.50.7,4.71.210.237,70.6
169.229.50.7,4.71.210.237,70.8
169.229.50.7,4.71.210.237,70.5
169.229.50.7,4.71.210.237,70.7
169.229.50.7,4.71.210.237,70.6
169.229.50.7,4.71.210.237,70.5
169.229.50.7,4.71.210.237,70.7
169.229.50.7,4.71.210.237,70.6
169.229.50.7,4.71.210.237,70.8
169.229.50.7,4.71.210.237,70.7
169.229.50.7,4.71.210.237,70.7
169.229.50.7,4.71.210.237,70.6
169.229.50.7,4.71.210.237,70.8
169.229.50.7,4.71.210.237,70.7
169.229.50.7,4.71.210.237,70.9
169.229.50.7,4.71.210.237,70.8
169.229.50.7,4.71.210.237,70.7
169.229.50.7,4.71.210.237,70.6
169.229.50.7,4.71.210.237,70.6
169.229.50.7,4.71.210.237,70.8
169.229.50.7,4.71.210.237,70.7
169.229.50.7,4.71.210.237,70.8
169.229.50.7,4.71.210.237,70.8
169.229.50.7,4.71.210.237,70.7
169.229.50.7,4.71.210.237,70.9
169.229.50.7,4.71.210.237,70.8
169.229.50.7,4.71.210.237,70.5
169.229.50.7,4.71.210.237,70.7
169.229.50.7,4.71.210.237,70.6
169.229.50.7,4.71.210.237,70.8
169.229.50.7,4.71.210.237,70.7
169.229.50.7,4.71.210.237,70.7
169.229.50.7,4.71.210.237,70.8
169.229.50.7,4.71.210.237,70.5
169.229.50.7,4.71.210.237,70.7
169.229.50.7,4.71.210.237,70.6
169.229.50.7,4.71.210.237,70.6
169.229.50.7,4.71.210.237,70.7
169.229.50.7,4.71.210.237,70.7
169.229.50.7,4.71.210.237,70.6
169.229.50.7,4.71.210.237,70.7
169.229.50.7,4.71.210.237,70.7
169.229.50.7,4.71.210.237,70.6
169.229.50.7,4.71.210.237,70.5
169.229.50.7,4.71.210.237,70.6
169.229.50.7,4.71.210.237,70.8
169.229.50.7,4.71.210.237,70.8
169.229.50.7,4.71.210.237,70.7
169.229.50.7,4.71.210.237,70.7
169.229.50.7,4.71.210.237,70.6
169.229.50.7,4.71.210.237,70.5
169.229.50.7,4.71.210.237,70.7
169.229.50.7,4.71.210.237,70.6
169.229.50.7,4.71.210.237,70.6
169.229.50.7,4.71.210.237,70.7
169.229.50.7,4.71.210.237,70.7
169.229.50.7,4.71.210.237,70.6
169.229.50.7,4.71.210.237,70.5
169.229.50.7,4.71.210.237,70.7
169.229.50.7,4.71.210.237,70.6
169.229.50.7,4.71.210.237,70.6
169.229.50.7,4.71.210.237,70.7
169.229.50.7,4.71.210.237,70.7
169.229.50.7,4.71.210.237,70.6
169.229.50.7,4.71.210.237,70.8
169.229.50.7,4.71.210.237,70.7
169.229.50.7,4.71.210.237,70.6
169.229.50.7,4.71.210.237,70.8
169.229.50.7,4.71.210.237,70.7
169.229.50.7,4.71.210.237,70.7
169.229.50.7,4.71.210.237,70.6
169.229.50.7,4.71.210.237,70.8
169.229.50.7,4.71.210.237,70.7
169.229.50.7,4.71.210.237,70.9
169.229.50.7,4.71.210.237,70.8
169.229.50.7,4.71.210.237,70.7
169.229.50.7,4.71.210.237,70.7
169.229.50.7,4.71.210.237,70.8
169.229.50.7,4.71.210.237,70.8
169.229.50.7,4.71.210.237,70.6
169.229.50.7,4.71.210.237,70.6
169.229.50.7,4.71.210.237,70.8
169.229.50.7,4.71.210.237,70.5
169.229.50.7,4.71.210.237,70.7
169.229.50.7,4.71.210.237,70.6
169.229.50.7,4.71.210.237,70.7
169.229.50.7,4.71.210.237,70.7
169.229.50.7,4.71.210.237,70.6
169.229.50.7,4.71.210.237,70.6
169.229.50.7,4.71.210.237,70.7
169.229.50.7,4.71.210.237,70.7
169.229.50.7,4.71.210.237,70.6
169.229.50.7,4.71.210.237,70.5
169.229.50.7,4.71.210.237,70.7
169.229.50.7,4.71.210.237,70.6
169.229.50.7,4.71.210.237,70.8
169.229.50.7,4.71.210.237,70.7
169.229.50.7,4.71.210.237,70.6
169.229.50.7,4.71.210.237,70.6
169.229.50.7,4.71.210.237,70.7
169.229.50.7,4.71.210.237,70.7
169.229.50.7,4.71.210.237,70.6
169.229.50.7,4.71.210.237,70.8
169.229.50.7,4.71.210.237,70.7
169.229.50.7,4.71.210.237,70.6
169.229.50.7,4.71.210.237,70.6
169.229.50.7,4.71.210.237,70.7
169.229.50.7,4.71.210.237,70.7
169.229.50.7,4.71.210.237,70.9
169.229.50.7,4.71.210.237,70.8
169.229.50.7,4.71.210.237,70.7
169.229.50.7,4.71.210.237,70.6
169.229.50.7,4.71.210.237,70.7
169.229.50.7,4.71.210.237,70.5
169.229.50.7,4.71.210.237,70.6
169.229.50.7,4.71.210.237,70.6
169.229.50.7,4.71.210.237,70.8
169.229.50.7,4.71.210.237,70.5
169.229.50.7,4.71.210.237,70.6
169.229.50.7,4.71.210.237,70.6
169.229.50.7,4.71.210.237,70.5
169.229.50.7,4.71.210.237,70.7
169.229.50.7,4.71.210.237,70.6
169.229.50.7,4.71.210.237,70.8
169.229.50.7,4.71.210.237,70.7
169.229.50.7,4.71.210.237,70.6
169.229.50.7,4.71.210.237,70.8
169.229.50.7,4.71.210.237,70.7
169.229.50.7,4.71.210.237,70.7
169.229.50.7,4.71.210.237,70.8
169.229.50.7,4.71.210.237,70.5
169.229.50.7,4.71.210.237,70.7
169.229.50.7,4.71.210.237,70.6
169.229.50.7,4.71.210.237,70.8
169.229.50.7,4.71.210.237,70.7
169.229.50.7,4.71.210.237,70.9
169.229.50.7,4.71.210.237,70.6
169.229.50.7,4.71.210.237,70.7
169.229.50.7,4.71.210.237,70.7
169.229.50.7,4.71.210.237,70.8
169.229.50.7,4.71.210.237,70.8
169.229.50.7,4.71.210.237,70.5
169.229.50.7,4.71.210.237,70.6
169.229.50.7,4.71.210.237,70.8
169.229.50.7,4.71.210.237,70.8
169.229.50.7,4.71.210.237,70.7
169.229.50.7,4.71.210.237,70.6
169.229.50.7,4.71.210.237,70.8
169.229.50.7,4.71.210.237,70.7
169.229.50.7,4.71.210.237,70.6
169.229.50.7,4.71.210.237,70.6
169.229.50.7,4.71.210.237,70.7
169.229.50.7,4.71.210.237,70.7
169.229.50.7,4.71.210.237,70.6
169.229.50.7,4.71.210.237,70.7
169.229.50.7,4.71.210.237,70.7
169.229.50.7,4.71.210.237,70.6
169.229.50.7,4.71.210.237,70.6
169.229.50.7,4.71.210.237,70.5
169.229.50.7,4.71.210.237,70.7
169.229.50.7,4.71.210.237,70.8
169.229.50.7,4.71.210.237,70.7
169.229.50.7,4.71.210.237,70.7
169.229.50.7,4.71.210.237,70.6
169.229.50.7,4.71.210.237,70.6
169.229.50.7,4.71.210.237,70.7
169.229.50.7,4.71.210.237,70.7
169.229.50.7,4.71.210.237,70.6
169.229.50.7,4.71.210.237,70.5
169.229.50.7,4.71.210.237,70.6
169.229.50.7,4.71.210.237,70.8
169.229.50.7,4.71.210.237,70.5
169.229.50.7,4.71.210.237,70.7
169.229.50.7,4.71.210.237,70.6
169.229.50.7,4.71.210.237,70.7
169.229.50.7,4.71.210.237,70.7
169.229.50.7,4.71.210.237,70.6
169.229.50.7,4.71.210.237,70.8
169.229.50.7,4.71.210.237,70.7
169.229.50.7,4.71.210.237,70.6
169.229.50.7,4.71.210.237,70.8
169.229.50.7,4.71.210.237,70.8
169.229.50.7,4.71.210.237,70.7
169.229.50.7,4.71.210.237,70.9
169.229.50.7,4.71.210.237,70.8
169.229.50.7,4.71.210.237,70.6
169.229.50.7,4.71.210.237,70.7
169.229.50.7,4.71.210.237,70.6
169.229.50.7,4.71.210.237,70.8
169.229.50.7,4.71.210.237,70.7
169.229.50.7,4.71.210.237,70.6
169.229.50.7,4.71.210.237,70.6
169.229.50.7,4.71.210.237,70.7
169.229.50.7,4.71.210.237,70.6
169.229.50.7,4.71.210.237,70.6
169.229.50.7,4.71.210.237,70.7
169.229.50.7,4.71.210.237,70.6
169.229.50.7,4.71.210.237,70.6
169.229.50.7,4.71.210.237,70.8
169.229.50.7,4.71.210.237,70.7
169.229.50.7,4.71.210.237,70.7
169.229.50.7,4.71.210.237,70.8
169.229.50.7,4.71.210.237,70.7
169.229.50.7,4.71.210.237,70.7
169.229.50.7,4.71.210.237,70.6
169.229.50.7,4.71.210.237,70.8
169.229.50.7,4.71.210.237,70.7
169.229.50.7,4.71.210.237,70.6
169.229.50.7,4.71.210.237,70.6
169.229.50.7,4.71.210.237,70.8
169.229.50.7,4.71.210.237,70.7
169.229.50.7,4.71.210.237,70.8
169.229.50.7,4.71.210.237,70.7
169.229.50.7,4.71.210.237,70.7
169.229.50.7,4.71.210.237,70.6
169.229.50.7,4.71.210.237,70.7
169.229.50.7,4.71.210.237,70.7
169.229.50.7,4.71.210.237,70.7
169.229.50.7,4.71.210.237,70.6
169.229.50.7,4.71.210.237,70.8
169.229.50.7,4.71.210.237,70.7
169.229.50.7,4.71.210.237,70.6
169.229.50.7,4.71.210.237,70.6
169.229.50.7,4.71.210.237,70.8
169.229.50.7,4.71.210.237,70.7
169.229.50.7,4.71.210.237,70.8
169.229.50.7,4.71.210.237,71.0
169.229.50.7,4.71.210.237,70.7
169.229.50.7,4.71.210.237,70.9
169.229.50.7,4.71.210.237,70.6
169.229.50.7,4.71.210.237,70.7
169.229.50.7,4.71.210.237,70.7
169.229.50.7,4.71.210.237,70.8
169.229.50.7,4.71.210.237,70.6
169.229.50.7,4.71.210.237,70.7
169.229.50.7,4.71.210.237,70.8
169.229.50.7,4.71.210.237,70.5
169.229.50.7,4.71.210.237,70.7
169.229.50.7,4.71.210.237,70.6
169.229.50.7,4.71.210.237,70.6
169.229.50.7,4.71.210.237,70.8
169.229.50.7,4.71.210.237,70.7
169.229.50.7,4.71.210.237,70.6
169.229.50.7,4.71.210.237,70.6
169.229.50.7,4.71.210.237,70.7
169.229.50.7,4.71.210.237,70.9
169.229.50.7,4.71.210.237,70.6
169.229.50.7,4.71.210.237,70.8
169.229.50.7,4.71.210.237,70.7
169.229.50.7,4.71.210.237,70.6
169.229.50.7,4.71.210.237,70.8
169.229.50.7,4.71.210.237,70.8
169.229.50.7,4.71.210.237,70.6
169.229.50.7,4.71.210.237,70.6
169.229.50.7,4.71.210.237,70.7
169.229.50.7,4.71.210.237,71.0
169.229.50.7,4.71.210.237,70.8
169.229.50.7,4.71.210.237,70.6
169.229.50.7,4.71.210.237,70.7
169.229.50.7,4.71.210.237,70.9
169.229.50.7,4.71.210.237,70.8
169.229.50.7,4.71.210.237,70.7
169.229.50.7,4.71.210.237,70.7
169.229.50.7,4.71.210.237,70.9
169.229.50.7,4.71.210.237,70.8
169.229.50.7,4.71.210.237,70.7
169.229.50.7,4.71.210.237,70.6
169.229.50.7,4.71.210.237,70.8
169.229.50.7,4.71.210.237,70.7
169.229.50.7,4.71.210.237,70.6
169.229.50.7,4.71.210.237,70.6
169.229.50.7,4.71.210.237,70.6
169.229.50.7,4.71.210.237,70.7
169.229.50.7,4.71.210.237,70.6
169.229.50.7,4.71.210.237,70.5
169.229.50.7,4.71.210.237,70.7
169.229.50.7,4.71.210.237,70.7
169.229.50.7,4.71.210.237,70.6
169.229.50.7,4.71.210.237,70.8
169.229.50.7,4.71.210.237,70.7
169.229.50.7,4.71.210.237,70.6
169.229.50.7,4.71.210.237,70.5
169.229.50.7,4.71.210.237,70.7
169.229.50.7,4.71.210.237,70.7
169.229.50.7,4.71.210.237,70.8
169.229.50.7,4.71.210.237,70.5
169.229.50.7,4.71.210.237,70.6
169.229.50.7,4.71.210.237,70.6
169.229.50.7,4.71.210.237,70.8
169.229.50.7,4.71.210.237,70.7
169.229.50.7,4.71.210.237,70.7
169.229.50.7,4.71.210.237,70.8
169.229.50.7,4.71.210.237,70.5
169.229.50.7,4.71.210.237,70.7
169.229.50.7,4.71.210.237,70.9
169.229.50.7,4.71.210.237,70.5
169.229.50.7,4.71.210.237,70.7
169.229.50.7,4.71.210.237,70.6
169.229.50.7,4.71.210.237,70.7
169.229.50.7,4.71.210.237,70.7
169.229.50.7,4.71.210.237,70.6
169.229.50.7,4.71.210.237,70.6
169.229.50.7,4.71.210.237,70.8
169.229.50.7,4.71.210.237,70.5
169.229.50.7,4.71.210.237,70.6
169.229.50.7,4.71.210.237,70.6
169.229.50.7,4.71.210.237,70.5
169.229.50.7,4.71.210.237,70.7
169.229.50.7,4.71.210.237,70.6
169.229.50.7,4.71.210.237,70.8
169.229.50.7,4.71.210.237,70.9
169.229.50.7,4.71.210.237,70.6
169.229.50.7,4.71.210.237,70.6
169.229.50.7,4.71.210.237,70.7
169.229.50.7,4.71.210.237,70.7
169.229.50.7,4.71.210.237,70.8
169.229.50.7,4.71.210.237,70.8
169.229.50.7,4.71.210.237,71.0
169.229.50.7,4.71.210.237,70.6
169.229.50.7,4.71.210.237,70.5
169.229.50.7,4.71.210.237,70.8
169.229.50.7,4.71.210.237,70.7
169.229.50.7,4.71.210.237,70.5
169.229.50.7,4.71.210.237,70.7
169.229.50.7,4.71.210.237,70.7
169.229.50.7,4.71.210.237,70.7
169.229.50.7,4.71.210.237,70.8
169.229.50.7,4.71.210.237,70.7
169.229.50.7,4.71.210.237,70.7
169.229.50.7,4.71.210.237,70.6
169.229.50.7,4.71.210.237,70.7
169.229.50.7,4.71.210.237,70.7
169.229.50.7,4.71.210.237,70.6
169.229.50.7,4.71.210.237,70.8
169.229.50.7,4.71.210.237,70.8
169.229.50.7,4.71.210.237,70.9
169.229.50.7,4.71.210.237,70.8
169.229.50.7,4.71.210.237,70.7
169.229.50.7,4.71.210.237,70.7
169.229.50.7,4.71.210.237,70.8
169.229.50.7,4.71.210.237,70.5
169.229.50.7,4.71.210.237,70.7
169.229.50.7,4.71.210.237,70.6
169.229.50.7,4.71.210.237,70.6
169.229.50.7,4.71.210.237,70.9
169.229.50.7,4.71.210.237,70.7
169.229.50.7,4.71.210.237,70.8
169.229.50.7,4.71.210.237,70.8
169.229.50.7,4.71.210.237,70.7
169.229.50.7,4.71.210.237,70.9
169.229.50.7,4.71.210.237,70.5
169.229.50.7,4.71.210.237,70.7
169.229.50.7,4.71.210.237,70.6
169.229.50.7,4.71.210.237,70.8
169.229.50.7,4.71.210.237,70.7
169.229.50.7,4.71.210.237,70.7
169.229.50.7,4.71.210.237,70.9
169.229.50.7,4.71.210.237,70.5
169.229.50.7,4.71.210.237,70.7
169.229.50.7,4.71.210.237,70.6
169.229.50.7,4.71.210.237,70.8
169.229.50.7,4.71.210.237,70.7
169.229.50.7,4.71.210.237,70.7
169.229.50.7,4.71.210.237,70.8
169.229.50.7,4.71.210.237,70.5
169.229.50.7,4.71.210.237,70.5
169.229.50.7,4.71.210.237,70.9
169.229.50.7,4.71.210.237,70.8
169.229.50.7,4.71.210.237,70.7
169.229.50.7,4.71.210.237,70.6
169.229.50.7,4.71.210.237,70.6
169.229.50.7,4.71.210.237,70.8
169.229.50.7,4.71.210.237,70.6
169.229.50.7,4.71.210.237,70.6
169.229.50.7,4.71.210.237,70.8
169.229.50.7,4.71.210.237,70.7
169.229.50.7,4.71.210.237,70.7
169.229.50.7,4.71.210.237,70.6
169.229.50.7,4.71.210.237,70.7
169.229.50.7,4.71.210.237,70.7
169.229.50.7,4.71.210.237,70.6
169.229.50.7,4.71.210.237,70.7
169.229.50.7,4.71.210.237,70.7
169.229.50.7,4.71.210.237,70.6
169.229.50.7,4.71.210.237,70.7
169.229.50.7,4.71.210.237,70.7
169.229.50.7,4.71.210.237,70.7
169.229.50.7,4.71.210.237,70.6
169.229.50.7,4.71.210.237,70.5
169.229.50.7,4.71.210.237,70.7
169.229.50.7,4.71.210.237,70.8
169.229.50.7,4.71.210.237,70.8
169.229.50.7,4.71.210.237,70.7
169.229.50.7,4.71.210.237,70.7
169.229.50.7,4.71.210.237,70.9
169.229.50.7,4.71.210.237,70.8
169.229.50.7,4.71.210.237,70.7
169.229.50.7,4.71.210.237,70.6
169.229.50.7,4.71.210.237,70.8
169.229.50.7,4.71.210.237,70.7
169.229.50.7,4.71.210.237,70.9
169.229.50.7,4.71.210.237,70.8
169.229.50.7,4.71.210.237,70.8
169.229.50.7,4.71.210.237,71.9
169.229.50.7,4.71.210.237,70.7
169.229.50.7,4.71.210.237,70.8
169.229.50.7,4.71.210.237,70.6
169.229.50.7,4.71.210.237,70.7
169.229.50.7,4.71.210.237,70.6
169.229.50.7,4.71.210.237,70.7
169.229.50.7,4.71.210.237,70.7
169.229.50.7,4.71.210.237,70.9
169.229.50.7,4.71.210.237,70.5
169.229.50.7,4.71.210.237,70.7
169.229.50.7,4.71.210.237,70.6
169.229.50.7,4.71.210.237,70.8
169.229.50.7,4.71.210.237,70.7
169.229.50.7,4.71.210.237,70.7
169.229.50.7,4.71.210.237,70.6
169.229.50.7,4.71.210.237,70.8
169.229.50.7,4.71.210.237,70.7
169.229.50.7,4.71.210.237,70.9
169.229.50.7,4.71.210.237,70.8
169.229.50.7,4.71.210.237,70.7
169.229.50.7,4.71.210.237,70.7
169.229.50.7,4.71.210.237,70.8
169.229.50.7,4.71.210.237,70.8
169.229.50.7,4.71.210.237,70.7
169.229.50.7,4.71.210.237,70.6
169.229.50.7,4.71.210.237,70.6
169.229.50.7,4.71.210.237,70.7
169.229.50.7,4.71.210.237,70.6
169.229.50.7,4.71.210.237,70.7
169.229.50.7,4.71.210.237,70.6
169.229.50.7,4.71.210.237,70.7
169.229.50.7,4.71.210.237,70.7
169.229.50.7,4.71.210.237,70.6
169.229.50.7,4.71.210.237,70.7
169.229.50.7,4.71.210.237,70.6
169.229.50.7,4.71.210.237,70.6
169.229.50.7,4.71.210.237,70.8
169.229.50.7,4.71.210.237,70.9
169.229.50.7,4.71.210.237,70.6
169.229.50.7,4.71.210.237,70.5
169.229.50.7,4.71.210.237,70.7
169.229.50.7,4.71.210.237,70.6
169.229.50.7,4.71.210.237,70.7
169.229.50.7,4.71.210.237,70.7
169.229.50.7,4.71.210.237,70.7
169.229.50.7,4.71.210.237,70.6
169.229.50.7,4.71.210.237,70.6
169.229.50.7,4.71.210.237,70.7
169.229.50.7,4.71.210.237,70.6
169.229.50.7,4.71.210.237,70.8
169.229.50.7,4.71.210.237,70.5
169.229.50.7,4.71.210.237,70.7
169.229.50.7,4.71.210.237,70.8
169.229.50.7,4.71.210.237,70.7
169.229.50.7,4.71.210.237,70.7
169.229.50.7,4.71.210.237,70.6
169.229.50.7,4.71.210.237,70.8
169.229.50.7,4.71.210.237,70.5
169.229.50.7,4.71.210.237,70.6
169.229.50.7,4.71.210.237,70.6
169.229.50.7,4.71.210.237,70.8
169.229.50.7,4.71.210.237,70.7
169.229.50.7,4.71.210.237,70.6
169.229.50.7,4.71.210.237,70.5
169.229.50.7,4.71.210.237,70.7
169.229.50.7,4.71.210.237,70.6
169.229.50.7,4.71.210.237,70.8
169.229.50.7,4.71.210.237,70.8
169.229.50.7,4.71.210.237,70.7
169.229.50.7,4.71.210.237,70.7
169.229.50.7,4.71.210.237,70.7
169.229.50.7,4.71.210.237,70.7
169.229.50.7,4.71.210.237,70.6
169.229.50.7,4.71.210.237,70.8
169.229.50.7,4.71.210.237,70.7
169.229.50.7,4.71.210.237,70.9
169.229.50.7,4.71.210.237,70.6
169.229.50.7,4.71.210.237,70.5
169.229.50.7,4.71.210.237,70.7
169.229.50.7,4.71.210.237,70.7
169.229.50.7,4.71.210.237,70.8
169.229.50.7,4.71.210.237,70.7
169.229.50.7,4.71.210.237,70.7
169.229.50.7,4.71.210.237,70.8
169.229.50.7,4.71.210.237,70.7
169.229.50.7,4.71.210.237,70.7
169.229.50.7,4.71.210.237,70.6
169.229.50.7,4.71.210.237,70.5
169.229.50.7,4.71.210.237,70.7
169.229.50.7,4.71.210.237,70.7
169.229.50.7,4.71.210.237,70.8
169.229.50.7,4.71.210.237,70.5
169.229.50.7,4.71.210.237,70.8
169.229.50.7,4.71.210.237,70.6
169.229.50.7,4.71.210.237,70.8
169.229.50.7,4.71.210.237,70.7
169.229.50.7,4.71.210.237,70.6
169.229.50.7,4.71.210.237,70.6
169.229.50.7,4.71.210.237,70.7
169.229.50.7,4.71.210.237,70.7
169.229.50.7,4.71.210.237,70.8
169.229.50.7,4.71.210.237,70.5
169.229.50.7,4.71.210.237,70.7
169.229.50.7,4.71.210.237,70.6
169.229.50.7,4.71.210.237,70.6
169.229.50.7,4.71.210.237,70.5
169.229.50.7,4.71.210.237,70.7
169.229.50.7,4.71.210.237,70.6
169.229.50.7,4.71.210.237,70.6
169.229.50.7,4.71.210.237,70.7
169.229.50.7,4.71.210.237,70.6
169.229.50.7,4.71.210.237,70.8
169.229.50.7,4.71.210.237,70.6
169.229.50.7,4.71.210.237,70.6
169.229.50.7,4.71.210.237,70.8
169.229.50.7,4.71.210.237,70.7
169.229.50.7,4.71.210.237,70.7
169.229.50.7,4.71.210.237,70.6
169.229.50.7,4.71.210.237,71.3
169.229.50.7,4.71.210.237,70.7
169.229.50.7,4.71.210.237,70.7
169.229.50.7,4.71.210.237,70.7
169.229.50.7,4.71.210.237,70.8
169.229.50.7,4.71.210.237,70.7
169.229.50.7,4.71.210.237,70.6
169.229.50.7,4.71.210.237,70.8
169.229.50.7,4.71.210.237,70.7
169.229.50.7,4.71.210.237,70.6
169.229.50.7,4.71.210.237,70.6
169.229.50.7,4.71.210.237,70.7
169.229.50.7,4.71.210.237,70.7
169.229.50.7,4.71.210.237,70.6
169.229.50.7,4.71.210.237,70.7
169.229.50.7,4.71.210.237,70.7
169.229.50.7,4.71.210.237,70.6
169.229.50.7,4.71.210.237,70.5
169.229.50.7,4.71.210.237,70.5
169.229.50.7,4.71.210.237,70.7
169.229.50.7,4.71.210.237,70.6
169.229.50.7,4.71.210.237,70.5
169.229.50.7,4.71.210.237,70.7
169.229.50.7,4.71.210.237,70.6
169.229.50.7,4.71.210.237,70.8
169.229.50.7,4.71.210.237,70.7
169.229.50.7,4.71.210.237,70.7
169.229.50.7,4.71.210.237,70.8
169.229.50.7,4.71.210.237,70.6
169.229.50.7,4.71.210.237,70.7
169.229.50.7,4.71.210.237,70.6
169.229.50.7,4.71.210.237,70.5
169.229.50.7,4.71.210.237,70.7
169.229.50.7,4.71.210.237,70.6
169.229.50.7,4.71.210.237,70.7
169.229.50.7,4.71.210.237,70.7
169.229.50.7,4.71.210.237,70.7
169.229.50.7,4.71.210.237,70.7
169.229.50.7,4.71.210.237,70.8
169.229.50.7,4.71.210.237,70.7
169.229.50.7,4.71.210.237,70.7
169.229.50.7,4.71.210.237,70.5
169.229.50.7,4.71.210.237,70.7
