132.239.17.224,4.71.254.147,58.7
132.239.17.224,4.71.254.147,58.6
132.239.17.224,4.71.254.147,58.8
132.239.17.224,4.71.254.147,59.1
132.239.17.224,4.71.254.147,58.6
132.239.17.224,4.71.254.147,58.7
132.239.17.224,4.71.254.147,58.7
132.239.17.224,4.71.254.147,58.6
132.239.17.224,4.71.254.147,58.6
132.239.17.224,4.71.254.147,58.6
132.239.17.224,4.71.254.147,58.6
132.239.17.224,4.71.254.147,58.6
132.239.17.224,4.71.254.147,58.7
132.239.17.224,4.71.254.147,58.7
132.239.17.224,4.71.254.147,58.6
132.239.17.224,4.71.254.147,58.6
132.239.17.224,4.71.254.147,58.6
132.239.17.224,4.71.254.147,58.6
132.239.17.224,4.71.254.147,58.6
132.239.17.224,4.71.254.147,58.6
132.239.17.224,4.71.254.147,58.7
132.239.17.224,4.71.254.147,58.6
132.239.17.224,4.71.254.147,58.6
132.239.17.224,4.71.254.147,58.6
132.239.17.224,4.71.254.147,58.6
132.239.17.224,4.71.254.147,58.6
132.239.17.224,4.71.254.147,58.6
132.239.17.224,4.71.254.147,58.6
132.239.17.224,4.71.254.147,58.6
132.239.17.224,4.71.254.147,58.6
132.239.17.224,4.71.254.147,58.6
132.239.17.224,4.71.254.147,58.6
132.239.17.224,4.71.254.147,58.6
132.239.17.224,4.71.254.147,58.6
132.239.17.224,4.71.254.147,58.7
132.239.17.224,4.71.254.147,58.7
132.239.17.224,4.71.254.147,58.6
132.239.17.224,4.71.254.147,58.6
132.239.17.224,4.71.254.147,58.6
132.239.17.224,4.71.254.147,58.6
132.239.17.224,4.71.254.147,58.7
132.239.17.224,4.71.254.147,58.6
132.239.17.224,4.71.254.147,58.6
132.239.17.224,4.71.254.147,58.7
132.239.17.224,4.71.254.147,58.6
132.239.17.224,4.71.254.147,58.7
132.239.17.224,4.71.254.147,58.6
132.239.17.224,4.71.254.147,58.6
132.239.17.224,4.71.254.147,58.6
132.239.17.224,4.71.254.147,58.7
132.239.17.224,4.71.254.147,58.7
132.239.17.224,4.71.254.147,58.6
132.239.17.224,4.71.254.147,58.6
132.239.17.224,4.71.254.147,58.6
132.239.17.224,4.71.254.147,58.7
132.239.17.224,4.71.254.147,58.6
132.239.17.224,4.71.254.147,58.6
132.239.17.224,4.71.254.147,58.7
132.239.17.224,4.71.254.147,58.6
132.239.17.224,4.71.254.147,58.6
132.239.17.224,4.71.254.147,58.6
132.239.17.224,4.71.254.147,58.7
132.239.17.224,4.71.254.147,58.7
132.239.17.224,4.71.254.147,58.8
132.239.17.224,4.71.254.147,58.6
132.239.17.224,4.71.254.147,58.6
132.239.17.224,4.71.254.147,58.6
132.239.17.224,4.71.254.147,58.6
132.239.17.224,4.71.254.147,58.6
132.239.17.224,4.71.254.147,58.6
132.239.17.224,4.71.254.147,58.6
132.239.17.224,4.71.254.147,58.6
132.239.17.224,4.71.254.147,58.6
132.239.17.224,4.71.254.147,58.6
132.239.17.224,4.71.254.147,58.6
132.239.17.224,4.71.254.147,58.6
132.239.17.224,4.71.254.147,58.6
132.239.17.224,4.71.254.147,58.6
132.239.17.224,4.71.254.147,58.7
132.239.17.224,4.71.254.147,58.7
132.239.17.224,4.71.254.147,58.7
132.239.17.224,4.71.254.147,58.7
132.239.17.224,4.71.254.147,58.6
132.239.17.224,4.71.254.147,58.6
132.239.17.224,4.71.254.147,58.6
132.239.17.224,4.71.254.147,58.6
132.239.17.224,4.71.254.147,58.6
132.239.17.224,4.71.254.147,58.6
132.239.17.224,4.71.254.147,58.6
132.239.17.224,4.71.254.147,58.6
132.239.17.224,4.71.254.147,58.6
132.239.17.224,4.71.254.147,58.6
132.239.17.224,4.71.254.147,58.6
132.239.17.224,4.71.254.147,58.6
132.239.17.224,4.71.254.147,58.6
132.239.17.224,4.71.254.147,58.6
132.239.17.224,4.71.254.147,58.6
132.239.17.224,4.71.254.147,58.6
132.239.17.224,4.71.254.147,58.6
132.239.17.224,4.71.254.147,58.6
132.239.17.224,4.71.254.147,58.7
132.239.17.224,4.71.254.147,58.6
132.239.17.224,4.71.254.147,58.6
132.239.17.224,4.71.254.147,58.7
132.239.17.224,4.71.254.147,58.6
132.239.17.224,4.71.254.147,58.6
132.239.17.224,4.71.254.147,58.6
132.239.17.224,4.71.254.147,58.6
132.239.17.224,4.71.254.147,58.6
132.239.17.224,4.71.254.147,58.6
132.239.17.224,4.71.254.147,58.6
132.239.17.224,4.71.254.147,58.7
132.239.17.224,4.71.254.147,58.6
132.239.17.224,4.71.254.147,58.7
132.239.17.224,4.71.254.147,58.6
132.239.17.224,4.71.254.147,58.6
132.239.17.224,4.71.254.147,58.6
132.239.17.224,4.71.254.147,58.6
132.239.17.224,4.71.254.147,58.6
132.239.17.224,4.71.254.147,58.7
132.239.17.224,4.71.254.147,58.6
132.239.17.224,4.71.254.147,58.6
132.239.17.224,4.71.254.147,58.6
132.239.17.224,4.71.254.147,58.7
132.239.17.224,4.71.254.147,58.6
132.239.17.224,4.71.254.147,58.8
132.239.17.224,4.71.254.147,58.6
132.239.17.224,4.71.254.147,58.6
132.239.17.224,4.71.254.147,58.6
132.239.17.224,4.71.254.147,58.6
132.239.17.224,4.71.254.147,58.6
132.239.17.224,4.71.254.147,58.6
132.239.17.224,4.71.254.147,58.6
132.239.17.224,4.71.254.147,58.7
132.239.17.224,4.71.254.147,58.6
132.239.17.224,4.71.254.147,58.6
132.239.17.224,4.71.254.147,58.6
132.239.17.224,4.71.254.147,58.7
132.239.17.224,4.71.254.147,58.6
132.239.17.224,4.71.254.147,58.6
132.239.17.224,4.71.254.147,58.6
132.239.17.224,4.71.254.147,58.6
132.239.17.224,4.71.254.147,58.6
132.239.17.224,4.71.254.147,58.6
132.239.17.224,4.71.254.147,58.6
132.239.17.224,4.71.254.147,58.7
132.239.17.224,4.71.254.147,58.6
132.239.17.224,4.71.254.147,58.6
132.239.17.224,4.71.254.147,58.6
132.239.17.224,4.71.254.147,58.6
132.239.17.224,4.71.254.147,58.6
132.239.17.224,4.71.254.147,58.7
132.239.17.224,4.71.254.147,58.7
132.239.17.224,4.71.254.147,58.6
132.239.17.224,4.71.254.147,58.6
132.239.17.224,4.71.254.147,58.6
132.239.17.224,4.71.254.147,58.7
132.239.17.224,4.71.254.147,58.6
132.239.17.224,4.71.254.147,58.6
132.239.17.224,4.71.254.147,58.6
132.239.17.224,4.71.254.147,58.7
132.239.17.224,4.71.254.147,58.6
132.239.17.224,4.71.254.147,58.7
132.239.17.224,4.71.254.147,58.6
132.239.17.224,4.71.254.147,58.6
132.239.17.224,4.71.254.147,58.7
132.239.17.224,4.71.254.147,58.6
132.239.17.224,4.71.254.147,58.6
132.239.17.224,4.71.254.147,58.6
132.239.17.224,4.71.254.147,58.6
132.239.17.224,4.71.254.147,58.6
132.239.17.224,4.71.254.147,58.7
132.239.17.224,4.71.254.147,58.6
132.239.17.224,4.71.254.147,58.6
132.239.17.224,4.71.254.147,58.7
132.239.17.224,4.71.254.147,58.6
132.239.17.224,4.71.254.147,58.7
132.239.17.224,4.71.254.147,58.6
132.239.17.224,4.71.254.147,58.6
132.239.17.224,4.71.254.147,58.6
132.239.17.224,4.71.254.147,58.6
132.239.17.224,4.71.254.147,58.6
132.239.17.224,4.71.254.147,58.6
132.239.17.224,4.71.254.147,58.6
132.239.17.224,4.71.254.147,58.6
132.239.17.224,4.71.254.147,58.7
132.239.17.224,4.71.254.147,58.6
132.239.17.224,4.71.254.147,58.6
132.239.17.224,4.71.254.147,58.6
132.239.17.224,4.71.254.147,58.6
132.239.17.224,4.71.254.147,58.6
132.239.17.224,4.71.254.147,58.6
132.239.17.224,4.71.254.147,58.6
132.239.17.224,4.71.254.147,58.6
132.239.17.224,4.71.254.147,58.7
132.239.17.224,4.71.254.147,58.7
132.239.17.224,4.71.254.147,58.6
132.239.17.224,4.71.254.147,58.7
132.239.17.224,4.71.254.147,58.6
132.239.17.224,4.71.254.147,58.6
132.239.17.224,4.71.254.147,58.6
132.239.17.224,4.71.254.147,58.6
132.239.17.224,4.71.254.147,58.7
132.239.17.224,4.71.254.147,58.6
132.239.17.224,4.71.254.147,58.6
132.239.17.224,4.71.254.147,58.6
132.239.17.224,4.71.254.147,58.7
132.239.17.224,4.71.254.147,58.6
132.239.17.224,4.71.254.147,58.6
132.239.17.224,4.71.254.147,58.7
132.239.17.224,4.71.254.147,58.7
132.239.17.224,4.71.254.147,58.7
132.239.17.224,4.71.254.147,58.7
132.239.17.224,4.71.254.147,58.6
132.239.17.224,4.71.254.147,58.7
132.239.17.224,4.71.254.147,58.6
132.239.17.224,4.71.254.147,58.6
132.239.17.224,4.71.254.147,58.6
132.239.17.224,4.71.254.147,58.6
132.239.17.224,4.71.254.147,58.6
132.239.17.224,4.71.254.147,58.6
132.239.17.224,4.71.254.147,58.6
132.239.17.224,4.71.254.147,58.7
132.239.17.224,4.71.254.147,58.6
132.239.17.224,4.71.254.147,58.6
132.239.17.224,4.71.254.147,58.6
132.239.17.224,4.71.254.147,58.6
132.239.17.224,4.71.254.147,58.7
132.239.17.224,4.71.254.147,58.6
132.239.17.224,4.71.254.147,58.7
132.239.17.224,4.71.254.147,58.7
132.239.17.224,4.71.254.147,58.7
132.239.17.224,4.71.254.147,58.6
132.239.17.224,4.71.254.147,58.6
132.239.17.224,4.71.254.147,58.6
132.239.17.224,4.71.254.147,58.7
132.239.17.224,4.71.254.147,58.6
132.239.17.224,4.71.254.147,58.6
132.239.17.224,4.71.254.147,58.6
132.239.17.224,4.71.254.147,58.6
132.239.17.224,4.71.254.147,58.6
132.239.17.224,4.71.254.147,58.6
132.239.17.224,4.71.254.147,58.6
132.239.17.224,4.71.254.147,58.6
132.239.17.224,4.71.254.147,58.7
132.239.17.224,4.71.254.147,58.6
132.239.17.224,4.71.254.147,58.7
132.239.17.224,4.71.254.147,58.6
132.239.17.224,4.71.254.147,58.6
132.239.17.224,4.71.254.147,58.6
132.239.17.224,4.71.254.147,58.6
132.239.17.224,4.71.254.147,58.6
132.239.17.224,4.71.254.147,58.6
132.239.17.224,4.71.254.147,58.6
132.239.17.224,4.71.254.147,58.6
132.239.17.224,4.71.254.147,58.6
132.239.17.224,4.71.254.147,58.6
132.239.17.224,4.71.254.147,58.6
132.239.17.224,4.71.254.147,58.6
132.239.17.224,4.71.254.147,58.6
132.239.17.224,4.71.254.147,58.6
132.239.17.224,4.71.254.147,58.6
132.239.17.224,4.71.254.147,58.6
132.239.17.224,4.71.254.147,58.6
132.239.17.224,4.71.254.147,58.7
132.239.17.224,4.71.254.147,58.6
132.239.17.224,4.71.254.147,58.6
132.239.17.224,4.71.254.147,58.6
132.239.17.224,4.71.254.147,58.6
132.239.17.224,4.71.254.147,58.6
132.239.17.224,4.71.254.147,58.6
132.239.17.224,4.71.254.147,58.6
132.239.17.224,4.71.254.147,58.7
132.239.17.224,4.71.254.147,58.6
132.239.17.224,4.71.254.147,58.6
132.239.17.224,4.71.254.147,58.7
132.239.17.224,4.71.254.147,58.7
132.239.17.224,4.71.254.147,58.6
132.239.17.224,4.71.254.147,58.6
132.239.17.224,4.71.254.147,58.6
132.239.17.224,4.71.254.147,58.6
132.239.17.224,4.71.254.147,58.6
132.239.17.224,4.71.254.147,58.6
132.239.17.224,4.71.254.147,58.7
132.239.17.224,4.71.254.147,58.7
132.239.17.224,4.71.254.147,58.6
132.239.17.224,4.71.254.147,58.6
132.239.17.224,4.71.254.147,58.7
132.239.17.224,4.71.254.147,58.6
132.239.17.224,4.71.254.147,58.6
132.239.17.224,4.71.254.147,58.6
132.239.17.224,4.71.254.147,58.7
132.239.17.224,4.71.254.147,58.6
132.239.17.224,4.71.254.147,58.6
132.239.17.224,4.71.254.147,58.6
132.239.17.224,4.71.254.147,58.7
132.239.17.224,4.71.254.147,58.6
132.239.17.224,4.71.254.147,58.6
132.239.17.224,4.71.254.147,58.6
132.239.17.224,4.71.254.147,58.6
132.239.17.224,4.71.254.147,58.6
132.239.17.224,4.71.254.147,58.6
132.239.17.224,4.71.254.147,58.6
132.239.17.224,4.71.254.147,58.7
132.239.17.224,4.71.254.147,58.6
132.239.17.224,4.71.254.147,58.6
132.239.17.224,4.71.254.147,58.6
132.239.17.224,4.71.254.147,58.6
132.239.17.224,4.71.254.147,58.7
132.239.17.224,4.71.254.147,58.6
132.239.17.224,4.71.254.147,58.6
132.239.17.224,4.71.254.147,58.6
132.239.17.224,4.71.254.147,58.6
132.239.17.224,4.71.254.147,58.6
132.239.17.224,4.71.254.147,58.6
132.239.17.224,4.71.254.147,58.6
132.239.17.224,4.71.254.147,58.6
132.239.17.224,4.71.254.147,58.6
132.239.17.224,4.71.254.147,58.6
132.239.17.224,4.71.254.147,58.6
132.239.17.224,4.71.254.147,58.6
132.239.17.224,4.71.254.147,58.6
132.239.17.224,4.71.254.147,58.7
132.239.17.224,4.71.254.147,58.7
132.239.17.224,4.71.254.147,58.6
132.239.17.224,4.71.254.147,58.6
132.239.17.224,4.71.254.147,58.7
132.239.17.224,4.71.254.147,58.6
132.239.17.224,4.71.254.147,58.6
132.239.17.224,4.71.254.147,58.6
132.239.17.224,4.71.254.147,58.6
132.239.17.224,4.71.254.147,58.7
132.239.17.224,4.71.254.147,58.7
132.239.17.224,4.71.254.147,58.6
132.239.17.224,4.71.254.147,58.6
132.239.17.224,4.71.254.147,58.6
132.239.17.224,4.71.254.147,58.6
132.239.17.224,4.71.254.147,58.6
132.239.17.224,4.71.254.147,58.6
132.239.17.224,4.71.254.147,58.6
132.239.17.224,4.71.254.147,58.6
132.239.17.224,4.71.254.147,58.7
132.239.17.224,4.71.254.147,58.6
132.239.17.224,4.71.254.147,58.6
132.239.17.224,4.71.254.147,58.7
132.239.17.224,4.71.254.147,58.6
132.239.17.224,4.71.254.147,58.6
132.239.17.224,4.71.254.147,58.6
132.239.17.224,4.71.254.147,58.6
132.239.17.224,4.71.254.147,58.6
132.239.17.224,4.71.254.147,58.6
132.239.17.224,4.71.254.147,58.6
132.239.17.224,4.71.254.147,58.6
132.239.17.224,4.71.254.147,58.6
132.239.17.224,4.71.254.147,58.6
132.239.17.224,4.71.254.147,58.6
132.239.17.224,4.71.254.147,58.6
132.239.17.224,4.71.254.147,58.6
132.239.17.224,4.71.254.147,58.6
132.239.17.224,4.71.254.147,58.6
132.239.17.224,4.71.254.147,58.6
132.239.17.224,4.71.254.147,58.6
132.239.17.224,4.71.254.147,58.7
132.239.17.224,4.71.254.147,58.7
132.239.17.224,4.71.254.147,58.7
132.239.17.224,4.71.254.147,58.7
132.239.17.224,4.71.254.147,58.7
132.239.17.224,4.71.254.147,58.6
132.239.17.224,4.71.254.147,58.6
132.239.17.224,4.71.254.147,58.6
132.239.17.224,4.71.254.147,58.7
132.239.17.224,4.71.254.147,58.7
132.239.17.224,4.71.254.147,58.6
132.239.17.224,4.71.254.147,58.6
132.239.17.224,4.71.254.147,58.6
132.239.17.224,4.71.254.147,58.6
132.239.17.224,4.71.254.147,58.6
132.239.17.224,4.71.254.147,58.6
132.239.17.224,4.71.254.147,58.6
132.239.17.224,4.71.254.147,58.6
132.239.17.224,4.71.254.147,58.7
132.239.17.224,4.71.254.147,58.6
132.239.17.224,4.71.254.147,58.6
132.239.17.224,4.71.254.147,58.6
132.239.17.224,4.71.254.147,58.6
132.239.17.224,4.71.254.147,58.7
132.239.17.224,4.71.254.147,58.6
132.239.17.224,4.71.254.147,58.6
132.239.17.224,4.71.254.147,58.6
132.239.17.224,4.71.254.147,58.6
132.239.17.224,4.71.254.147,58.6
132.239.17.224,4.71.254.147,58.6
132.239.17.224,4.71.254.147,58.6
132.239.17.224,4.71.254.147,58.6
132.239.17.224,4.71.254.147,58.6
132.239.17.224,4.71.254.147,58.6
132.239.17.224,4.71.254.147,58.7
132.239.17.224,4.71.254.147,58.6
132.239.17.224,4.71.254.147,58.6
132.239.17.224,4.71.254.147,58.6
132.239.17.224,4.71.254.147,58.6
132.239.17.224,4.71.254.147,58.8
132.239.17.224,4.71.254.147,58.6
132.239.17.224,4.71.254.147,58.6
132.239.17.224,4.71.254.147,58.7
132.239.17.224,4.71.254.147,58.6
132.239.17.224,4.71.254.147,58.6
132.239.17.224,4.71.254.147,58.6
132.239.17.224,4.71.254.147,58.6
132.239.17.224,4.71.254.147,58.6
132.239.17.224,4.71.254.147,58.6
132.239.17.224,4.71.254.147,58.6
132.239.17.224,4.71.254.147,58.6
132.239.17.224,4.71.254.147,58.5
132.239.17.224,4.71.254.147,58.6
132.239.17.224,4.71.254.147,58.6
132.239.17.224,4.71.254.147,58.6
132.239.17.224,4.71.254.147,58.7
132.239.17.224,4.71.254.147,58.7
132.239.17.224,4.71.254.147,58.6
132.239.17.224,4.71.254.147,58.6
132.239.17.224,4.71.254.147,58.7
132.239.17.224,4.71.254.147,58.6
132.239.17.224,4.71.254.147,58.6
132.239.17.224,4.71.254.147,58.6
132.239.17.224,4.71.254.147,58.7
132.239.17.224,4.71.254.147,58.6
132.239.17.224,4.71.254.147,58.6
132.239.17.224,4.71.254.147,58.7
132.239.17.224,4.71.254.147,58.6
132.239.17.224,4.71.254.147,58.6
132.239.17.224,4.71.254.147,58.6
132.239.17.224,4.71.254.147,58.6
132.239.17.224,4.71.254.147,58.6
132.239.17.224,4.71.254.147,58.6
132.239.17.224,4.71.254.147,58.6
132.239.17.224,4.71.254.147,58.6
132.239.17.224,4.71.254.147,58.6
132.239.17.224,4.71.254.147,58.6
132.239.17.224,4.71.254.147,58.7
132.239.17.224,4.71.254.147,58.6
132.239.17.224,4.71.254.147,58.6
132.239.17.224,4.71.254.147,58.6
132.239.17.224,4.71.254.147,58.7
132.239.17.224,4.71.254.147,58.6
132.239.17.224,4.71.254.147,58.6
132.239.17.224,4.71.254.147,58.6
132.239.17.224,4.71.254.147,58.6
132.239.17.224,4.71.254.147,58.6
132.239.17.224,4.71.254.147,58.7
132.239.17.224,4.71.254.147,58.6
132.239.17.224,4.71.254.147,58.7
132.239.17.224,4.71.254.147,58.6
132.239.17.224,4.71.254.147,58.6
132.239.17.224,4.71.254.147,58.6
132.239.17.224,4.71.254.147,58.7
132.239.17.224,4.71.254.147,59.0
132.239.17.224,4.71.254.147,58.6
132.239.17.224,4.71.254.147,58.6
132.239.17.224,4.71.254.147,58.7
132.239.17.224,4.71.254.147,58.7
132.239.17.224,4.71.254.147,58.6
132.239.17.224,4.71.254.147,58.6
132.239.17.224,4.71.254.147,58.6
132.239.17.224,4.71.254.147,58.6
132.239.17.224,4.71.254.147,58.6
132.239.17.224,4.71.254.147,58.6
132.239.17.224,4.71.254.147,58.6
132.239.17.224,4.71.254.147,58.6
132.239.17.224,4.71.254.147,58.6
132.239.17.224,4.71.254.147,58.6
132.239.17.224,4.71.254.147,58.6
132.239.17.224,4.71.254.147,58.6
132.239.17.224,4.71.254.147,58.6
132.239.17.224,4.71.254.147,58.6
132.239.17.224,4.71.254.147,58.6
132.239.17.224,4.71.254.147,58.6
132.239.17.224,4.71.254.147,58.6
132.239.17.224,4.71.254.147,58.6
132.239.17.224,4.71.254.147,58.6
132.239.17.224,4.71.254.147,58.6
132.239.17.224,4.71.254.147,58.6
132.239.17.224,4.71.254.147,58.6
132.239.17.224,4.71.254.147,58.6
132.239.17.224,4.71.254.147,58.6
132.239.17.224,4.71.254.147,58.6
132.239.17.224,4.71.254.147,58.6
132.239.17.224,4.71.254.147,58.7
132.239.17.224,4.71.254.147,58.6
132.239.17.224,4.71.254.147,58.6
132.239.17.224,4.71.254.147,58.6
132.239.17.224,4.71.254.147,58.6
132.239.17.224,4.71.254.147,58.6
132.239.17.224,4.71.254.147,58.6
132.239.17.224,4.71.254.147,58.6
132.239.17.224,4.71.254.147,58.7
132.239.17.224,4.71.254.147,58.6
132.239.17.224,4.71.254.147,58.7
132.239.17.224,4.71.254.147,58.7
132.239.17.224,4.71.254.147,58.7
132.239.17.224,4.71.254.147,58.6
132.239.17.224,4.71.254.147,58.6
132.239.17.224,4.71.254.147,58.6
132.239.17.224,4.71.254.147,58.6
132.239.17.224,4.71.254.147,58.6
132.239.17.224,4.71.254.147,58.7
132.239.17.224,4.71.254.147,58.6
132.239.17.224,4.71.254.147,58.6
132.239.17.224,4.71.254.147,58.6
132.239.17.224,4.71.254.147,58.6
132.239.17.224,4.71.254.147,58.6
132.239.17.224,4.71.254.147,58.6
132.239.17.224,4.71.254.147,58.6
132.239.17.224,4.71.254.147,58.6
132.239.17.224,4.71.254.147,58.6
132.239.17.224,4.71.254.147,58.7
132.239.17.224,4.71.254.147,58.6
132.239.17.224,4.71.254.147,58.6
132.239.17.224,4.71.254.147,58.6
132.239.17.224,4.71.254.147,58.6
132.239.17.224,4.71.254.147,58.6
132.239.17.224,4.71.254.147,58.6
132.239.17.224,4.71.254.147,58.6
132.239.17.224,4.71.254.147,58.6
132.239.17.224,4.71.254.147,58.6
132.239.17.224,4.71.254.147,58.6
132.239.17.224,4.71.254.147,58.6
132.239.17.224,4.71.254.147,58.8
132.239.17.224,4.71.254.147,58.6
132.239.17.224,4.71.254.147,58.7
132.239.17.224,4.71.254.147,58.6
132.239.17.224,4.71.254.147,58.6
132.239.17.224,4.71.254.147,58.6
132.239.17.224,4.71.254.147,58.6
132.239.17.224,4.71.254.147,58.6
132.239.17.224,4.71.254.147,58.6
132.239.17.224,4.71.254.147,58.6
132.239.17.224,4.71.254.147,58.7
132.239.17.224,4.71.254.147,58.7
132.239.17.224,4.71.254.147,58.6
132.239.17.224,4.71.254.147,58.6
132.239.17.224,4.71.254.147,58.6
132.239.17.224,4.71.254.147,58.6
132.239.17.224,4.71.254.147,58.6
132.239.17.224,4.71.254.147,58.6
132.239.17.224,4.71.254.147,58.6
132.239.17.224,4.71.254.147,58.6
132.239.17.224,4.71.254.147,58.6
132.239.17.224,4.71.254.147,58.6
132.239.17.224,4.71.254.147,58.6
132.239.17.224,4.71.254.147,58.6
132.239.17.224,4.71.254.147,58.6
132.239.17.224,4.71.254.147,58.6
132.239.17.224,4.71.254.147,58.6
132.239.17.224,4.71.254.147,58.6
132.239.17.224,4.71.254.147,58.6
132.239.17.224,4.71.254.147,58.6
132.239.17.224,4.71.254.147,58.6
132.239.17.224,4.71.254.147,58.6
132.239.17.224,4.71.254.147,58.6
132.239.17.224,4.71.254.147,58.6
132.239.17.224,4.71.254.147,58.6
132.239.17.224,4.71.254.147,58.7
132.239.17.224,4.71.254.147,58.7
132.239.17.224,4.71.254.147,58.7
132.239.17.224,4.71.254.147,58.6
132.239.17.224,4.71.254.147,58.6
132.239.17.224,4.71.254.147,58.6
132.239.17.224,4.71.254.147,58.7
132.239.17.224,4.71.254.147,58.6
132.239.17.224,4.71.254.147,58.6
132.239.17.224,4.71.254.147,58.6
132.239.17.224,4.71.254.147,58.6
132.239.17.224,4.71.254.147,58.6
132.239.17.224,4.71.254.147,58.6
132.239.17.224,4.71.254.147,58.6
132.239.17.224,4.71.254.147,58.7
132.239.17.224,4.71.254.147,58.6
132.239.17.224,4.71.254.147,58.6
132.239.17.224,4.71.254.147,58.6
132.239.17.224,4.71.254.147,58.6
132.239.17.224,4.71.254.147,58.6
132.239.17.224,4.71.254.147,58.6
132.239.17.224,4.71.254.147,58.6
132.239.17.224,4.71.254.147,58.6
132.239.17.224,4.71.254.147,58.6
132.239.17.224,4.71.254.147,58.6
132.239.17.224,4.71.254.147,58.6
132.239.17.224,4.71.254.147,58.6
132.239.17.224,4.71.254.147,58.6
132.239.17.224,4.71.254.147,58.6
132.239.17.224,4.71.254.147,58.6
132.239.17.224,4.71.254.147,58.6
132.239.17.224,4.71.254.147,58.6
132.239.17.224,4.71.254.147,58.6
132.239.17.224,4.71.254.147,58.6
132.239.17.224,4.71.254.147,58.6
132.239.17.224,4.71.254.147,58.6
132.239.17.224,4.71.254.147,58.6
132.239.17.224,4.71.254.147,58.6
132.239.17.224,4.71.254.147,58.6
132.239.17.224,4.71.254.147,58.6
132.239.17.224,4.71.254.147,58.6
132.239.17.224,4.71.254.147,58.6
132.239.17.224,4.71.254.147,58.6
132.239.17.224,4.71.254.147,58.6
132.239.17.224,4.71.254.147,58.6
132.239.17.224,4.71.254.147,58.6
132.239.17.224,4.71.254.147,58.6
132.239.17.224,4.71.254.147,58.6
132.239.17.224,4.71.254.147,58.6
132.239.17.224,4.71.254.147,58.6
132.239.17.224,4.71.254.147,58.7
132.239.17.224,4.71.254.147,58.6
132.239.17.224,4.71.254.147,58.6
132.239.17.224,4.71.254.147,58.6
132.239.17.224,4.71.254.147,58.6
132.239.17.224,4.71.254.147,58.6
132.239.17.224,4.71.254.147,58.6
132.239.17.224,4.71.254.147,58.6
132.239.17.224,4.71.254.147,58.7
132.239.17.224,4.71.254.147,58.6
132.239.17.224,4.71.254.147,58.6
132.239.17.224,4.71.254.147,58.6
132.239.17.224,4.71.254.147,58.6
132.239.17.224,4.71.254.147,58.6
132.239.17.224,4.71.254.147,58.6
132.239.17.224,4.71.254.147,58.6
132.239.17.224,4.71.254.147,58.6
132.239.17.224,4.71.254.147,58.6
132.239.17.224,4.71.254.147,58.6
132.239.17.224,4.71.254.147,58.6
132.239.17.224,4.71.254.147,58.6
132.239.17.224,4.71.254.147,58.6
132.239.17.224,4.71.254.147,58.6
132.239.17.224,4.71.254.147,58.6
132.239.17.224,4.71.254.147,58.6
132.239.17.224,4.71.254.147,58.6
132.239.17.224,4.71.254.147,58.6
132.239.17.224,4.71.254.147,58.6
132.239.17.224,4.71.254.147,58.6
132.239.17.224,4.71.254.147,58.6
132.239.17.224,4.71.254.147,58.6
132.239.17.224,4.71.254.147,58.6
132.239.17.224,4.71.254.147,58.6
132.239.17.224,4.71.254.147,58.6
132.239.17.224,4.71.254.147,58.6
132.239.17.224,4.71.254.147,58.6
132.239.17.224,4.71.254.147,58.6
132.239.17.224,4.71.254.147,58.6
132.239.17.224,4.71.254.147,58.7
132.239.17.224,4.71.254.147,58.6
132.239.17.224,4.71.254.147,58.7
132.239.17.224,4.71.254.147,58.6
132.239.17.224,4.71.254.147,58.6
132.239.17.224,4.71.254.147,58.6
132.239.17.224,4.71.254.147,58.6
132.239.17.224,4.71.254.147,58.6
132.239.17.224,4.71.254.147,58.6
132.239.17.224,4.71.254.147,58.6
132.239.17.224,4.71.254.147,58.7
132.239.17.224,4.71.254.147,58.6
132.239.17.224,4.71.254.147,58.6
132.239.17.224,4.71.254.147,58.6
132.239.17.224,4.71.254.147,58.6
132.239.17.224,4.71.254.147,58.6
132.239.17.224,4.71.254.147,58.7
132.239.17.224,4.71.254.147,58.6
132.239.17.224,4.71.254.147,58.6
132.239.17.224,4.71.254.147,58.7
132.239.17.224,4.71.254.147,58.7
132.239.17.224,4.71.254.147,58.6
132.239.17.224,4.71.254.147,58.6
132.239.17.224,4.71.254.147,58.7
132.239.17.224,4.71.254.147,58.6
132.239.17.224,4.71.254.147,58.6
132.239.17.224,4.71.254.147,58.6
132.239.17.224,4.71.254.147,58.6
132.239.17.224,4.71.254.147,58.6
132.239.17.224,4.71.254.147,58.6
132.239.17.224,4.71.254.147,58.6
132.239.17.224,4.71.254.147,58.6
132.239.17.224,4.71.254.147,58.6
132.239.17.224,4.71.254.147,58.6
132.239.17.224,4.71.254.147,58.6
132.239.17.224,4.71.254.147,58.6
132.239.17.224,4.71.254.147,58.6
132.239.17.224,4.71.254.147,58.6
132.239.17.224,4.71.254.147,58.6
132.239.17.224,4.71.254.147,58.6
132.239.17.224,4.71.254.147,58.7
132.239.17.224,4.71.254.147,58.6
132.239.17.224,4.71.254.147,58.6
132.239.17.224,4.71.254.147,58.6
132.239.17.224,4.71.254.147,58.6
132.239.17.224,4.71.254.147,58.6
132.239.17.224,4.71.254.147,58.7
132.239.17.224,4.71.254.147,58.7
132.239.17.224,4.71.254.147,58.6
132.239.17.224,4.71.254.147,58.6
132.239.17.224,4.71.254.147,58.6
132.239.17.224,4.71.254.147,58.6
132.239.17.224,4.71.254.147,58.7
132.239.17.224,4.71.254.147,58.6
132.239.17.224,4.71.254.147,58.6
132.239.17.224,4.71.254.147,58.6
132.239.17.224,4.71.254.147,58.6
132.239.17.224,4.71.254.147,58.7
132.239.17.224,4.71.254.147,58.6
132.239.17.224,4.71.254.147,58.6
132.239.17.224,4.71.254.147,58.6
132.239.17.224,4.71.254.147,58.6
132.239.17.224,4.71.254.147,58.6
132.239.17.224,4.71.254.147,58.6
132.239.17.224,4.71.254.147,58.6
132.239.17.224,4.71.254.147,58.6
132.239.17.224,4.71.254.147,58.6
132.239.17.224,4.71.254.147,58.7
132.239.17.224,4.71.254.147,58.6
132.239.17.224,4.71.254.147,58.6
132.239.17.224,4.71.254.147,58.6
132.239.17.224,4.71.254.147,58.6
132.239.17.224,4.71.254.147,58.6
132.239.17.224,4.71.254.147,58.7
132.239.17.224,4.71.254.147,58.6
132.239.17.224,4.71.254.147,58.6
132.239.17.224,4.71.254.147,58.6
132.239.17.224,4.71.254.147,58.6
132.239.17.224,4.71.254.147,58.7
132.239.17.224,4.71.254.147,58.7
132.239.17.224,4.71.254.147,58.7
132.239.17.224,4.71.254.147,58.6
132.239.17.224,4.71.254.147,58.6
132.239.17.224,4.71.254.147,58.6
132.239.17.224,4.71.254.147,58.6
132.239.17.224,4.71.254.147,58.6
132.239.17.224,4.71.254.147,58.6
132.239.17.224,4.71.254.147,58.7
132.239.17.224,4.71.254.147,58.6
132.239.17.224,4.71.254.147,58.7
132.239.17.224,4.71.254.147,58.6
132.239.17.224,4.71.254.147,58.6
132.239.17.224,4.71.254.147,58.6
132.239.17.224,4.71.254.147,58.6
132.239.17.224,4.71.254.147,58.7
132.239.17.224,4.71.254.147,58.6
132.239.17.224,4.71.254.147,58.7
132.239.17.224,4.71.254.147,58.6
132.239.17.224,4.71.254.147,58.6
132.239.17.224,4.71.254.147,58.6
132.239.17.224,4.71.254.147,58.6
132.239.17.224,4.71.254.147,58.6
132.239.17.224,4.71.254.147,58.7
132.239.17.224,4.71.254.147,58.6
132.239.17.224,4.71.254.147,58.7
132.239.17.224,4.71.254.147,58.6
132.239.17.224,4.71.254.147,58.6
132.239.17.224,4.71.254.147,58.6
132.239.17.224,4.71.254.147,58.6
132.239.17.224,4.71.254.147,58.6
132.239.17.224,4.71.254.147,58.6
132.239.17.224,4.71.254.147,58.6
132.239.17.224,4.71.254.147,58.6
132.239.17.224,4.71.254.147,58.6
132.239.17.224,4.71.254.147,58.6
132.239.17.224,4.71.254.147,58.6
132.239.17.224,4.71.254.147,58.6
132.239.17.224,4.71.254.147,58.6
132.239.17.224,4.71.254.147,58.6
132.239.17.224,4.71.254.147,58.6
132.239.17.224,4.71.254.147,58.7
132.239.17.224,4.71.254.147,58.6
132.239.17.224,4.71.254.147,58.6
132.239.17.224,4.71.254.147,58.6
132.239.17.224,4.71.254.147,58.7
132.239.17.224,4.71.254.147,58.6
132.239.17.224,4.71.254.147,58.6
132.239.17.224,4.71.254.147,58.7
132.239.17.224,4.71.254.147,58.7
132.239.17.224,4.71.254.147,58.6
132.239.17.224,4.71.254.147,58.6
132.239.17.224,4.71.254.147,58.7
132.239.17.224,4.71.254.147,58.7
132.239.17.224,4.71.254.147,58.6
132.239.17.224,4.71.254.147,58.6
132.239.17.224,4.71.254.147,58.6
132.239.17.224,4.71.254.147,58.7
132.239.17.224,4.71.254.147,58.6
132.239.17.224,4.71.254.147,58.6
132.239.17.224,4.71.254.147,58.7
132.239.17.224,4.71.254.147,58.6
132.239.17.224,4.71.254.147,58.6
132.239.17.224,4.71.254.147,58.6
132.239.17.224,4.71.254.147,58.6
132.239.17.224,4.71.254.147,58.6
132.239.17.224,4.71.254.147,58.6
132.239.17.224,4.71.254.147,58.7
132.239.17.224,4.71.254.147,58.6
132.239.17.224,4.71.254.147,58.6
132.239.17.224,4.71.254.147,58.7
132.239.17.224,4.71.254.147,58.6
132.239.17.224,4.71.254.147,58.6
132.239.17.224,4.71.254.147,58.6
132.239.17.224,4.71.254.147,58.6
132.239.17.224,4.71.254.147,58.6
132.239.17.224,4.71.254.147,58.6
132.239.17.224,4.71.254.147,58.6
132.239.17.224,4.71.254.147,58.6
132.239.17.224,4.71.254.147,58.6
132.239.17.224,4.71.254.147,58.7
132.239.17.224,4.71.254.147,58.6
132.239.17.224,4.71.254.147,58.6
132.239.17.224,4.71.254.147,58.6
132.239.17.224,4.71.254.147,58.6
132.239.17.224,4.71.254.147,58.7
132.239.17.224,4.71.254.147,58.6
132.239.17.224,4.71.254.147,58.6
132.239.17.224,4.71.254.147,58.6
132.239.17.224,4.71.254.147,58.6
132.239.17.224,4.71.254.147,58.6
132.239.17.224,4.71.254.147,58.6
132.239.17.224,4.71.254.147,58.6
132.239.17.224,4.71.254.147,58.6
132.239.17.224,4.71.254.147,58.6
132.239.17.224,4.71.254.147,58.6
132.239.17.224,4.71.254.147,58.6
132.239.17.224,4.71.254.147,58.6
132.239.17.224,4.71.254.147,58.7
132.239.17.224,4.71.254.147,58.7
132.239.17.224,4.71.254.147,58.6
132.239.17.224,4.71.254.147,58.6
132.239.17.224,4.71.254.147,58.6
132.239.17.224,4.71.254.147,58.6
132.239.17.224,4.71.254.147,58.6
132.239.17.224,4.71.254.147,58.7
132.239.17.224,4.71.254.147,58.6
132.239.17.224,4.71.254.147,58.6
132.239.17.224,4.71.254.147,58.6
132.239.17.224,4.71.254.147,58.6
132.239.17.224,4.71.254.147,58.6
132.239.17.224,4.71.254.147,58.7
132.239.17.224,4.71.254.147,58.6
132.239.17.224,4.71.254.147,58.6
132.239.17.224,4.71.254.147,58.6
132.239.17.224,4.71.254.147,58.6
132.239.17.224,4.71.254.147,58.6
132.239.17.224,4.71.254.147,58.7
132.239.17.224,4.71.254.147,58.6
132.239.17.224,4.71.254.147,58.7
132.239.17.224,4.71.254.147,58.6
132.239.17.224,4.71.254.147,58.6
132.239.17.224,4.71.254.147,58.6
132.239.17.224,4.71.254.147,58.6
132.239.17.224,4.71.254.147,58.6
132.239.17.224,4.71.254.147,58.6
132.239.17.224,4.71.254.147,58.6
132.239.17.224,4.71.254.147,58.6
132.239.17.224,4.71.254.147,58.6
132.239.17.224,4.71.254.147,58.8
132.239.17.224,4.71.254.147,58.6
132.239.17.224,4.71.254.147,58.6
132.239.17.224,4.71.254.147,58.6
132.239.17.224,4.71.254.147,59.2
132.239.17.224,4.71.254.147,58.6
132.239.17.224,4.71.254.147,58.8
132.239.17.224,4.71.254.147,58.6
132.239.17.224,4.71.254.147,58.6
132.239.17.224,4.71.254.147,58.6
132.239.17.224,4.71.254.147,58.6
132.239.17.224,4.71.254.147,58.6
132.239.17.224,4.71.254.147,58.6
132.239.17.224,4.71.254.147,58.6
132.239.17.224,4.71.254.147,58.6
132.239.17.224,4.71.254.147,58.6
132.239.17.224,4.71.254.147,58.7
132.239.17.224,4.71.254.147,58.6
132.239.17.224,4.71.254.147,58.6
132.239.17.224,4.71.254.147,58.6
132.239.17.224,4.71.254.147,58.6
132.239.17.224,4.71.254.147,58.7
132.239.17.224,4.71.254.147,58.6
132.239.17.224,4.71.254.147,58.6
132.239.17.224,4.71.254.147,58.6
132.239.17.224,4.71.254.147,58.6
132.239.17.224,4.71.254.147,58.6
132.239.17.224,4.71.254.147,58.6
132.239.17.224,4.71.254.147,58.6
132.239.17.224,4.71.254.147,58.6
132.239.17.224,4.71.254.147,58.6
132.239.17.224,4.71.254.147,58.7
132.239.17.224,4.71.254.147,58.6
132.239.17.224,4.71.254.147,58.6
132.239.17.224,4.71.254.147,58.6
132.239.17.224,4.71.254.147,58.6
132.239.17.224,4.71.254.147,58.6
132.239.17.224,4.71.254.147,58.6
132.239.17.224,4.71.254.147,58.6
132.239.17.224,4.71.254.147,58.7
132.239.17.224,4.71.254.147,58.6
132.239.17.224,4.71.254.147,58.6
132.239.17.224,4.71.254.147,58.6
132.239.17.224,4.71.254.147,58.6
132.239.17.224,4.71.254.147,58.6
132.239.17.224,4.71.254.147,58.7
132.239.17.224,4.71.254.147,58.6
132.239.17.224,4.71.254.147,58.6
132.239.17.224,4.71.254.147,58.6
132.239.17.224,4.71.254.147,58.7
132.239.17.224,4.71.254.147,58.6
132.239.17.224,4.71.254.147,58.7
132.239.17.224,4.71.254.147,58.6
132.239.17.224,4.71.254.147,58.7
132.239.17.224,4.71.254.147,58.6
132.239.17.224,4.71.254.147,58.6
132.239.17.224,4.71.254.147,58.8
132.239.17.224,4.71.254.147,58.6
132.239.17.224,4.71.254.147,58.7
132.239.17.224,4.71.254.147,58.6
132.239.17.224,4.71.254.147,58.7
132.239.17.224,4.71.254.147,58.6
132.239.17.224,4.71.254.147,58.6
132.239.17.224,4.71.254.147,58.6
132.239.17.224,4.71.254.147,58.7
132.239.17.224,4.71.254.147,58.7
132.239.17.224,4.71.254.147,58.6
132.239.17.224,4.71.254.147,58.6
132.239.17.224,4.71.254.147,58.6
132.239.17.224,4.71.254.147,58.6
132.239.17.224,4.71.254.147,58.6
132.239.17.224,4.71.254.147,58.6
132.239.17.224,4.71.254.147,58.6
132.239.17.224,4.71.254.147,58.6
132.239.17.224,4.71.254.147,58.6
132.239.17.224,4.71.254.147,58.6
132.239.17.224,4.71.254.147,58.6
132.239.17.224,4.71.254.147,58.6
132.239.17.224,4.71.254.147,58.6
132.239.17.224,4.71.254.147,58.6
132.239.17.224,4.71.254.147,58.6
132.239.17.224,4.71.254.147,58.7
132.239.17.224,4.71.254.147,58.7
132.239.17.224,4.71.254.147,58.7
132.239.17.224,4.71.254.147,58.7
132.239.17.224,4.71.254.147,58.6
132.239.17.224,4.71.254.147,58.7
132.239.17.224,4.71.254.147,58.6
132.239.17.224,4.71.254.147,58.6
132.239.17.224,4.71.254.147,58.6
132.239.17.224,4.71.254.147,58.6
132.239.17.224,4.71.254.147,58.6
132.239.17.224,4.71.254.147,58.6
132.239.17.224,4.71.254.147,58.6
132.239.17.224,4.71.254.147,58.6
132.239.17.224,4.71.254.147,58.6
132.239.17.224,4.71.254.147,58.6
132.239.17.224,4.71.254.147,58.7
132.239.17.224,4.71.254.147,58.6
132.239.17.224,4.71.254.147,58.7
132.239.17.224,4.71.254.147,58.6
132.239.17.224,4.71.254.147,58.6
132.239.17.224,4.71.254.147,58.6
132.239.17.224,4.71.254.147,58.6
132.239.17.224,4.71.254.147,58.6
132.239.17.224,4.71.254.147,58.6
132.239.17.224,4.71.254.147,58.6
132.239.17.224,4.71.254.147,58.6
132.239.17.224,4.71.254.147,58.6
132.239.17.224,4.71.254.147,58.6
132.239.17.224,4.71.254.147,58.6
132.239.17.224,4.71.254.147,58.6
132.239.17.224,4.71.254.147,58.6
132.239.17.224,4.71.254.147,58.6
132.239.17.224,4.71.254.147,58.7
132.239.17.224,4.71.254.147,58.6
132.239.17.224,4.71.254.147,58.6
132.239.17.224,4.71.254.147,58.6
132.239.17.224,4.71.254.147,58.6
132.239.17.224,4.71.254.147,58.6
132.239.17.224,4.71.254.147,58.6
132.239.17.224,4.71.254.147,58.6
132.239.17.224,4.71.254.147,58.6
132.239.17.224,4.71.254.147,58.6
132.239.17.224,4.71.254.147,58.7
132.239.17.224,4.71.254.147,58.6
132.239.17.224,4.71.254.147,58.6
132.239.17.224,4.71.254.147,58.6
132.239.17.224,4.71.254.147,58.6
132.239.17.224,4.71.254.147,58.6
132.239.17.224,4.71.254.147,58.6
132.239.17.224,4.71.254.147,58.6
132.239.17.224,4.71.254.147,58.6
132.239.17.224,4.71.254.147,58.6
132.239.17.224,4.71.254.147,58.6
132.239.17.224,4.71.254.147,58.7
132.239.17.224,4.71.254.147,58.6
132.239.17.224,64.9.225.154,16.7
132.239.17.224,64.9.225.154,16.7
132.239.17.224,64.9.225.154,16.7
132.239.17.224,64.9.225.154,16.7
132.239.17.224,64.9.225.154,16.7
132.239.17.224,64.9.225.154,16.7
132.239.17.224,64.9.225.154,16.6
132.239.17.224,64.9.225.154,16.6
132.239.17.224,64.9.225.154,16.7
132.239.17.224,64.9.225.154,16.7
132.239.17.224,64.9.225.154,16.7
132.239.17.224,64.9.225.154,16.7
132.239.17.224,64.9.225.154,16.7
132.239.17.224,64.9.225.154,16.7
132.239.17.224,64.9.225.154,16.7
132.239.17.224,64.9.225.154,16.7
132.239.17.224,64.9.225.154,16.7
132.239.17.224,64.9.225.154,16.6
132.239.17.224,64.9.225.154,16.7
132.239.17.224,64.9.225.154,16.7
132.239.17.224,64.9.225.154,16.7
132.239.17.224,64.9.225.154,16.7
132.239.17.224,64.9.225.154,16.8
132.239.17.224,64.9.225.154,16.7
132.239.17.224,64.9.225.154,16.7
132.239.17.224,64.9.225.154,16.7
132.239.17.224,64.9.225.154,16.7
132.239.17.224,64.9.225.154,16.7
132.239.17.224,64.9.225.154,16.7
132.239.17.224,64.9.225.154,16.7
132.239.17.224,64.9.225.154,16.7
132.239.17.224,64.9.225.154,16.8
132.239.17.224,64.9.225.154,16.7
132.239.17.224,64.9.225.154,16.7
132.239.17.224,64.9.225.154,16.7
132.239.17.224,64.9.225.154,16.8
132.239.17.224,64.9.225.154,16.7
132.239.17.224,64.9.225.154,16.7
132.239.17.224,64.9.225.154,16.7
132.239.17.224,64.9.225.154,16.6
132.239.17.224,64.9.225.154,16.7
132.239.17.224,64.9.225.154,16.7
132.239.17.224,64.9.225.154,16.7
132.239.17.224,64.9.225.154,16.7
132.239.17.224,64.9.225.154,16.8
132.239.17.224,64.9.225.154,16.7
132.239.17.224,64.9.225.154,16.7
132.239.17.224,64.9.225.154,16.7
132.239.17.224,64.9.225.154,16.7
132.239.17.224,64.9.225.154,16.7
132.239.17.224,64.9.225.154,16.8
132.239.17.224,64.9.225.154,16.7
132.239.17.224,64.9.225.154,16.7
132.239.17.224,64.9.225.154,16.8
132.239.17.224,64.9.225.154,16.7
132.239.17.224,64.9.225.154,16.7
132.239.17.224,64.9.225.154,16.7
132.239.17.224,64.9.225.154,16.7
132.239.17.224,64.9.225.154,16.7
132.239.17.224,64.9.225.154,17.0
132.239.17.224,64.9.225.154,16.7
132.239.17.224,64.9.225.154,16.7
132.239.17.224,64.9.225.154,16.6
132.239.17.224,64.9.225.154,16.7
132.239.17.224,64.9.225.154,16.8
132.239.17.224,64.9.225.154,16.7
132.239.17.224,64.9.225.154,16.7
132.239.17.224,64.9.225.154,16.7
132.239.17.224,64.9.225.154,16.7
132.239.17.224,64.9.225.154,16.8
132.239.17.224,64.9.225.154,16.7
132.239.17.224,64.9.225.154,16.7
132.239.17.224,64.9.225.154,16.8
132.239.17.224,64.9.225.154,16.7
132.239.17.224,64.9.225.154,16.7
132.239.17.224,64.9.225.154,16.7
132.239.17.224,64.9.225.154,16.6
132.239.17.224,64.9.225.154,16.7
132.239.17.224,64.9.225.154,16.7
132.239.17.224,64.9.225.154,16.7
132.239.17.224,64.9.225.154,16.7
132.239.17.224,64.9.225.154,16.7
132.239.17.224,64.9.225.154,16.7
132.239.17.224,64.9.225.154,16.7
132.239.17.224,64.9.225.154,16.7
132.239.17.224,64.9.225.154,16.7
132.239.17.224,64.9.225.154,16.7
132.239.17.224,64.9.225.154,16.7
132.239.17.224,64.9.225.154,16.8
132.239.17.224,64.9.225.154,16.7
132.239.17.224,64.9.225.154,16.7
132.239.17.224,64.9.225.154,16.7
132.239.17.224,64.9.225.154,16.7
132.239.17.224,64.9.225.154,16.7
132.239.17.224,64.9.225.154,16.7
132.239.17.224,64.9.225.154,16.7
132.239.17.224,64.9.225.154,16.7
132.239.17.224,64.9.225.154,16.7
132.239.17.224,64.9.225.154,16.7
132.239.17.224,64.9.225.154,16.7
132.239.17.224,64.9.225.154,16.7
132.239.17.224,64.9.225.154,16.7
132.239.17.224,64.9.225.154,16.7
132.239.17.224,64.9.225.154,16.7
132.239.17.224,64.9.225.154,16.7
132.239.17.224,64.9.225.154,16.7
132.239.17.224,64.9.225.154,16.7
132.239.17.224,64.9.225.154,16.7
132.239.17.224,64.9.225.154,16.7
132.239.17.224,64.9.225.154,16.7
132.239.17.224,64.9.225.154,16.7
132.239.17.224,64.9.225.154,16.7
132.239.17.224,64.9.225.154,16.7
132.239.17.224,64.9.225.154,16.7
132.239.17.224,64.9.225.154,16.7
132.239.17.224,64.9.225.154,16.7
132.239.17.224,64.9.225.154,16.7
132.239.17.224,64.9.225.154,16.7
132.239.17.224,64.9.225.154,16.7
132.239.17.224,64.9.225.154,16.7
132.239.17.224,64.9.225.154,16.7
132.239.17.224,64.9.225.154,16.7
132.239.17.224,64.9.225.154,16.7
132.239.17.224,64.9.225.154,16.7
132.239.17.224,64.9.225.154,16.6
132.239.17.224,64.9.225.154,16.7
132.239.17.224,64.9.225.154,16.7
132.239.17.224,64.9.225.154,16.7
132.239.17.224,64.9.225.154,16.7
132.239.17.224,64.9.225.154,16.8
132.239.17.224,64.9.225.154,16.7
132.239.17.224,64.9.225.154,16.7
132.239.17.224,64.9.225.154,16.7
132.239.17.224,64.9.225.154,16.7
132.239.17.224,64.9.225.154,16.7
132.239.17.224,64.9.225.154,16.7
132.239.17.224,64.9.225.154,16.7
132.239.17.224,64.9.225.154,16.7
132.239.17.224,64.9.225.154,16.7
132.239.17.224,64.9.225.154,16.7
132.239.17.224,64.9.225.154,16.7
132.239.17.224,64.9.225.154,16.7
132.239.17.224,64.9.225.154,16.7
132.239.17.224,64.9.225.154,16.7
132.239.17.224,64.9.225.154,16.7
132.239.17.224,64.9.225.154,16.8
132.239.17.224,64.9.225.154,16.7
132.239.17.224,64.9.225.154,16.7
132.239.17.224,64.9.225.154,16.7
132.239.17.224,64.9.225.154,16.7
132.239.17.224,64.9.225.154,16.7
132.239.17.224,64.9.225.154,16.8
132.239.17.224,64.9.225.154,16.7
132.239.17.224,64.9.225.154,16.7
132.239.17.224,64.9.225.154,16.6
132.239.17.224,64.9.225.154,16.7
132.239.17.224,64.9.225.154,16.7
132.239.17.224,64.9.225.154,16.7
132.239.17.224,64.9.225.154,16.7
132.239.17.224,64.9.225.154,16.7
132.239.17.224,64.9.225.154,16.7
132.239.17.224,64.9.225.154,16.7
132.239.17.224,64.9.225.154,16.7
132.239.17.224,64.9.225.154,16.7
132.239.17.224,64.9.225.154,16.7
132.239.17.224,64.9.225.154,16.7
132.239.17.224,64.9.225.154,16.7
132.239.17.224,64.9.225.154,16.7
132.239.17.224,64.9.225.154,16.7
132.239.17.224,64.9.225.154,16.8
132.239.17.224,64.9.225.154,16.7
132.239.17.224,64.9.225.154,16.7
132.239.17.224,64.9.225.154,16.7
132.239.17.224,64.9.225.154,16.7
132.239.17.224,64.9.225.154,16.7
132.239.17.224,64.9.225.154,16.7
132.239.17.224,64.9.225.154,16.7
132.239.17.224,64.9.225.154,16.7
132.239.17.224,64.9.225.154,16.8
132.239.17.224,64.9.225.154,16.7
132.239.17.224,64.9.225.154,16.9
132.239.17.224,64.9.225.154,16.7
132.239.17.224,64.9.225.154,16.7
132.239.17.224,64.9.225.154,16.7
132.239.17.224,64.9.225.154,16.7
132.239.17.224,64.9.225.154,16.7
132.239.17.224,64.9.225.154,16.7
132.239.17.224,64.9.225.154,16.7
132.239.17.224,64.9.225.154,16.7
132.239.17.224,64.9.225.154,16.7
132.239.17.224,64.9.225.154,16.7
132.239.17.224,64.9.225.154,16.8
132.239.17.224,64.9.225.154,16.7
132.239.17.224,64.9.225.154,16.7
132.239.17.224,64.9.225.154,16.7
132.239.17.224,64.9.225.154,16.7
132.239.17.224,64.9.225.154,16.8
132.239.17.224,64.9.225.154,16.7
132.239.17.224,64.9.225.154,16.7
132.239.17.224,64.9.225.154,16.7
132.239.17.224,64.9.225.154,16.7
132.239.17.224,64.9.225.154,16.7
132.239.17.224,64.9.225.154,16.6
132.239.17.224,64.9.225.154,16.7
132.239.17.224,64.9.225.154,16.9
132.239.17.224,64.9.225.154,16.6
132.239.17.224,64.9.225.154,16.7
132.239.17.224,64.9.225.154,16.7
132.239.17.224,64.9.225.154,16.7
132.239.17.224,64.9.225.154,16.7
132.239.17.224,64.9.225.154,16.7
132.239.17.224,64.9.225.154,16.8
132.239.17.224,64.9.225.154,16.6
132.239.17.224,64.9.225.154,16.7
132.239.17.224,64.9.225.154,16.7
132.239.17.224,64.9.225.154,16.7
132.239.17.224,64.9.225.154,16.7
132.239.17.224,64.9.225.154,16.7
132.239.17.224,64.9.225.154,16.7
132.239.17.224,64.9.225.154,16.7
132.239.17.224,64.9.225.154,16.7
132.239.17.224,64.9.225.154,16.7
132.239.17.224,64.9.225.154,16.7
132.239.17.224,64.9.225.154,16.8
132.239.17.224,64.9.225.154,16.7
132.239.17.224,64.9.225.154,16.7
132.239.17.224,64.9.225.154,16.8
132.239.17.224,64.9.225.154,16.7
132.239.17.224,64.9.225.154,16.7
132.239.17.224,64.9.225.154,16.7
132.239.17.224,64.9.225.154,16.7
132.239.17.224,64.9.225.154,16.7
132.239.17.224,64.9.225.154,16.7
132.239.17.224,64.9.225.154,16.7
132.239.17.224,64.9.225.154,16.7
132.239.17.224,64.9.225.154,16.7
132.239.17.224,64.9.225.154,16.7
132.239.17.224,64.9.225.154,16.7
132.239.17.224,64.9.225.154,16.7
132.239.17.224,64.9.225.154,16.7
132.239.17.224,64.9.225.154,16.7
132.239.17.224,64.9.225.154,16.7
132.239.17.224,64.9.225.154,16.7
132.239.17.224,64.9.225.154,16.7
132.239.17.224,64.9.225.154,16.7
132.239.17.224,64.9.225.154,16.7
132.239.17.224,64.9.225.154,16.7
132.239.17.224,64.9.225.154,16.6
132.239.17.224,64.9.225.154,16.8
132.239.17.224,64.9.225.154,16.7
132.239.17.224,64.9.225.154,16.7
132.239.17.224,64.9.225.154,16.7
132.239.17.224,64.9.225.154,16.7
132.239.17.224,64.9.225.154,16.7
132.239.17.224,64.9.225.154,16.7
132.239.17.224,64.9.225.154,16.7
132.239.17.224,64.9.225.154,16.7
132.239.17.224,64.9.225.154,16.8
132.239.17.224,64.9.225.154,16.7
132.239.17.224,64.9.225.154,16.7
132.239.17.224,64.9.225.154,16.7
132.239.17.224,64.9.225.154,16.7
132.239.17.224,64.9.225.154,16.7
132.239.17.224,64.9.225.154,16.7
132.239.17.224,64.9.225.154,16.7
132.239.17.224,64.9.225.154,16.8
132.239.17.224,64.9.225.154,16.7
132.239.17.224,64.9.225.154,16.7
132.239.17.224,64.9.225.154,16.7
132.239.17.224,64.9.225.154,16.8
132.239.17.224,64.9.225.154,16.7
132.239.17.224,64.9.225.154,16.9
132.239.17.224,64.9.225.154,16.7
132.239.17.224,64.9.225.154,16.7
132.239.17.224,64.9.225.154,16.8
132.239.17.224,64.9.225.154,16.7
132.239.17.224,64.9.225.154,16.7
132.239.17.224,64.9.225.154,16.8
132.239.17.224,64.9.225.154,16.8
132.239.17.224,64.9.225.154,16.8
132.239.17.224,64.9.225.154,16.8
132.239.17.224,64.9.225.154,16.7
132.239.17.224,64.9.225.154,16.8
132.239.17.224,64.9.225.154,16.7
132.239.17.224,64.9.225.154,16.7
132.239.17.224,64.9.225.154,16.7
132.239.17.224,64.9.225.154,16.7
132.239.17.224,64.9.225.154,16.7
132.239.17.224,64.9.225.154,16.7
132.239.17.224,64.9.225.154,16.7
132.239.17.224,64.9.225.154,16.8
132.239.17.224,64.9.225.154,16.6
132.239.17.224,64.9.225.154,16.7
132.239.17.224,64.9.225.154,16.7
132.239.17.224,64.9.225.154,16.7
132.239.17.224,64.9.225.154,16.7
132.239.17.224,64.9.225.154,16.7
132.239.17.224,64.9.225.154,16.7
132.239.17.224,64.9.225.154,16.8
132.239.17.224,64.9.225.154,16.7
132.239.17.224,64.9.225.154,16.7
132.239.17.224,64.9.225.154,16.7
132.239.17.224,64.9.225.154,16.7
132.239.17.224,64.9.225.154,16.8
132.239.17.224,64.9.225.154,16.6
132.239.17.224,64.9.225.154,16.7
132.239.17.224,64.9.225.154,16.7
132.239.17.224,64.9.225.154,16.7
132.239.17.224,64.9.225.154,16.7
132.239.17.224,64.9.225.154,16.7
132.239.17.224,64.9.225.154,16.7
132.239.17.224,64.9.225.154,16.7
132.239.17.224,64.9.225.154,16.7
132.239.17.224,64.9.225.154,16.7
132.239.17.224,64.9.225.154,16.7
132.239.17.224,64.9.225.154,16.7
132.239.17.224,64.9.225.154,16.7
132.239.17.224,64.9.225.154,16.7
132.239.17.224,64.9.225.154,16.7
132.239.17.224,64.9.225.154,16.7
132.239.17.224,64.9.225.154,16.7
132.239.17.224,64.9.225.154,16.7
132.239.17.224,64.9.225.154,16.7
132.239.17.224,64.9.225.154,16.7
132.239.17.224,64.9.225.154,16.7
132.239.17.224,64.9.225.154,16.7
132.239.17.224,64.9.225.154,16.7
132.239.17.224,64.9.225.154,16.7
132.239.17.224,64.9.225.154,16.7
132.239.17.224,64.9.225.154,16.7
132.239.17.224,64.9.225.154,16.7
132.239.17.224,64.9.225.154,16.7
132.239.17.224,64.9.225.154,16.7
132.239.17.224,64.9.225.154,16.6
132.239.17.224,64.9.225.154,16.7
132.239.17.224,64.9.225.154,16.7
132.239.17.224,64.9.225.154,16.7
132.239.17.224,64.9.225.154,16.7
132.239.17.224,64.9.225.154,16.7
132.239.17.224,64.9.225.154,16.7
132.239.17.224,64.9.225.154,16.7
132.239.17.224,64.9.225.154,16.8
132.239.17.224,64.9.225.154,16.7
132.239.17.224,64.9.225.154,16.7
132.239.17.224,64.9.225.154,16.7
132.239.17.224,64.9.225.154,16.8
132.239.17.224,64.9.225.154,16.7
132.239.17.224,64.9.225.154,16.6
132.239.17.224,64.9.225.154,16.6
132.239.17.224,64.9.225.154,16.7
132.239.17.224,64.9.225.154,16.7
132.239.17.224,64.9.225.154,16.7
132.239.17.224,64.9.225.154,16.7
132.239.17.224,64.9.225.154,16.7
132.239.17.224,64.9.225.154,16.7
132.239.17.224,64.9.225.154,16.7
132.239.17.224,64.9.225.154,16.7
132.239.17.224,64.9.225.154,16.7
132.239.17.224,64.9.225.154,16.7
132.239.17.224,64.9.225.154,16.7
132.239.17.224,64.9.225.154,16.7
132.239.17.224,64.9.225.154,16.6
132.239.17.224,64.9.225.154,16.6
132.239.17.224,64.9.225.154,16.7
132.239.17.224,64.9.225.154,16.7
132.239.17.224,64.9.225.154,16.7
132.239.17.224,64.9.225.154,16.7
132.239.17.224,64.9.225.154,16.7
132.239.17.224,64.9.225.154,16.8
132.239.17.224,64.9.225.154,16.6
132.239.17.224,64.9.225.154,16.7
132.239.17.224,64.9.225.154,16.7
132.239.17.224,64.9.225.154,16.7
132.239.17.224,64.9.225.154,16.7
132.239.17.224,64.9.225.154,16.7
132.239.17.224,64.9.225.154,16.7
132.239.17.224,64.9.225.154,16.7
132.239.17.224,64.9.225.154,16.7
132.239.17.224,64.9.225.154,16.7
132.239.17.224,64.9.225.154,16.7
132.239.17.224,64.9.225.154,16.7
132.239.17.224,64.9.225.154,16.7
132.239.17.224,64.9.225.154,16.7
132.239.17.224,64.9.225.154,16.7
132.239.17.224,64.9.225.154,16.8
132.239.17.224,64.9.225.154,16.7
132.239.17.224,64.9.225.154,16.7
132.239.17.224,64.9.225.154,16.7
132.239.17.224,64.9.225.154,16.7
132.239.17.224,64.9.225.154,16.7
132.239.17.224,64.9.225.154,16.8
132.239.17.224,64.9.225.154,16.7
132.239.17.224,64.9.225.154,16.7
132.239.17.224,64.9.225.154,16.7
132.239.17.224,64.9.225.154,16.7
132.239.17.224,64.9.225.154,16.7
132.239.17.224,64.9.225.154,16.7
132.239.17.224,64.9.225.154,16.7
132.239.17.224,64.9.225.154,16.7
132.239.17.224,64.9.225.154,16.8
132.239.17.224,64.9.225.154,16.8
132.239.17.224,64.9.225.154,16.8
132.239.17.224,64.9.225.154,16.7
132.239.17.224,64.9.225.154,16.7
132.239.17.224,64.9.225.154,16.7
132.239.17.224,64.9.225.154,16.7
132.239.17.224,64.9.225.154,16.7
132.239.17.224,64.9.225.154,16.7
132.239.17.224,64.9.225.154,16.7
132.239.17.224,64.9.225.154,16.7
132.239.17.224,64.9.225.154,16.7
132.239.17.224,64.9.225.154,16.7
132.239.17.224,64.9.225.154,16.7
132.239.17.224,64.9.225.154,16.6
132.239.17.224,64.9.225.154,16.7
132.239.17.224,64.9.225.154,16.7
132.239.17.224,64.9.225.154,16.7
132.239.17.224,64.9.225.154,16.7
132.239.17.224,64.9.225.154,16.7
132.239.17.224,64.9.225.154,16.7
132.239.17.224,64.9.225.154,16.7
132.239.17.224,64.9.225.154,16.7
132.239.17.224,64.9.225.154,16.7
132.239.17.224,64.9.225.154,16.7
132.239.17.224,64.9.225.154,16.7
132.239.17.224,64.9.225.154,16.7
132.239.17.224,64.9.225.154,16.7
132.239.17.224,64.9.225.154,16.7
132.239.17.224,64.9.225.154,16.7
132.239.17.224,64.9.225.154,16.7
132.239.17.224,64.9.225.154,16.7
132.239.17.224,64.9.225.154,16.7
132.239.17.224,64.9.225.154,16.7
132.239.17.224,64.9.225.154,16.7
132.239.17.224,64.9.225.154,16.7
132.239.17.224,64.9.225.154,16.7
132.239.17.224,64.9.225.154,16.7
132.239.17.224,64.9.225.154,16.7
132.239.17.224,64.9.225.154,16.7
132.239.17.224,64.9.225.154,16.7
132.239.17.224,64.9.225.154,16.7
132.239.17.224,64.9.225.154,16.7
132.239.17.224,64.9.225.154,16.7
132.239.17.224,64.9.225.154,16.7
132.239.17.224,64.9.225.154,16.7
132.239.17.224,64.9.225.154,16.7
132.239.17.224,64.9.225.154,16.7
132.239.17.224,64.9.225.154,16.7
132.239.17.224,64.9.225.154,16.7
132.239.17.224,64.9.225.154,16.7
132.239.17.224,64.9.225.154,16.8
132.239.17.224,64.9.225.154,16.6
132.239.17.224,64.9.225.154,16.6
132.239.17.224,64.9.225.154,16.7
132.239.17.224,64.9.225.154,16.7
132.239.17.224,64.9.225.154,16.7
132.239.17.224,64.9.225.154,16.7
132.239.17.224,64.9.225.154,16.7
132.239.17.224,64.9.225.154,16.7
132.239.17.224,64.9.225.154,16.7
132.239.17.224,64.9.225.154,16.7
132.239.17.224,64.9.225.154,16.7
132.239.17.224,64.9.225.154,16.6
132.239.17.224,64.9.225.154,16.8
132.239.17.224,64.9.225.154,16.7
132.239.17.224,64.9.225.154,16.6
132.239.17.224,64.9.225.154,16.7
132.239.17.224,64.9.225.154,16.7
132.239.17.224,64.9.225.154,16.7
132.239.17.224,64.9.225.154,16.7
132.239.17.224,64.9.225.154,16.8
132.239.17.224,64.9.225.154,16.7
132.239.17.224,64.9.225.154,16.7
132.239.17.224,64.9.225.154,16.8
132.239.17.224,64.9.225.154,16.7
132.239.17.224,64.9.225.154,16.7
132.239.17.224,64.9.225.154,16.7
132.239.17.224,64.9.225.154,16.7
132.239.17.224,64.9.225.154,16.7
132.239.17.224,64.9.225.154,16.7
132.239.17.224,64.9.225.154,16.7
132.239.17.224,64.9.225.154,16.7
132.239.17.224,64.9.225.154,16.7
132.239.17.224,64.9.225.154,16.7
132.239.17.224,64.9.225.154,16.7
132.239.17.224,64.9.225.154,16.6
132.239.17.224,64.9.225.154,16.7
132.239.17.224,64.9.225.154,16.7
132.239.17.224,64.9.225.154,16.7
132.239.17.224,64.9.225.154,16.8
132.239.17.224,64.9.225.154,16.7
132.239.17.224,64.9.225.154,16.7
132.239.17.224,64.9.225.154,16.7
132.239.17.224,64.9.225.154,16.9
132.239.17.224,64.9.225.154,16.7
132.239.17.224,64.9.225.154,16.7
132.239.17.224,64.9.225.154,16.7
132.239.17.224,64.9.225.154,16.7
132.239.17.224,64.9.225.154,16.7
132.239.17.224,64.9.225.154,16.7
132.239.17.224,64.9.225.154,16.7
132.239.17.224,64.9.225.154,16.7
132.239.17.224,64.9.225.154,16.7
132.239.17.224,64.9.225.154,16.7
132.239.17.224,64.9.225.154,16.7
132.239.17.224,64.9.225.154,16.7
132.239.17.224,64.9.225.154,16.8
132.239.17.224,64.9.225.154,16.7
132.239.17.224,64.9.225.154,16.6
132.239.17.224,64.9.225.154,16.7
132.239.17.224,64.9.225.154,16.7
132.239.17.224,64.9.225.154,16.7
132.239.17.224,64.9.225.154,16.7
132.239.17.224,64.9.225.154,16.6
132.239.17.224,64.9.225.154,16.7
132.239.17.224,64.9.225.154,16.7
132.239.17.224,64.9.225.154,16.6
132.239.17.224,64.9.225.154,16.7
132.239.17.224,64.9.225.154,16.7
132.239.17.224,64.9.225.154,16.7
132.239.17.224,64.9.225.154,16.8
132.239.17.224,64.9.225.154,16.7
132.239.17.224,64.9.225.154,16.7
132.239.17.224,64.9.225.154,16.6
132.239.17.224,64.9.225.154,16.7
132.239.17.224,64.9.225.154,16.6
132.239.17.224,64.9.225.154,16.7
132.239.17.224,64.9.225.154,16.7
132.239.17.224,64.9.225.154,16.7
132.239.17.224,64.9.225.154,16.7
132.239.17.224,64.9.225.154,16.7
132.239.17.224,64.9.225.154,16.7
132.239.17.224,64.9.225.154,16.7
132.239.17.224,64.9.225.154,16.9
132.239.17.224,64.9.225.154,16.7
132.239.17.224,64.9.225.154,16.7
132.239.17.224,64.9.225.154,16.7
132.239.17.224,64.9.225.154,16.7
132.239.17.224,64.9.225.154,16.7
132.239.17.224,64.9.225.154,16.7
132.239.17.224,64.9.225.154,16.7
132.239.17.224,64.9.225.154,16.7
132.239.17.224,64.9.225.154,16.7
132.239.17.224,64.9.225.154,16.8
132.239.17.224,64.9.225.154,16.7
132.239.17.224,64.9.225.154,16.8
132.239.17.224,64.9.225.154,16.7
132.239.17.224,64.9.225.154,16.7
132.239.17.224,64.9.225.154,16.9
132.239.17.224,64.9.225.154,16.7
132.239.17.224,64.9.225.154,16.7
132.239.17.224,64.9.225.154,17.2
132.239.17.224,64.9.225.154,16.7
132.239.17.224,64.9.225.154,16.7
132.239.17.224,64.9.225.154,16.7
132.239.17.224,64.9.225.154,16.7
132.239.17.224,64.9.225.154,16.7
132.239.17.224,64.9.225.154,16.7
132.239.17.224,64.9.225.154,16.7
132.239.17.224,64.9.225.154,16.7
132.239.17.224,64.9.225.154,16.6
132.239.17.224,64.9.225.154,16.8
132.239.17.224,64.9.225.154,16.6
132.239.17.224,64.9.225.154,16.7
132.239.17.224,64.9.225.154,16.7
132.239.17.224,64.9.225.154,16.7
132.239.17.224,64.9.225.154,16.7
132.239.17.224,64.9.225.154,16.7
132.239.17.224,64.9.225.154,16.7
132.239.17.224,64.9.225.154,16.7
132.239.17.224,64.9.225.154,16.7
132.239.17.224,64.9.225.154,16.7
132.239.17.224,64.9.225.154,16.7
132.239.17.224,64.9.225.154,16.8
132.239.17.224,64.9.225.154,16.8
132.239.17.224,64.9.225.154,16.7
132.239.17.224,64.9.225.154,16.7
132.239.17.224,64.9.225.154,16.7
132.239.17.224,64.9.225.154,16.6
132.239.17.224,64.9.225.154,16.7
132.239.17.224,64.9.225.154,16.7
132.239.17.224,64.9.225.154,16.7
132.239.17.224,64.9.225.154,16.6
132.239.17.224,64.9.225.154,16.7
132.239.17.224,64.9.225.154,16.7
132.239.17.224,64.9.225.154,16.7
132.239.17.224,64.9.225.154,16.7
132.239.17.224,64.9.225.154,16.7
132.239.17.224,64.9.225.154,16.7
132.239.17.224,64.9.225.154,16.7
132.239.17.224,64.9.225.154,16.7
132.239.17.224,64.9.225.154,16.7
132.239.17.224,64.9.225.154,16.7
132.239.17.224,64.9.225.154,16.7
132.239.17.224,64.9.225.154,16.7
132.239.17.224,64.9.225.154,16.7
132.239.17.224,64.9.225.154,16.7
132.239.17.224,64.9.225.154,16.7
132.239.17.224,64.9.225.154,16.8
132.239.17.224,64.9.225.154,16.7
132.239.17.224,64.9.225.154,16.7
132.239.17.224,64.9.225.154,16.7
132.239.17.224,64.9.225.154,16.8
132.239.17.224,64.9.225.154,16.6
132.239.17.224,64.9.225.154,16.7
132.239.17.224,64.9.225.154,16.7
132.239.17.224,64.9.225.154,16.8
132.239.17.224,64.9.225.154,16.7
132.239.17.224,64.9.225.154,16.7
132.239.17.224,64.9.225.154,16.7
132.239.17.224,64.9.225.154,16.7
132.239.17.224,64.9.225.154,16.7
132.239.17.224,64.9.225.154,16.7
132.239.17.224,64.9.225.154,16.7
132.239.17.224,64.9.225.154,16.7
132.239.17.224,64.9.225.154,16.6
132.239.17.224,64.9.225.154,16.7
132.239.17.224,64.9.225.154,16.7
132.239.17.224,64.9.225.154,16.7
132.239.17.224,64.9.225.154,16.7
132.239.17.224,64.9.225.154,16.7
132.239.17.224,64.9.225.154,16.7
132.239.17.224,64.9.225.154,16.7
132.239.17.224,64.9.225.154,16.8
132.239.17.224,64.9.225.154,16.7
132.239.17.224,64.9.225.154,16.7
132.239.17.224,64.9.225.154,16.7
132.239.17.224,64.9.225.154,16.7
132.239.17.224,64.9.225.154,16.7
132.239.17.224,64.9.225.154,16.7
132.239.17.224,64.9.225.154,16.7
132.239.17.224,64.9.225.154,16.7
132.239.17.224,64.9.225.154,16.7
132.239.17.224,64.9.225.154,16.7
132.239.17.224,64.9.225.154,16.7
132.239.17.224,64.9.225.154,16.7
132.239.17.224,64.9.225.154,16.6
132.239.17.224,64.9.225.154,16.7
132.239.17.224,64.9.225.154,16.7
132.239.17.224,64.9.225.154,16.8
132.239.17.224,64.9.225.154,16.6
132.239.17.224,64.9.225.154,16.8
132.239.17.224,64.9.225.154,16.9
132.239.17.224,64.9.225.154,16.7
132.239.17.224,64.9.225.154,16.7
132.239.17.224,64.9.225.154,16.7
132.239.17.224,64.9.225.154,16.7
132.239.17.224,64.9.225.154,16.6
132.239.17.224,64.9.225.154,16.7
132.239.17.224,64.9.225.154,16.7
132.239.17.224,64.9.225.154,16.7
132.239.17.224,64.9.225.154,16.7
132.239.17.224,64.9.225.154,16.7
132.239.17.224,64.9.225.154,16.7
132.239.17.224,64.9.225.154,16.7
132.239.17.224,64.9.225.154,16.7
132.239.17.224,64.9.225.154,16.7
132.239.17.224,64.9.225.154,17.2
132.239.17.224,64.9.225.154,16.6
132.239.17.224,64.9.225.154,16.7
132.239.17.224,64.9.225.154,16.9
132.239.17.224,64.9.225.154,17.9
132.239.17.224,64.9.225.154,16.7
132.239.17.224,64.9.225.154,17.0
132.239.17.224,64.9.225.154,16.7
132.239.17.224,64.9.225.154,16.7
132.239.17.224,64.9.225.154,17.8
132.239.17.224,64.9.225.154,16.7
132.239.17.224,64.9.225.154,16.7
132.239.17.224,64.9.225.154,16.7
132.239.17.224,64.9.225.154,16.9
132.239.17.224,64.9.225.154,16.8
132.239.17.224,64.9.225.154,16.7
132.239.17.224,64.9.225.154,18.6
132.239.17.224,64.9.225.154,16.7
132.239.17.224,64.9.225.154,16.7
132.239.17.224,64.9.225.154,16.7
132.239.17.224,64.9.225.154,16.7
132.239.17.224,64.9.225.154,16.7
132.239.17.224,64.9.225.154,16.7
132.239.17.224,64.9.225.154,17.9
132.239.17.224,64.9.225.154,16.6
132.239.17.224,64.9.225.154,16.7
132.239.17.224,64.9.225.154,16.7
132.239.17.224,64.9.225.154,16.7
132.239.17.224,64.9.225.154,16.7
132.239.17.224,64.9.225.154,16.7
132.239.17.224,64.9.225.154,16.7
132.239.17.224,64.9.225.154,17.2
132.239.17.224,64.9.225.154,17.7
132.239.17.224,64.9.225.154,19.0
132.239.17.224,64.9.225.154,18.6
132.239.17.224,64.9.225.154,17.5
132.239.17.224,64.9.225.154,17.6
132.239.17.224,64.9.225.154,17.4
132.239.17.224,64.9.225.154,18.0
132.239.17.224,64.9.225.154,17.7
132.239.17.224,64.9.225.154,18.0
132.239.17.224,64.9.225.154,18.2
132.239.17.224,64.9.225.154,18.1
132.239.17.224,64.9.225.154,18.6
132.239.17.224,64.9.225.154,18.1
132.239.17.224,64.9.225.154,17.6
132.239.17.224,64.9.225.154,18.1
132.239.17.224,64.9.225.154,19.4
132.239.17.224,64.9.225.154,18.6
132.239.17.224,64.9.225.154,18.6
132.239.17.224,64.9.225.154,18.4
132.239.17.224,64.9.225.154,16.7
132.239.17.224,64.9.225.154,16.7
132.239.17.224,64.9.225.154,16.7
132.239.17.224,64.9.225.154,16.6
132.239.17.224,64.9.225.154,16.7
132.239.17.224,64.9.225.154,16.9
132.239.17.224,64.9.225.154,16.7
132.239.17.224,64.9.225.154,17.4
132.239.17.224,64.9.225.154,16.8
132.239.17.224,64.9.225.154,16.7
132.239.17.224,64.9.225.154,16.7
132.239.17.224,64.9.225.154,16.7
132.239.17.224,64.9.225.154,16.7
132.239.17.224,64.9.225.154,16.7
132.239.17.224,64.9.225.154,16.7
132.239.17.224,64.9.225.154,16.6
132.239.17.224,64.9.225.154,16.7
132.239.17.224,64.9.225.154,16.7
132.239.17.224,64.9.225.154,16.7
132.239.17.224,64.9.225.154,16.7
132.239.17.224,64.9.225.154,16.6
132.239.17.224,64.9.225.154,16.7
132.239.17.224,64.9.225.154,16.7
132.239.17.224,64.9.225.154,16.7
132.239.17.224,64.9.225.154,16.7
132.239.17.224,64.9.225.154,16.7
132.239.17.224,64.9.225.154,16.7
132.239.17.224,64.9.225.154,16.7
132.239.17.224,64.9.225.154,16.7
132.239.17.224,64.9.225.154,16.7
132.239.17.224,64.9.225.154,16.6
132.239.17.224,64.9.225.154,16.7
132.239.17.224,64.9.225.154,16.7
132.239.17.224,64.9.225.154,16.7
132.239.17.224,64.9.225.154,16.7
132.239.17.224,64.9.225.154,16.7
132.239.17.224,64.9.225.154,16.7
132.239.17.224,64.9.225.154,16.7
132.239.17.224,64.9.225.154,16.7
132.239.17.224,64.9.225.154,16.7
132.239.17.224,64.9.225.154,16.7
132.239.17.224,64.9.225.154,16.7
132.239.17.224,64.9.225.154,16.7
132.239.17.224,64.9.225.154,16.6
132.239.17.224,64.9.225.154,16.7
132.239.17.224,64.9.225.154,16.7
132.239.17.224,64.9.225.154,16.7
132.239.17.224,64.9.225.154,16.7
132.239.17.224,64.9.225.154,16.7
132.239.17.224,64.9.225.154,16.6
132.239.17.224,64.9.225.154,16.7
132.239.17.224,64.9.225.154,16.7
132.239.17.224,64.9.225.154,16.7
132.239.17.224,64.9.225.154,16.7
132.239.17.224,64.9.225.154,16.7
132.239.17.224,64.9.225.154,16.6
132.239.17.224,64.9.225.154,16.7
132.239.17.224,64.9.225.154,16.7
132.239.17.224,64.9.225.154,16.7
132.239.17.224,64.9.225.154,16.7
132.239.17.224,64.9.225.154,16.7
132.239.17.224,64.9.225.154,16.7
132.239.17.224,64.9.225.154,16.7
132.239.17.224,64.9.225.154,16.7
132.239.17.224,64.9.225.154,16.7
132.239.17.224,64.9.225.154,16.7
132.239.17.224,64.9.225.154,16.7
132.239.17.224,64.9.225.154,16.7
132.239.17.224,64.9.225.154,16.7
132.239.17.224,64.9.225.154,16.7
132.239.17.224,64.9.225.154,16.7
132.239.17.224,64.9.225.154,16.7
132.239.17.224,64.9.225.154,16.7
132.239.17.224,64.9.225.154,16.7
132.239.17.224,64.9.225.154,16.7
132.239.17.224,64.9.225.154,16.7
132.239.17.224,64.9.225.154,16.7
132.239.17.224,64.9.225.154,16.7
132.239.17.224,64.9.225.154,16.7
132.239.17.224,64.9.225.154,16.7
132.239.17.224,64.9.225.154,16.7
132.239.17.224,64.9.225.154,16.7
132.239.17.224,64.9.225.154,16.7
132.239.17.224,64.9.225.154,16.7
132.239.17.224,64.9.225.154,16.7
132.239.17.224,64.9.225.154,16.7
132.239.17.224,64.9.225.154,16.7
132.239.17.224,64.9.225.154,16.7
132.239.17.224,64.9.225.154,16.8
132.239.17.224,64.9.225.154,16.7
132.239.17.224,64.9.225.154,16.7
132.239.17.224,64.9.225.154,16.7
132.239.17.224,64.9.225.154,16.7
132.239.17.224,64.9.225.154,16.6
132.239.17.224,64.9.225.154,16.7
132.239.17.224,64.9.225.154,16.7
132.239.17.224,64.9.225.154,16.7
132.239.17.224,64.9.225.154,16.7
132.239.17.224,64.9.225.154,16.7
132.239.17.224,64.9.225.154,16.7
132.239.17.224,64.9.225.154,16.6
132.239.17.224,64.9.225.154,16.7
132.239.17.224,64.9.225.154,16.7
132.239.17.224,64.9.225.154,16.7
132.239.17.224,64.9.225.154,16.7
132.239.17.224,64.9.225.154,16.7
132.239.17.224,64.9.225.154,16.7
132.239.17.224,64.9.225.154,16.7
132.239.17.224,64.9.225.154,16.7
132.239.17.224,64.9.225.154,16.7
132.239.17.224,64.9.225.154,16.7
132.239.17.224,64.9.225.154,16.7
132.239.17.224,64.9.225.154,16.7
132.239.17.224,64.9.225.154,16.8
132.239.17.224,64.9.225.154,16.7
132.239.17.224,64.9.225.154,16.6
132.239.17.224,64.9.225.154,16.7
132.239.17.224,64.9.225.154,16.7
132.239.17.224,64.9.225.154,16.7
132.239.17.224,64.9.225.154,16.7
132.239.17.224,64.9.225.154,16.7
132.239.17.224,64.9.225.154,16.8
132.239.17.224,64.9.225.154,16.7
132.239.17.224,64.9.225.154,16.7
132.239.17.224,64.9.225.154,16.7
132.239.17.224,64.9.225.154,16.7
132.239.17.224,64.9.225.154,16.7
132.239.17.224,64.9.225.154,16.7
132.239.17.224,64.9.225.154,16.7
132.239.17.224,64.9.225.154,16.7
132.239.17.224,64.9.225.154,16.7
132.239.17.224,64.9.225.154,16.7
132.239.17.224,64.9.225.154,16.7
132.239.17.224,64.9.225.154,16.7
132.239.17.224,64.9.225.154,16.7
132.239.17.224,64.9.225.154,16.7
132.239.17.224,64.9.225.154,16.7
132.239.17.224,64.9.225.154,16.7
132.239.17.224,64.9.225.154,16.7
132.239.17.224,64.9.225.154,16.7
132.239.17.224,64.9.225.154,16.7
132.239.17.224,64.9.225.154,16.7
132.239.17.224,64.9.225.154,16.8
132.239.17.224,64.9.225.154,16.7
132.239.17.224,64.9.225.154,16.7
132.239.17.224,64.9.225.154,16.7
132.239.17.224,64.9.225.154,16.7
132.239.17.224,64.9.225.154,16.7
132.239.17.224,64.9.225.154,16.8
132.239.17.224,64.9.225.154,16.7
132.239.17.224,64.9.225.154,16.7
132.239.17.224,64.9.225.154,16.7
132.239.17.224,64.9.225.154,16.7
132.239.17.224,64.9.225.154,16.7
132.239.17.224,64.9.225.154,16.8
132.239.17.224,64.9.225.154,16.7
132.239.17.224,64.9.225.154,16.7
132.239.17.224,64.9.225.154,16.7
132.239.17.224,64.9.225.154,16.7
132.239.17.224,64.9.225.154,16.7
132.239.17.224,64.9.225.154,16.8
132.239.17.224,64.9.225.154,16.7
132.239.17.224,64.9.225.154,16.7
132.239.17.224,64.9.225.154,16.7
132.239.17.224,64.9.225.154,16.7
132.239.17.224,64.9.225.154,16.7
132.239.17.224,64.9.225.154,16.7
132.239.17.224,64.9.225.154,16.7
132.239.17.224,64.9.225.154,16.7
132.239.17.224,64.9.225.154,16.7
132.239.17.224,64.9.225.154,16.8
132.239.17.224,64.9.225.154,16.7
132.239.17.224,64.9.225.154,16.6
132.239.17.224,64.9.225.154,16.7
132.239.17.224,64.9.225.154,16.7
132.239.17.224,64.9.225.154,16.7
132.239.17.224,64.9.225.154,16.7
132.239.17.224,64.9.225.154,16.7
132.239.17.224,64.9.225.154,16.7
132.239.17.224,64.9.225.154,16.7
132.239.17.224,64.9.225.154,16.7
132.239.17.224,64.9.225.154,16.7
132.239.17.224,64.9.225.154,16.7
132.239.17.224,64.9.225.154,16.7
132.239.17.224,64.9.225.154,16.7
132.239.17.224,64.9.225.154,16.7
132.239.17.224,64.9.225.154,16.7
132.239.17.224,64.9.225.154,16.7
132.239.17.224,64.9.225.154,16.7
132.239.17.224,64.9.225.154,16.7
132.239.17.224,64.9.225.154,16.7
132.239.17.224,64.9.225.154,16.7
132.239.17.224,64.9.225.154,16.7
132.239.17.224,64.9.225.154,16.7
132.239.17.224,64.9.225.154,16.8
132.239.17.224,64.9.225.154,16.7
132.239.17.224,64.9.225.154,16.7
132.239.17.224,64.9.225.154,16.7
132.239.17.224,64.9.225.154,16.7
132.239.17.224,64.9.225.154,16.7
132.239.17.224,64.9.225.154,16.7
132.239.17.224,64.9.225.154,16.8
132.239.17.224,64.9.225.154,16.7
132.239.17.224,64.9.225.154,16.7
132.239.17.224,64.9.225.154,16.7
132.239.17.224,64.9.225.154,16.7
132.239.17.224,64.9.225.154,16.7
132.239.17.224,64.9.225.154,16.6
132.239.17.224,64.9.225.154,16.7
132.239.17.224,64.9.225.154,16.7
132.239.17.224,64.9.225.154,16.7
132.239.17.224,64.9.225.154,16.7
132.239.17.224,64.9.225.154,16.7
132.239.17.224,64.9.225.154,16.8
132.239.17.224,64.9.225.154,16.7
132.239.17.224,64.9.225.154,16.7
132.239.17.224,64.9.225.154,16.8
132.239.17.224,64.9.225.154,16.7
132.239.17.224,64.9.225.154,16.7
132.239.17.224,64.9.225.154,16.7
132.239.17.224,64.9.225.154,16.7
132.239.17.224,64.9.225.154,16.7
132.239.17.224,64.9.225.154,16.8
132.239.17.224,64.9.225.154,16.7
132.239.17.224,64.9.225.154,16.7
132.239.17.224,64.9.225.154,16.6
132.239.17.224,64.9.225.154,16.8
132.239.17.224,64.9.225.154,16.7
132.239.17.224,64.9.225.154,16.7
132.239.17.224,64.9.225.154,16.7
132.239.17.224,64.9.225.154,16.7
132.239.17.224,64.9.225.154,16.6
132.239.17.224,64.9.225.154,16.7
132.239.17.224,64.9.225.154,16.8
132.239.17.224,64.9.225.154,16.7
132.239.17.224,64.9.225.154,16.6
132.239.17.224,64.9.225.154,16.7
132.239.17.224,64.9.225.154,16.8
132.239.17.224,64.9.225.154,16.7
132.239.17.224,64.9.225.154,16.7
132.239.17.224,64.9.225.154,16.7
132.239.17.224,64.9.225.154,16.7
132.239.17.224,64.9.225.154,16.7
132.239.17.224,64.9.225.154,16.7
132.239.17.224,64.9.225.154,16.7
132.239.17.224,64.9.225.154,16.7
132.239.17.224,64.9.225.154,16.7
132.239.17.224,64.9.225.154,16.7
132.239.17.224,64.9.225.154,16.7
132.239.17.224,64.9.225.154,16.7
132.239.17.224,64.9.225.154,16.7
132.239.17.224,64.9.225.154,16.7
132.239.17.224,64.9.225.154,16.7
132.239.17.224,64.9.225.154,16.7
132.239.17.224,64.9.225.154,16.7
132.239.17.224,64.9.225.154,16.7
132.239.17.224,64.9.225.154,16.8
132.239.17.224,64.9.225.154,16.6
132.239.17.224,64.9.225.154,16.7
132.239.17.224,64.9.225.154,16.8
132.239.17.224,64.9.225.154,16.8
132.239.17.224,64.9.225.154,16.7
132.239.17.224,64.9.225.154,16.7
132.239.17.224,64.9.225.154,16.7
132.239.17.224,64.9.225.154,16.7
132.239.17.224,64.9.225.154,16.7
132.239.17.224,64.9.225.154,16.8
132.239.17.224,64.9.225.154,16.7
132.239.17.224,64.9.225.154,16.7
132.239.17.224,64.9.225.154,16.7
132.239.17.224,64.9.225.154,16.6
132.239.17.224,64.9.225.154,16.7
132.239.17.224,64.9.225.154,16.6
132.239.17.224,64.9.225.154,16.7
132.239.17.224,64.9.225.154,16.7
132.239.17.224,64.9.225.154,16.7
132.239.17.224,64.9.225.154,16.6
132.239.17.224,64.9.225.154,16.7
132.239.17.224,64.9.225.154,16.7
132.239.17.224,64.9.225.154,16.7
132.239.17.224,64.9.225.154,16.6
132.239.17.224,64.9.225.154,16.7
132.239.17.224,64.9.225.154,16.7
132.239.17.224,64.9.225.154,16.7
132.239.17.224,64.9.225.154,16.7
132.239.17.224,64.9.225.154,16.7
132.239.17.224,64.9.225.154,16.7
132.239.17.224,64.9.225.154,16.7
132.239.17.224,64.9.225.154,16.7
132.239.17.224,64.9.225.154,16.7
132.239.17.224,64.9.225.154,16.7
132.239.17.224,64.9.225.154,16.7
132.239.17.224,4.71.210.237,66.9
132.239.17.224,4.71.210.237,66.9
132.239.17.224,4.71.210.237,66.9
132.239.17.224,4.71.210.237,66.9
132.239.17.224,4.71.210.237,66.9
132.239.17.224,4.71.210.237,66.9
132.239.17.224,4.71.210.237,66.9
132.239.17.224,4.71.210.237,67.0
132.239.17.224,4.71.210.237,66.9
132.239.17.224,4.71.210.237,66.9
132.239.17.224,4.71.210.237,67.0
132.239.17.224,4.71.210.237,67.0
132.239.17.224,4.71.210.237,66.9
132.239.17.224,4.71.210.237,66.9
132.239.17.224,4.71.210.237,66.9
132.239.17.224,4.71.210.237,66.9
132.239.17.224,4.71.210.237,66.9
132.239.17.224,4.71.210.237,66.9
132.239.17.224,4.71.210.237,67.0
132.239.17.224,4.71.210.237,67.0
132.239.17.224,4.71.210.237,67.0
132.239.17.224,4.71.210.237,66.9
132.239.17.224,4.71.210.237,66.9
132.239.17.224,4.71.210.237,67.0
132.239.17.224,4.71.210.237,66.9
132.239.17.224,4.71.210.237,66.9
132.239.17.224,4.71.210.237,66.9
132.239.17.224,4.71.210.237,67.0
132.239.17.224,4.71.210.237,66.9
132.239.17.224,4.71.210.237,66.9
132.239.17.224,4.71.210.237,66.9
132.239.17.224,4.71.210.237,66.9
132.239.17.224,4.71.210.237,66.9
132.239.17.224,4.71.210.237,66.9
132.239.17.224,4.71.210.237,66.9
132.239.17.224,4.71.210.237,66.9
132.239.17.224,4.71.210.237,66.9
132.239.17.224,4.71.210.237,66.9
132.239.17.224,4.71.210.237,66.9
132.239.17.224,4.71.210.237,66.9
132.239.17.224,4.71.210.237,66.9
132.239.17.224,4.71.210.237,67.0
132.239.17.224,4.71.210.237,67.0
132.239.17.224,4.71.210.237,66.9
132.239.17.224,4.71.210.237,66.9
132.239.17.224,4.71.210.237,66.9
132.239.17.224,4.71.210.237,66.9
132.239.17.224,4.71.210.237,66.9
132.239.17.224,4.71.210.237,66.9
132.239.17.224,4.71.210.237,67.0
132.239.17.224,4.71.210.237,66.9
132.239.17.224,4.71.210.237,67.0
132.239.17.224,4.71.210.237,66.9
132.239.17.224,4.71.210.237,67.0
132.239.17.224,4.71.210.237,66.9
132.239.17.224,4.71.210.237,66.9
132.239.17.224,4.71.210.237,66.9
132.239.17.224,4.71.210.237,66.9
132.239.17.224,4.71.210.237,66.9
132.239.17.224,4.71.210.237,66.9
132.239.17.224,4.71.210.237,66.9
132.239.17.224,4.71.210.237,66.9
132.239.17.224,4.71.210.237,66.9
132.239.17.224,4.71.210.237,67.0
132.239.17.224,4.71.210.237,66.9
132.239.17.224,4.71.210.237,66.9
132.239.17.224,4.71.210.237,66.9
132.239.17.224,4.71.210.237,66.9
132.239.17.224,4.71.210.237,66.9
132.239.17.224,4.71.210.237,66.9
132.239.17.224,4.71.210.237,66.9
132.239.17.224,4.71.210.237,66.9
132.239.17.224,4.71.210.237,66.9
132.239.17.224,4.71.210.237,67.0
132.239.17.224,4.71.210.237,67.0
132.239.17.224,4.71.210.237,66.9
132.239.17.224,4.71.210.237,66.9
132.239.17.224,4.71.210.237,66.9
132.239.17.224,4.71.210.237,66.9
132.239.17.224,4.71.210.237,66.9
132.239.17.224,4.71.210.237,66.9
132.239.17.224,4.71.210.237,66.9
132.239.17.224,4.71.210.237,66.9
132.239.17.224,4.71.210.237,66.9
132.239.17.224,4.71.210.237,66.9
132.239.17.224,4.71.210.237,66.9
132.239.17.224,4.71.210.237,66.9
132.239.17.224,4.71.210.237,66.9
132.239.17.224,4.71.210.237,66.9
132.239.17.224,4.71.210.237,67.0
132.239.17.224,4.71.210.237,66.9
132.239.17.224,4.71.210.237,66.9
132.239.17.224,4.71.210.237,66.8
132.239.17.224,4.71.210.237,66.9
132.239.17.224,4.71.210.237,66.9
132.239.17.224,4.71.210.237,66.9
132.239.17.224,4.71.210.237,66.9
132.239.17.224,4.71.210.237,66.9
132.239.17.224,4.71.210.237,67.0
132.239.17.224,4.71.210.237,66.9
132.239.17.224,4.71.210.237,66.9
132.239.17.224,4.71.210.237,66.9
132.239.17.224,4.71.210.237,66.9
132.239.17.224,4.71.210.237,66.9
132.239.17.224,4.71.210.237,66.9
132.239.17.224,4.71.210.237,66.9
132.239.17.224,4.71.210.237,66.9
132.239.17.224,4.71.210.237,66.9
132.239.17.224,4.71.210.237,66.9
132.239.17.224,4.71.210.237,66.9
132.239.17.224,4.71.210.237,66.9
132.239.17.224,4.71.210.237,66.9
132.239.17.224,4.71.210.237,66.9
132.239.17.224,4.71.210.237,66.9
132.239.17.224,4.71.210.237,66.9
132.239.17.224,4.71.210.237,67.0
132.239.17.224,4.71.210.237,66.9
132.239.17.224,4.71.210.237,66.9
132.239.17.224,4.71.210.237,66.9
132.239.17.224,4.71.210.237,66.9
132.239.17.224,4.71.210.237,66.9
132.239.17.224,4.71.210.237,66.9
132.239.17.224,4.71.210.237,66.9
132.239.17.224,4.71.210.237,66.9
132.239.17.224,4.71.210.237,66.9
132.239.17.224,4.71.210.237,67.0
132.239.17.224,4.71.210.237,66.9
132.239.17.224,4.71.210.237,66.9
132.239.17.224,4.71.210.237,66.9
132.239.17.224,4.71.210.237,66.9
132.239.17.224,4.71.210.237,66.9
132.239.17.224,4.71.210.237,66.9
132.239.17.224,4.71.210.237,66.9
132.239.17.224,4.71.210.237,66.9
132.239.17.224,4.71.210.237,66.9
132.239.17.224,4.71.210.237,66.9
132.239.17.224,4.71.210.237,66.9
132.239.17.224,4.71.210.237,67.0
132.239.17.224,4.71.210.237,66.9
132.239.17.224,4.71.210.237,66.9
132.239.17.224,4.71.210.237,66.9
132.239.17.224,4.71.210.237,66.9
132.239.17.224,4.71.210.237,66.9
132.239.17.224,4.71.210.237,66.9
132.239.17.224,4.71.210.237,66.9
132.239.17.224,4.71.210.237,66.9
132.239.17.224,4.71.210.237,66.9
132.239.17.224,4.71.210.237,66.9
132.239.17.224,4.71.210.237,67.0
132.239.17.224,4.71.210.237,66.9
132.239.17.224,4.71.210.237,67.0
132.239.17.224,4.71.210.237,66.9
132.239.17.224,4.71.210.237,66.9
132.239.17.224,4.71.210.237,66.9
132.239.17.224,4.71.210.237,67.0
132.239.17.224,4.71.210.237,67.0
132.239.17.224,4.71.210.237,66.9
132.239.17.224,4.71.210.237,67.0
132.239.17.224,4.71.210.237,66.9
132.239.17.224,4.71.210.237,66.9
132.239.17.224,4.71.210.237,66.9
132.239.17.224,4.71.210.237,66.9
132.239.17.224,4.71.210.237,66.9
132.239.17.224,4.71.210.237,66.9
132.239.17.224,4.71.210.237,66.9
132.239.17.224,4.71.210.237,66.9
132.239.17.224,4.71.210.237,67.0
132.239.17.224,4.71.210.237,66.9
132.239.17.224,4.71.210.237,66.9
132.239.17.224,4.71.210.237,66.9
132.239.17.224,4.71.210.237,66.9
132.239.17.224,4.71.210.237,67.0
132.239.17.224,4.71.210.237,66.9
132.239.17.224,4.71.210.237,66.9
132.239.17.224,4.71.210.237,66.9
132.239.17.224,4.71.210.237,66.9
132.239.17.224,4.71.210.237,66.9
132.239.17.224,4.71.210.237,66.9
132.239.17.224,4.71.210.237,66.9
132.239.17.224,4.71.210.237,66.9
132.239.17.224,4.71.210.237,66.9
132.239.17.224,4.71.210.237,66.9
132.239.17.224,4.71.210.237,66.9
132.239.17.224,4.71.210.237,67.0
132.239.17.224,4.71.210.237,66.9
132.239.17.224,4.71.210.237,66.9
132.239.17.224,4.71.210.237,67.0
132.239.17.224,4.71.210.237,67.0
132.239.17.224,4.71.210.237,66.9
132.239.17.224,4.71.210.237,66.9
132.239.17.224,4.71.210.237,66.9
132.239.17.224,4.71.210.237,66.9
132.239.17.224,4.71.210.237,66.9
132.239.17.224,4.71.210.237,66.9
132.239.17.224,4.71.210.237,66.9
132.239.17.224,4.71.210.237,66.9
132.239.17.224,4.71.210.237,66.9
132.239.17.224,4.71.210.237,66.9
132.239.17.224,4.71.210.237,66.9
132.239.17.224,4.71.210.237,67.0
132.239.17.224,4.71.210.237,66.9
132.239.17.224,4.71.210.237,67.0
132.239.17.224,4.71.210.237,66.9
132.239.17.224,4.71.210.237,66.9
132.239.17.224,4.71.210.237,66.9
132.239.17.224,4.71.210.237,66.9
132.239.17.224,4.71.210.237,66.9
132.239.17.224,4.71.210.237,66.9
132.239.17.224,4.71.210.237,66.9
132.239.17.224,4.71.210.237,66.9
132.239.17.224,4.71.210.237,67.0
132.239.17.224,4.71.210.237,66.9
132.239.17.224,4.71.210.237,66.9
132.239.17.224,4.71.210.237,66.9
132.239.17.224,4.71.210.237,66.9
132.239.17.224,4.71.210.237,66.9
132.239.17.224,4.71.210.237,66.9
132.239.17.224,4.71.210.237,66.9
132.239.17.224,4.71.210.237,66.9
132.239.17.224,4.71.210.237,67.0
132.239.17.224,4.71.210.237,66.9
132.239.17.224,4.71.210.237,66.9
132.239.17.224,4.71.210.237,66.9
132.239.17.224,4.71.210.237,66.9
132.239.17.224,4.71.210.237,66.9
132.239.17.224,4.71.210.237,66.9
132.239.17.224,4.71.210.237,66.9
132.239.17.224,4.71.210.237,66.9
132.239.17.224,4.71.210.237,66.9
132.239.17.224,4.71.210.237,66.9
132.239.17.224,4.71.210.237,66.9
132.239.17.224,4.71.210.237,66.9
132.239.17.224,4.71.210.237,66.9
132.239.17.224,4.71.210.237,66.9
132.239.17.224,4.71.210.237,66.9
132.239.17.224,4.71.210.237,66.9
132.239.17.224,4.71.210.237,66.9
132.239.17.224,4.71.210.237,66.9
132.239.17.224,4.71.210.237,66.9
132.239.17.224,4.71.210.237,66.9
132.239.17.224,4.71.210.237,66.9
132.239.17.224,4.71.210.237,66.9
132.239.17.224,4.71.210.237,66.9
132.239.17.224,4.71.210.237,66.9
132.239.17.224,4.71.210.237,66.9
132.239.17.224,4.71.210.237,66.9
132.239.17.224,4.71.210.237,66.9
132.239.17.224,4.71.210.237,67.0
132.239.17.224,4.71.210.237,66.9
132.239.17.224,4.71.210.237,66.9
132.239.17.224,4.71.210.237,66.9
132.239.17.224,4.71.210.237,66.9
132.239.17.224,4.71.210.237,67.0
132.239.17.224,4.71.210.237,66.9
132.239.17.224,4.71.210.237,66.9
132.239.17.224,4.71.210.237,66.9
132.239.17.224,4.71.210.237,66.9
132.239.17.224,4.71.210.237,66.9
132.239.17.224,4.71.210.237,66.9
132.239.17.224,4.71.210.237,66.9
132.239.17.224,4.71.210.237,66.9
132.239.17.224,4.71.210.237,66.9
132.239.17.224,4.71.210.237,66.9
132.239.17.224,4.71.210.237,66.9
132.239.17.224,4.71.210.237,66.9
132.239.17.224,4.71.210.237,67.0
132.239.17.224,4.71.210.237,66.9
132.239.17.224,4.71.210.237,66.9
132.239.17.224,4.71.210.237,67.0
132.239.17.224,4.71.210.237,66.9
132.239.17.224,4.71.210.237,66.9
132.239.17.224,4.71.210.237,66.9
132.239.17.224,4.71.210.237,67.0
132.239.17.224,4.71.210.237,66.9
132.239.17.224,4.71.210.237,66.9
132.239.17.224,4.71.210.237,66.9
132.239.17.224,4.71.210.237,66.9
132.239.17.224,4.71.210.237,66.9
132.239.17.224,4.71.210.237,66.9
132.239.17.224,4.71.210.237,67.0
132.239.17.224,4.71.210.237,66.9
132.239.17.224,4.71.210.237,66.9
132.239.17.224,4.71.210.237,66.9
132.239.17.224,4.71.210.237,66.9
132.239.17.224,4.71.210.237,67.0
132.239.17.224,4.71.210.237,66.9
132.239.17.224,4.71.210.237,66.9
132.239.17.224,4.71.210.237,66.9
132.239.17.224,4.71.210.237,66.9
132.239.17.224,4.71.210.237,66.9
132.239.17.224,4.71.210.237,66.9
132.239.17.224,4.71.210.237,66.9
132.239.17.224,4.71.210.237,66.9
132.239.17.224,4.71.210.237,66.9
132.239.17.224,4.71.210.237,66.9
132.239.17.224,4.71.210.237,66.9
132.239.17.224,4.71.210.237,66.9
132.239.17.224,4.71.210.237,66.9
132.239.17.224,4.71.210.237,66.9
132.239.17.224,4.71.210.237,66.9
132.239.17.224,4.71.210.237,67.0
132.239.17.224,4.71.210.237,67.0
132.239.17.224,4.71.210.237,66.9
132.239.17.224,4.71.210.237,66.9
132.239.17.224,4.71.210.237,66.9
132.239.17.224,4.71.210.237,66.9
132.239.17.224,4.71.210.237,66.9
132.239.17.224,4.71.210.237,67.0
132.239.17.224,4.71.210.237,66.9
132.239.17.224,4.71.210.237,67.0
132.239.17.224,4.71.210.237,66.9
132.239.17.224,4.71.210.237,66.9
132.239.17.224,4.71.210.237,66.9
132.239.17.224,4.71.210.237,66.9
132.239.17.224,4.71.210.237,66.9
132.239.17.224,4.71.210.237,66.9
132.239.17.224,4.71.210.237,66.9
132.239.17.224,4.71.210.237,66.9
132.239.17.224,4.71.210.237,66.9
132.239.17.224,4.71.210.237,67.0
132.239.17.224,4.71.210.237,66.9
132.239.17.224,4.71.210.237,67.0
132.239.17.224,4.71.210.237,66.9
132.239.17.224,4.71.210.237,67.0
132.239.17.224,4.71.210.237,66.9
132.239.17.224,4.71.210.237,66.9
132.239.17.224,4.71.210.237,66.9
132.239.17.224,4.71.210.237,66.9
132.239.17.224,4.71.210.237,66.9
132.239.17.224,4.71.210.237,66.9
132.239.17.224,4.71.210.237,66.9
132.239.17.224,4.71.210.237,67.0
132.239.17.224,4.71.210.237,66.9
132.239.17.224,4.71.210.237,66.9
132.239.17.224,4.71.210.237,67.0
132.239.17.224,4.71.210.237,66.9
132.239.17.224,4.71.210.237,66.9
132.239.17.224,4.71.210.237,66.9
132.239.17.224,4.71.210.237,66.9
132.239.17.224,4.71.210.237,66.9
132.239.17.224,4.71.210.237,66.9
132.239.17.224,4.71.210.237,66.9
132.239.17.224,4.71.210.237,66.9
132.239.17.224,4.71.210.237,66.9
132.239.17.224,4.71.210.237,66.9
132.239.17.224,4.71.210.237,66.9
132.239.17.224,4.71.210.237,66.9
132.239.17.224,4.71.210.237,67.0
132.239.17.224,4.71.210.237,66.9
132.239.17.224,4.71.210.237,66.9
132.239.17.224,4.71.210.237,66.9
132.239.17.224,4.71.210.237,66.9
132.239.17.224,4.71.210.237,66.9
132.239.17.224,4.71.210.237,66.9
132.239.17.224,4.71.210.237,66.9
132.239.17.224,4.71.210.237,66.9
132.239.17.224,4.71.210.237,67.0
132.239.17.224,4.71.210.237,67.0
132.239.17.224,4.71.210.237,66.9
132.239.17.224,4.71.210.237,67.0
132.239.17.224,4.71.210.237,66.9
132.239.17.224,4.71.210.237,67.0
132.239.17.224,4.71.210.237,66.9
132.239.17.224,4.71.210.237,66.9
132.239.17.224,4.71.210.237,66.9
132.239.17.224,4.71.210.237,66.9
132.239.17.224,4.71.210.237,66.9
132.239.17.224,4.71.210.237,67.0
132.239.17.224,4.71.210.237,66.9
132.239.17.224,4.71.210.237,66.9
132.239.17.224,4.71.210.237,66.9
132.239.17.224,4.71.210.237,66.9
132.239.17.224,4.71.210.237,66.9
132.239.17.224,4.71.210.237,66.9
132.239.17.224,4.71.210.237,66.9
132.239.17.224,4.71.210.237,66.9
132.239.17.224,4.71.210.237,66.9
132.239.17.224,4.71.210.237,67.0
132.239.17.224,4.71.210.237,66.9
132.239.17.224,4.71.210.237,67.0
132.239.17.224,4.71.210.237,66.9
132.239.17.224,4.71.210.237,66.9
132.239.17.224,4.71.210.237,66.9
132.239.17.224,4.71.210.237,66.9
132.239.17.224,4.71.210.237,66.9
132.239.17.224,4.71.210.237,66.9
132.239.17.224,4.71.210.237,66.9
132.239.17.224,4.71.210.237,66.9
132.239.17.224,4.71.210.237,66.9
132.239.17.224,4.71.210.237,66.9
132.239.17.224,4.71.210.237,66.9
132.239.17.224,4.71.210.237,66.9
132.239.17.224,4.71.210.237,66.9
132.239.17.224,4.71.210.237,66.9
132.239.17.224,4.71.210.237,66.9
132.239.17.224,4.71.210.237,66.9
132.239.17.224,4.71.210.237,66.9
132.239.17.224,4.71.210.237,66.9
132.239.17.224,4.71.210.237,66.9
132.239.17.224,4.71.210.237,66.9
132.239.17.224,4.71.210.237,66.9
132.239.17.224,4.71.210.237,66.9
132.239.17.224,4.71.210.237,66.9
132.239.17.224,4.71.210.237,67.0
132.239.17.224,4.71.210.237,66.9
132.239.17.224,4.71.210.237,66.9
132.239.17.224,4.71.210.237,66.9
132.239.17.224,4.71.210.237,66.9
132.239.17.224,4.71.210.237,66.9
132.239.17.224,4.71.210.237,66.9
132.239.17.224,4.71.210.237,66.9
132.239.17.224,4.71.210.237,66.9
132.239.17.224,4.71.210.237,67.0
132.239.17.224,4.71.210.237,66.9
132.239.17.224,4.71.210.237,66.9
132.239.17.224,4.71.210.237,66.9
132.239.17.224,4.71.210.237,66.9
132.239.17.224,4.71.210.237,66.9
132.239.17.224,4.71.210.237,66.9
132.239.17.224,4.71.210.237,66.9
132.239.17.224,4.71.210.237,66.9
132.239.17.224,4.71.210.237,66.9
132.239.17.224,4.71.210.237,66.9
132.239.17.224,4.71.210.237,66.9
132.239.17.224,4.71.210.237,67.0
132.239.17.224,4.71.210.237,66.9
132.239.17.224,4.71.210.237,66.9
132.239.17.224,4.71.210.237,66.9
132.239.17.224,4.71.210.237,66.9
132.239.17.224,4.71.210.237,66.9
132.239.17.224,4.71.210.237,66.9
132.239.17.224,4.71.210.237,66.9
132.239.17.224,4.71.210.237,66.9
132.239.17.224,4.71.210.237,66.9
132.239.17.224,4.71.210.237,67.0
132.239.17.224,4.71.210.237,66.9
132.239.17.224,4.71.210.237,66.9
132.239.17.224,4.71.210.237,66.9
132.239.17.224,4.71.210.237,66.9
132.239.17.224,4.71.210.237,66.9
132.239.17.224,4.71.210.237,66.9
132.239.17.224,4.71.210.237,66.9
132.239.17.224,4.71.210.237,66.9
132.239.17.224,4.71.210.237,66.9
132.239.17.224,4.71.210.237,66.9
132.239.17.224,4.71.210.237,66.9
132.239.17.224,4.71.210.237,66.9
132.239.17.224,4.71.210.237,66.9
132.239.17.224,4.71.210.237,66.9
132.239.17.224,4.71.210.237,66.9
132.239.17.224,4.71.210.237,66.9
132.239.17.224,4.71.210.237,66.9
132.239.17.224,4.71.210.237,66.9
132.239.17.224,4.71.210.237,66.9
132.239.17.224,4.71.210.237,66.9
132.239.17.224,4.71.210.237,66.9
132.239.17.224,4.71.210.237,67.0
132.239.17.224,4.71.210.237,66.9
132.239.17.224,4.71.210.237,66.9
132.239.17.224,4.71.210.237,67.0
132.239.17.224,4.71.210.237,66.9
132.239.17.224,4.71.210.237,67.0
132.239.17.224,4.71.210.237,66.9
132.239.17.224,4.71.210.237,66.9
132.239.17.224,4.71.210.237,66.9
132.239.17.224,4.71.210.237,66.9
132.239.17.224,4.71.210.237,66.9
132.239.17.224,4.71.210.237,66.9
132.239.17.224,4.71.210.237,66.9
132.239.17.224,4.71.210.237,66.9
132.239.17.224,4.71.210.237,67.0
132.239.17.224,4.71.210.237,67.0
132.239.17.224,4.71.210.237,66.9
132.239.17.224,4.71.210.237,66.9
132.239.17.224,4.71.210.237,66.9
132.239.17.224,4.71.210.237,66.9
132.239.17.224,4.71.210.237,66.9
132.239.17.224,4.71.210.237,66.9
132.239.17.224,4.71.210.237,67.0
132.239.17.224,4.71.210.237,66.9
132.239.17.224,4.71.210.237,66.9
132.239.17.224,4.71.210.237,67.0
132.239.17.224,4.71.210.237,66.9
132.239.17.224,4.71.210.237,67.0
132.239.17.224,4.71.210.237,66.9
132.239.17.224,4.71.210.237,66.9
132.239.17.224,4.71.210.237,66.9
132.239.17.224,4.71.210.237,66.9
132.239.17.224,4.71.210.237,66.9
132.239.17.224,4.71.210.237,66.9
132.239.17.224,4.71.210.237,66.9
132.239.17.224,4.71.210.237,66.9
132.239.17.224,4.71.210.237,67.0
132.239.17.224,4.71.210.237,66.9
132.239.17.224,4.71.210.237,66.9
132.239.17.224,4.71.210.237,66.9
132.239.17.224,4.71.210.237,66.9
132.239.17.224,4.71.210.237,66.9
132.239.17.224,4.71.210.237,66.9
132.239.17.224,4.71.210.237,66.9
132.239.17.224,4.71.210.237,66.9
132.239.17.224,4.71.210.237,66.9
132.239.17.224,4.71.210.237,67.0
132.239.17.224,4.71.210.237,66.9
132.239.17.224,4.71.210.237,66.9
132.239.17.224,4.71.210.237,67.0
132.239.17.224,4.71.210.237,66.9
132.239.17.224,4.71.210.237,66.9
132.239.17.224,4.71.210.237,66.9
132.239.17.224,4.71.210.237,66.9
132.239.17.224,4.71.210.237,66.9
132.239.17.224,4.71.210.237,67.0
132.239.17.224,4.71.210.237,66.9
132.239.17.224,4.71.210.237,66.9
132.239.17.224,4.71.210.237,66.9
132.239.17.224,4.71.210.237,67.0
132.239.17.224,4.71.210.237,66.9
132.239.17.224,4.71.210.237,66.9
132.239.17.224,4.71.210.237,67.0
132.239.17.224,4.71.210.237,66.9
132.239.17.224,4.71.210.237,67.0
132.239.17.224,4.71.210.237,66.9
132.239.17.224,4.71.210.237,66.9
132.239.17.224,4.71.210.237,66.9
132.239.17.224,4.71.210.237,66.9
132.239.17.224,4.71.210.237,66.9
132.239.17.224,4.71.210.237,66.9
132.239.17.224,4.71.210.237,66.9
132.239.17.224,4.71.210.237,66.9
132.239.17.224,4.71.210.237,66.9
132.239.17.224,4.71.210.237,66.9
132.239.17.224,4.71.210.237,66.9
132.239.17.224,4.71.210.237,66.9
132.239.17.224,4.71.210.237,66.9
132.239.17.224,4.71.210.237,66.9
132.239.17.224,4.71.210.237,66.9
132.239.17.224,4.71.210.237,66.9
132.239.17.224,4.71.210.237,66.9
132.239.17.224,4.71.210.237,66.9
132.239.17.224,4.71.210.237,66.9
132.239.17.224,4.71.210.237,66.9
132.239.17.224,4.71.210.237,66.9
132.239.17.224,4.71.210.237,66.9
132.239.17.224,4.71.210.237,67.0
132.239.17.224,4.71.210.237,67.0
132.239.17.224,4.71.210.237,66.9
132.239.17.224,4.71.210.237,66.9
132.239.17.224,4.71.210.237,67.0
132.239.17.224,4.71.210.237,66.9
132.239.17.224,4.71.210.237,66.9
132.239.17.224,4.71.210.237,66.9
132.239.17.224,4.71.210.237,66.9
132.239.17.224,4.71.210.237,66.9
132.239.17.224,4.71.210.237,67.0
132.239.17.224,4.71.210.237,66.9
132.239.17.224,4.71.210.237,67.0
132.239.17.224,4.71.210.237,66.9
132.239.17.224,4.71.210.237,67.0
132.239.17.224,4.71.210.237,66.9
132.239.17.224,4.71.210.237,66.9
132.239.17.224,4.71.210.237,66.9
132.239.17.224,4.71.210.237,66.9
132.239.17.224,4.71.210.237,66.9
132.239.17.224,4.71.210.237,66.9
132.239.17.224,4.71.210.237,66.9
132.239.17.224,4.71.210.237,66.9
132.239.17.224,4.71.210.237,66.9
132.239.17.224,4.71.210.237,66.9
132.239.17.224,4.71.210.237,66.9
132.239.17.224,4.71.210.237,66.9
132.239.17.224,4.71.210.237,66.9
132.239.17.224,4.71.210.237,66.9
132.239.17.224,4.71.210.237,66.9
132.239.17.224,4.71.210.237,66.9
132.239.17.224,4.71.210.237,67.0
132.239.17.224,4.71.210.237,67.0
132.239.17.224,4.71.210.237,66.9
132.239.17.224,4.71.210.237,66.9
132.239.17.224,4.71.210.237,66.9
132.239.17.224,4.71.210.237,66.9
132.239.17.224,4.71.210.237,66.9
132.239.17.224,4.71.210.237,66.9
132.239.17.224,4.71.210.237,66.9
132.239.17.224,4.71.210.237,66.9
132.239.17.224,4.71.210.237,66.9
132.239.17.224,4.71.210.237,66.9
132.239.17.224,4.71.210.237,66.9
132.239.17.224,4.71.210.237,66.9
132.239.17.224,4.71.210.237,66.9
132.239.17.224,4.71.210.237,66.9
132.239.17.224,4.71.210.237,66.9
132.239.17.224,4.71.210.237,66.9
132.239.17.224,4.71.210.237,66.9
132.239.17.224,4.71.210.237,67.0
132.239.17.224,4.71.210.237,66.9
132.239.17.224,4.71.210.237,66.9
132.239.17.224,4.71.210.237,66.9
132.239.17.224,4.71.210.237,66.9
132.239.17.224,4.71.210.237,66.9
132.239.17.224,4.71.210.237,66.9
132.239.17.224,4.71.210.237,66.9
132.239.17.224,4.71.210.237,66.9
132.239.17.224,4.71.210.237,66.9
132.239.17.224,4.71.210.237,67.0
132.239.17.224,4.71.210.237,66.9
132.239.17.224,4.71.210.237,66.9
132.239.17.224,4.71.210.237,67.0
132.239.17.224,4.71.210.237,66.9
132.239.17.224,4.71.210.237,67.0
132.239.17.224,4.71.210.237,66.9
132.239.17.224,4.71.210.237,66.9
132.239.17.224,4.71.210.237,66.9
132.239.17.224,4.71.210.237,67.0
132.239.17.224,4.71.210.237,66.9
132.239.17.224,4.71.210.237,67.0
132.239.17.224,4.71.210.237,66.9
132.239.17.224,4.71.210.237,67.0
132.239.17.224,4.71.210.237,67.0
132.239.17.224,4.71.210.237,67.0
132.239.17.224,4.71.210.237,67.0
132.239.17.224,4.71.210.237,66.9
132.239.17.224,4.71.210.237,66.9
132.239.17.224,4.71.210.237,67.0
132.239.17.224,4.71.210.237,66.9
132.239.17.224,4.71.210.237,67.0
132.239.17.224,4.71.210.237,66.9
132.239.17.224,4.71.210.237,66.9
132.239.17.224,4.71.210.237,66.9
132.239.17.224,4.71.210.237,66.9
132.239.17.224,4.71.210.237,66.9
132.239.17.224,4.71.210.237,66.9
132.239.17.224,4.71.210.237,67.0
132.239.17.224,4.71.210.237,67.0
132.239.17.224,4.71.210.237,66.9
132.239.17.224,4.71.210.237,67.0
132.239.17.224,4.71.210.237,66.9
132.239.17.224,4.71.210.237,66.9
132.239.17.224,4.71.210.237,66.9
132.239.17.224,4.71.210.237,66.9
132.239.17.224,4.71.210.237,66.9
132.239.17.224,4.71.210.237,66.9
132.239.17.224,4.71.210.237,66.9
132.239.17.224,4.71.210.237,67.0
132.239.17.224,4.71.210.237,67.0
132.239.17.224,4.71.210.237,66.9
132.239.17.224,4.71.210.237,66.9
132.239.17.224,4.71.210.237,66.9
132.239.17.224,4.71.210.237,67.0
132.239.17.224,4.71.210.237,66.9
132.239.17.224,4.71.210.237,66.9
132.239.17.224,4.71.210.237,67.0
132.239.17.224,4.71.210.237,66.9
132.239.17.224,4.71.210.237,66.9
132.239.17.224,4.71.210.237,67.0
132.239.17.224,4.71.210.237,66.9
132.239.17.224,4.71.210.237,67.2
132.239.17.224,4.71.210.237,66.9
132.239.17.224,4.71.210.237,66.9
132.239.17.224,4.71.210.237,67.0
132.239.17.224,4.71.210.237,66.9
132.239.17.224,4.71.210.237,67.0
132.239.17.224,4.71.210.237,66.9
132.239.17.224,4.71.210.237,67.1
132.239.17.224,4.71.210.237,66.9
132.239.17.224,4.71.210.237,66.9
132.239.17.224,4.71.210.237,66.9
132.239.17.224,4.71.210.237,67.5
132.239.17.224,4.71.210.237,66.9
132.239.17.224,4.71.210.237,66.9
132.239.17.224,4.71.210.237,66.9
132.239.17.224,4.71.210.237,66.9
132.239.17.224,4.71.210.237,66.9
132.239.17.224,4.71.210.237,66.9
132.239.17.224,4.71.210.237,66.9
132.239.17.224,4.71.210.237,66.9
132.239.17.224,4.71.210.237,67.0
132.239.17.224,4.71.210.237,66.9
132.239.17.224,4.71.210.237,66.9
132.239.17.224,4.71.210.237,66.9
132.239.17.224,4.71.210.237,66.9
132.239.17.224,4.71.210.237,66.9
132.239.17.224,4.71.210.237,66.9
132.239.17.224,4.71.210.237,67.0
132.239.17.224,4.71.210.237,66.9
132.239.17.224,4.71.210.237,66.9
132.239.17.224,4.71.210.237,66.9
132.239.17.224,4.71.210.237,66.9
132.239.17.224,4.71.210.237,66.9
132.239.17.224,4.71.210.237,66.9
132.239.17.224,4.71.210.237,66.9
132.239.17.224,4.71.210.237,66.9
132.239.17.224,4.71.210.237,66.9
132.239.17.224,4.71.210.237,66.9
132.239.17.224,4.71.210.237,66.9
132.239.17.224,4.71.210.237,66.9
132.239.17.224,4.71.210.237,66.9
132.239.17.224,4.71.210.237,66.9
132.239.17.224,4.71.210.237,66.9
132.239.17.224,4.71.210.237,66.9
132.239.17.224,4.71.210.237,66.9
132.239.17.224,4.71.210.237,66.9
132.239.17.224,4.71.210.237,66.9
132.239.17.224,4.71.210.237,66.9
132.239.17.224,4.71.210.237,67.0
132.239.17.224,4.71.210.237,66.9
132.239.17.224,4.71.210.237,66.9
132.239.17.224,4.71.210.237,67.0
132.239.17.224,4.71.210.237,66.9
132.239.17.224,4.71.210.237,66.9
132.239.17.224,4.71.210.237,66.9
132.239.17.224,4.71.210.237,66.9
132.239.17.224,4.71.210.237,66.9
132.239.17.224,4.71.210.237,66.9
132.239.17.224,4.71.210.237,66.9
132.239.17.224,4.71.210.237,66.9
132.239.17.224,4.71.210.237,66.9
132.239.17.224,4.71.210.237,66.9
132.239.17.224,4.71.210.237,67.0
132.239.17.224,4.71.210.237,66.9
132.239.17.224,4.71.210.237,66.9
132.239.17.224,4.71.210.237,66.9
132.239.17.224,4.71.210.237,66.9
132.239.17.224,4.71.210.237,66.9
132.239.17.224,4.71.210.237,66.9
132.239.17.224,4.71.210.237,66.9
132.239.17.224,4.71.210.237,66.9
132.239.17.224,4.71.210.237,66.9
132.239.17.224,4.71.210.237,67.0
132.239.17.224,4.71.210.237,66.9
132.239.17.224,4.71.210.237,66.9
132.239.17.224,4.71.210.237,66.9
132.239.17.224,4.71.210.237,66.9
132.239.17.224,4.71.210.237,66.9
132.239.17.224,4.71.210.237,66.9
132.239.17.224,4.71.210.237,67.0
132.239.17.224,4.71.210.237,66.9
132.239.17.224,4.71.210.237,66.9
132.239.17.224,4.71.210.237,66.9
132.239.17.224,4.71.210.237,66.9
132.239.17.224,4.71.210.237,66.9
132.239.17.224,4.71.210.237,66.9
132.239.17.224,4.71.210.237,66.9
132.239.17.224,4.71.210.237,67.0
132.239.17.224,4.71.210.237,66.9
132.239.17.224,4.71.210.237,66.9
132.239.17.224,4.71.210.237,66.9
132.239.17.224,4.71.210.237,66.9
132.239.17.224,4.71.210.237,66.9
132.239.17.224,4.71.210.237,66.9
132.239.17.224,4.71.210.237,66.9
132.239.17.224,4.71.210.237,66.9
132.239.17.224,4.71.210.237,66.9
132.239.17.224,4.71.210.237,67.0
132.239.17.224,4.71.210.237,66.9
132.239.17.224,4.71.210.237,66.9
132.239.17.224,4.71.210.237,66.9
132.239.17.224,4.71.210.237,66.9
132.239.17.224,4.71.210.237,66.9
132.239.17.224,4.71.210.237,66.9
132.239.17.224,4.71.210.237,66.9
132.239.17.224,4.71.210.237,66.9
132.239.17.224,4.71.210.237,66.9
132.239.17.224,4.71.210.237,66.9
132.239.17.224,4.71.210.237,66.9
132.239.17.224,4.71.210.237,66.9
132.239.17.224,4.71.210.237,66.9
132.239.17.224,4.71.210.237,66.9
132.239.17.224,4.71.210.237,66.9
132.239.17.224,4.71.210.237,66.9
132.239.17.224,4.71.210.237,66.9
132.239.17.224,4.71.210.237,66.9
132.239.17.224,4.71.210.237,66.9
132.239.17.224,4.71.210.237,66.9
132.239.17.224,4.71.210.237,66.9
132.239.17.224,4.71.210.237,66.9
132.239.17.224,4.71.210.237,66.9
132.239.17.224,4.71.210.237,67.0
132.239.17.224,4.71.210.237,66.9
132.239.17.224,4.71.210.237,66.9
132.239.17.224,4.71.210.237,66.9
132.239.17.224,4.71.210.237,67.0
132.239.17.224,4.71.210.237,66.9
132.239.17.224,4.71.210.237,66.9
132.239.17.224,4.71.210.237,66.9
132.239.17.224,4.71.210.237,66.9
132.239.17.224,4.71.210.237,66.9
132.239.17.224,4.71.210.237,66.9
132.239.17.224,4.71.210.237,66.9
132.239.17.224,4.71.210.237,66.9
132.239.17.224,4.71.210.237,66.9
132.239.17.224,4.71.210.237,66.9
132.239.17.224,4.71.210.237,66.9
132.239.17.224,4.71.210.237,67.0
132.239.17.224,4.71.210.237,66.9
132.239.17.224,4.71.210.237,66.9
132.239.17.224,4.71.210.237,66.9
132.239.17.224,4.71.210.237,66.9
132.239.17.224,4.71.210.237,66.9
132.239.17.224,4.71.210.237,66.9
132.239.17.224,4.71.210.237,67.0
132.239.17.224,4.71.210.237,66.9
132.239.17.224,4.71.210.237,66.9
132.239.17.224,4.71.210.237,66.9
132.239.17.224,4.71.210.237,66.9
132.239.17.224,4.71.210.237,67.0
132.239.17.224,4.71.210.237,67.0
132.239.17.224,4.71.210.237,66.9
132.239.17.224,4.71.210.237,66.9
132.239.17.224,4.71.210.237,66.9
132.239.17.224,4.71.210.237,66.9
132.239.17.224,4.71.210.237,66.9
132.239.17.224,4.71.210.237,66.9
132.239.17.224,4.71.210.237,66.9
132.239.17.224,4.71.210.237,67.1
132.239.17.224,4.71.210.237,67.0
132.239.17.224,4.71.210.237,66.9
132.239.17.224,4.71.210.237,66.9
132.239.17.224,4.71.210.237,67.0
132.239.17.224,4.71.210.237,67.0
132.239.17.224,4.71.210.237,67.0
132.239.17.224,4.71.210.237,66.9
132.239.17.224,4.71.210.237,66.9
132.239.17.224,4.71.210.237,66.9
132.239.17.224,4.71.210.237,66.9
132.239.17.224,4.71.210.237,66.9
132.239.17.224,4.71.210.237,66.9
132.239.17.224,4.71.210.237,66.8
132.239.17.224,4.71.210.237,66.9
132.239.17.224,4.71.210.237,66.9
132.239.17.224,4.71.210.237,66.9
132.239.17.224,4.71.210.237,66.9
132.239.17.224,4.71.210.237,66.9
132.239.17.224,4.71.210.237,66.9
132.239.17.224,4.71.210.237,66.9
132.239.17.224,4.71.210.237,66.9
132.239.17.224,4.71.210.237,66.9
132.239.17.224,4.71.210.237,66.9
132.239.17.224,4.71.210.237,66.9
132.239.17.224,4.71.210.237,67.0
132.239.17.224,4.71.210.237,66.9
132.239.17.224,4.71.210.237,67.0
132.239.17.224,4.71.210.237,66.9
132.239.17.224,4.71.210.237,66.9
132.239.17.224,4.71.210.237,66.9
132.239.17.224,4.71.210.237,66.9
132.239.17.224,4.71.210.237,66.9
132.239.17.224,4.71.210.237,66.9
132.239.17.224,4.71.210.237,66.9
132.239.17.224,4.71.210.237,66.9
132.239.17.224,4.71.210.237,66.9
132.239.17.224,4.71.210.237,67.0
132.239.17.224,4.71.210.237,66.9
132.239.17.224,4.71.210.237,66.9
132.239.17.224,4.71.210.237,66.9
132.239.17.224,4.71.210.237,66.9
132.239.17.224,4.71.210.237,66.9
132.239.17.224,4.71.210.237,66.9
132.239.17.224,4.71.210.237,66.9
132.239.17.224,4.71.210.237,66.9
132.239.17.224,4.71.210.237,66.9
132.239.17.224,4.71.210.237,66.9
132.239.17.224,4.71.210.237,67.0
132.239.17.224,4.71.210.237,66.9
132.239.17.224,4.71.210.237,66.9
132.239.17.224,4.71.210.237,66.9
132.239.17.224,4.71.210.237,66.9
132.239.17.224,4.71.210.237,66.9
132.239.17.224,4.71.210.237,67.0
132.239.17.224,4.71.210.237,66.9
132.239.17.224,4.71.210.237,66.9
132.239.17.224,4.71.210.237,67.0
132.239.17.224,4.71.210.237,66.9
132.239.17.224,4.71.210.237,66.9
132.239.17.224,4.71.210.237,67.0
132.239.17.224,4.71.210.237,66.9
132.239.17.224,4.71.210.237,66.9
132.239.17.224,4.71.210.237,66.9
132.239.17.224,4.71.210.237,66.9
132.239.17.224,4.71.210.237,66.9
132.239.17.224,4.71.210.237,66.9
132.239.17.224,4.71.210.237,67.0
132.239.17.224,4.71.210.237,66.9
132.239.17.224,4.71.210.237,66.9
132.239.17.224,4.71.210.237,66.9
132.239.17.224,4.71.210.237,66.9
132.239.17.224,4.71.210.237,66.9
132.239.17.224,4.71.210.237,66.9
132.239.17.224,4.71.210.237,66.9
132.239.17.224,4.71.210.237,66.9
132.239.17.224,4.71.210.237,66.9
132.239.17.224,4.71.210.237,66.9
132.239.17.224,4.71.210.237,66.9
132.239.17.224,4.71.210.237,66.9
132.239.17.224,4.71.210.237,66.9
132.239.17.224,4.71.210.237,66.9
132.239.17.224,4.71.210.237,66.9
132.239.17.224,4.71.210.237,66.9
132.239.17.224,4.71.210.237,67.1
132.239.17.224,4.71.210.237,66.9
132.239.17.224,4.71.210.237,66.9
132.239.17.224,4.71.210.237,66.9
132.239.17.224,4.71.210.237,66.9
132.239.17.224,4.71.210.237,66.9
132.239.17.224,4.71.210.237,66.9
132.239.17.224,4.71.210.237,66.9
132.239.17.224,4.71.210.237,66.9
132.239.17.224,4.71.210.237,66.9
132.239.17.224,4.71.210.237,66.9
132.239.17.224,4.71.210.237,66.9
132.239.17.224,4.71.210.237,66.9
132.239.17.224,4.71.210.237,66.9
132.239.17.224,4.71.210.237,66.9
132.239.17.224,4.71.210.237,66.9
132.239.17.224,4.71.210.237,67.0
132.239.17.224,4.71.210.237,66.9
132.239.17.224,4.71.210.237,66.9
132.239.17.224,4.71.210.237,66.9
132.239.17.224,4.71.210.237,66.9
132.239.17.224,4.71.210.237,66.9
132.239.17.224,4.71.210.237,66.9
132.239.17.224,4.71.210.237,66.9
132.239.17.224,4.71.210.237,66.9
132.239.17.224,4.71.210.237,66.9
132.239.17.224,4.71.210.237,66.9
132.239.17.224,4.71.210.237,66.9
132.239.17.224,4.71.210.237,66.9
132.239.17.224,4.71.210.237,67.0
132.239.17.224,4.71.210.237,66.9
132.239.17.224,4.71.210.237,66.9
132.239.17.224,4.71.210.237,67.0
132.239.17.224,4.71.210.237,67.0
132.239.17.224,4.71.210.237,66.9
132.239.17.224,4.71.210.237,66.9
132.239.17.224,4.71.210.237,66.9
132.239.17.224,4.71.210.237,67.0
132.239.17.224,4.71.210.237,66.9
132.239.17.224,4.71.210.237,66.9
132.239.17.224,4.71.210.237,66.9
132.239.17.224,4.71.210.237,66.9
132.239.17.224,4.71.210.237,66.9
132.239.17.224,4.71.210.237,66.9
132.239.17.224,4.71.210.237,66.9
132.239.17.224,4.71.210.237,66.9
132.239.17.224,4.71.210.237,66.9
132.239.17.224,4.71.210.237,67.0
132.239.17.224,4.71.210.237,66.9
132.239.17.224,4.71.210.237,66.9
132.239.17.224,4.71.210.237,66.9
132.239.17.224,4.71.210.237,66.9
132.239.17.224,4.71.210.237,66.9
132.239.17.224,4.71.210.237,66.9
132.239.17.224,4.71.210.237,67.0
132.239.17.224,4.71.210.237,66.9
132.239.17.224,4.71.210.237,66.9
132.239.17.224,4.71.210.237,66.9
132.239.17.224,4.71.210.237,66.9
132.239.17.224,4.71.210.237,66.9
132.239.17.224,4.71.210.237,66.9
132.239.17.224,4.71.210.237,66.9
132.239.17.224,4.71.210.237,66.9
132.239.17.224,4.71.210.237,66.9
132.239.17.224,4.71.210.237,66.9
132.239.17.224,4.71.210.237,66.9
132.239.17.224,4.71.210.237,66.9
132.239.17.224,4.71.210.237,66.9
132.239.17.224,4.71.210.237,66.9
132.239.17.224,4.71.210.237,66.9
132.239.17.224,4.71.210.237,66.9
132.239.17.224,4.71.210.237,66.9
132.239.17.224,4.71.210.237,67.0
132.239.17.224,4.71.210.237,66.9
132.239.17.224,4.71.210.237,66.9
132.239.17.224,4.71.210.237,66.9
132.239.17.224,4.71.210.237,66.9
132.239.17.224,4.71.210.237,66.9
132.239.17.224,4.71.210.237,67.0
132.239.17.224,4.71.210.237,67.0
132.239.17.224,4.71.210.237,67.0
132.239.17.224,4.71.210.237,67.0
132.239.17.224,4.71.210.237,66.9
132.239.17.224,4.71.210.237,66.9
132.239.17.224,4.71.210.237,66.9
132.239.17.224,4.71.210.237,66.9
132.239.17.224,4.71.210.237,66.9
132.239.17.224,4.71.210.237,66.9
132.239.17.224,4.71.210.237,67.0
132.239.17.224,4.71.210.237,66.9
132.239.17.224,4.71.210.237,66.9
132.239.17.224,4.71.210.237,66.9
132.239.17.224,4.71.210.237,66.9
132.239.17.224,4.71.210.237,66.9
132.239.17.224,4.71.210.237,66.9
132.239.17.224,4.71.210.237,66.9
132.239.17.224,4.71.210.237,66.9
132.239.17.224,4.71.210.237,66.9
