208.94.63.194,4.71.210.237,69.0
208.94.63.194,4.71.210.237,69.1
208.94.63.194,4.71.210.237,69.0
208.94.63.194,4.71.210.237,69.0
208.94.63.194,4.71.210.237,69.0
208.94.63.194,4.71.210.237,69.1
208.94.63.194,4.71.210.237,69.2
208.94.63.194,4.71.210.237,69.0
208.94.63.194,4.71.210.237,69.0
208.94.63.194,4.71.210.237,69.0
208.94.63.194,4.71.210.237,69.0
208.94.63.194,4.71.210.237,69.2
208.94.63.194,4.71.210.237,69.0
208.94.63.194,4.71.210.237,69.0
208.94.63.194,4.71.210.237,69.0
208.94.63.194,4.71.210.237,69.0
208.94.63.194,4.71.210.237,69.1
208.94.63.194,4.71.210.237,69.1
208.94.63.194,4.71.210.237,69.1
208.94.63.194,4.71.210.237,69.0
208.94.63.194,4.71.210.237,69.0
208.94.63.194,4.71.210.237,69.0
208.94.63.194,4.71.210.237,69.0
208.94.63.194,4.71.210.237,69.1
208.94.63.194,4.71.210.237,69.0
208.94.63.194,4.71.210.237,69.0
208.94.63.194,4.71.210.237,69.0
208.94.63.194,4.71.210.237,69.0
208.94.63.194,4.71.210.237,69.0
208.94.63.194,4.71.210.237,69.0
208.94.63.194,4.71.210.237,69.0
208.94.63.194,4.71.210.237,69.0
208.94.63.194,4.71.210.237,69.0
208.94.63.194,4.71.210.237,69.1
208.94.63.194,4.71.210.237,69.0
208.94.63.194,4.71.210.237,69.1
208.94.63.194,4.71.210.237,69.0
208.94.63.194,4.71.210.237,69.0
208.94.63.194,4.71.210.237,68.9
208.94.63.194,4.71.210.237,69.0
208.94.63.194,4.71.210.237,69.0
208.94.63.194,4.71.210.237,69.1
208.94.63.194,4.71.210.237,69.0
208.94.63.194,4.71.210.237,69.0
208.94.63.194,4.71.210.237,69.0
208.94.63.194,4.71.210.237,69.0
208.94.63.194,4.71.210.237,69.0
208.94.63.194,4.71.210.237,69.1
208.94.63.194,4.71.210.237,69.0
208.94.63.194,4.71.210.237,69.0
208.94.63.194,4.71.210.237,69.0
208.94.63.194,4.71.210.237,69.0
208.94.63.194,4.71.210.237,69.0
208.94.63.194,4.71.210.237,69.0
208.94.63.194,4.71.210.237,69.1
208.94.63.194,4.71.210.237,69.1
208.94.63.194,4.71.210.237,69.0
208.94.63.194,4.71.210.237,69.0
208.94.63.194,4.71.210.237,69.0
208.94.63.194,4.71.210.237,69.1
208.94.63.194,4.71.210.237,69.0
208.94.63.194,4.71.210.237,69.0
208.94.63.194,4.71.210.237,69.0
208.94.63.194,4.71.210.237,69.1
208.94.63.194,4.71.210.237,69.2
208.94.63.194,4.71.210.237,69.1
208.94.63.194,4.71.210.237,69.0
208.94.63.194,4.71.210.237,69.0
208.94.63.194,4.71.210.237,69.0
208.94.63.194,4.71.210.237,69.0
208.94.63.194,4.71.210.237,69.0
208.94.63.194,4.71.210.237,69.0
208.94.63.194,4.71.210.237,69.0
208.94.63.194,4.71.210.237,69.3
208.94.63.194,4.71.210.237,69.1
208.94.63.194,4.71.210.237,69.0
208.94.63.194,4.71.210.237,69.0
208.94.63.194,4.71.210.237,69.0
208.94.63.194,4.71.210.237,69.0
208.94.63.194,4.71.210.237,69.0
208.94.63.194,4.71.210.237,69.0
208.94.63.194,4.71.210.237,69.0
208.94.63.194,4.71.210.237,69.0
208.94.63.194,4.71.210.237,69.0
208.94.63.194,4.71.210.237,69.0
208.94.63.194,4.71.210.237,69.0
208.94.63.194,4.71.210.237,69.0
208.94.63.194,4.71.210.237,69.0
208.94.63.194,4.71.210.237,69.0
208.94.63.194,4.71.210.237,69.1
208.94.63.194,4.71.210.237,69.0
208.94.63.194,4.71.210.237,69.0
208.94.63.194,4.71.210.237,69.2
208.94.63.194,4.71.210.237,69.1
208.94.63.194,4.71.210.237,69.0
208.94.63.194,4.71.210.237,69.0
208.94.63.194,4.71.210.237,69.1
208.94.63.194,4.71.210.237,69.0
208.94.63.194,4.71.210.237,69.0
208.94.63.194,4.71.210.237,69.0
208.94.63.194,4.71.210.237,69.0
208.94.63.194,4.71.210.237,69.0
208.94.63.194,4.71.210.237,69.0
208.94.63.194,4.71.210.237,69.0
208.94.63.194,4.71.210.237,69.0
208.94.63.194,4.71.210.237,69.0
208.94.63.194,4.71.210.237,69.1
208.94.63.194,4.71.210.237,69.0
208.94.63.194,4.71.210.237,69.0
208.94.63.194,4.71.210.237,69.0
208.94.63.194,4.71.210.237,69.0
208.94.63.194,4.71.210.237,69.0
208.94.63.194,4.71.210.237,68.9
208.94.63.194,4.71.210.237,69.1
208.94.63.194,4.71.210.237,69.0
208.94.63.194,4.71.210.237,69.0
208.94.63.194,4.71.210.237,69.0
208.94.63.194,4.71.210.237,69.0
208.94.63.194,4.71.210.237,69.0
208.94.63.194,4.71.210.237,69.1
208.94.63.194,4.71.210.237,69.0
208.94.63.194,4.71.210.237,69.0
208.94.63.194,4.71.210.237,69.0
208.94.63.194,4.71.210.237,69.0
208.94.63.194,4.71.210.237,68.9
208.94.63.194,4.71.210.237,69.0
208.94.63.194,4.71.210.237,69.2
208.94.63.194,4.71.210.237,69.0
208.94.63.194,4.71.210.237,69.0
208.94.63.194,4.71.210.237,69.0
208.94.63.194,4.71.210.237,68.9
208.94.63.194,4.71.210.237,69.0
208.94.63.194,4.71.210.237,69.0
208.94.63.194,4.71.210.237,69.0
208.94.63.194,4.71.210.237,69.0
208.94.63.194,4.71.210.237,69.0
208.94.63.194,4.71.210.237,69.0
208.94.63.194,4.71.210.237,69.0
208.94.63.194,4.71.210.237,69.0
208.94.63.194,4.71.210.237,69.0
208.94.63.194,4.71.210.237,69.0
208.94.63.194,4.71.210.237,69.1
208.94.63.194,4.71.210.237,69.0
208.94.63.194,4.71.210.237,69.0
208.94.63.194,4.71.210.237,69.1
208.94.63.194,4.71.210.237,69.0
208.94.63.194,4.71.210.237,69.0
208.94.63.194,4.71.210.237,69.0
208.94.63.194,4.71.210.237,69.0
208.94.63.194,4.71.210.237,69.1
208.94.63.194,4.71.210.237,69.0
208.94.63.194,4.71.210.237,69.0
208.94.63.194,4.71.210.237,69.0
208.94.63.194,4.71.210.237,69.0
208.94.63.194,4.71.210.237,69.1
208.94.63.194,4.71.210.237,69.0
208.94.63.194,4.71.210.237,69.1
208.94.63.194,4.71.210.237,69.0
208.94.63.194,4.71.210.237,69.0
208.94.63.194,4.71.210.237,69.0
208.94.63.194,4.71.210.237,69.0
208.94.63.194,4.71.210.237,69.0
208.94.63.194,4.71.210.237,68.9
208.94.63.194,4.71.210.237,69.0
208.94.63.194,4.71.210.237,69.0
208.94.63.194,4.71.210.237,69.1
208.94.63.194,4.71.210.237,69.0
208.94.63.194,4.71.210.237,69.0
208.94.63.194,4.71.210.237,69.0
208.94.63.194,4.71.210.237,69.0
208.94.63.194,4.71.210.237,69.1
208.94.63.194,4.71.210.237,69.0
208.94.63.194,4.71.210.237,69.2
208.94.63.194,4.71.210.237,69.0
208.94.63.194,4.71.210.237,69.0
208.94.63.194,4.71.210.237,69.0
208.94.63.194,4.71.210.237,69.0
208.94.63.194,4.71.210.237,69.0
208.94.63.194,4.71.210.237,69.0
208.94.63.194,4.71.210.237,69.0
208.94.63.194,4.71.210.237,68.9
208.94.63.194,4.71.210.237,69.0
208.94.63.194,4.71.210.237,68.9
208.94.63.194,4.71.210.237,69.0
208.94.63.194,4.71.210.237,69.0
208.94.63.194,4.71.210.237,68.9
208.94.63.194,4.71.210.237,69.0
208.94.63.194,4.71.210.237,69.0
208.94.63.194,4.71.210.237,69.0
208.94.63.194,4.71.210.237,69.0
208.94.63.194,4.71.210.237,69.0
208.94.63.194,4.71.210.237,69.0
208.94.63.194,4.71.210.237,69.1
208.94.63.194,4.71.210.237,69.0
208.94.63.194,4.71.210.237,69.0
208.94.63.194,4.71.210.237,69.0
208.94.63.194,4.71.210.237,69.0
208.94.63.194,4.71.210.237,69.0
208.94.63.194,4.71.210.237,69.0
208.94.63.194,4.71.210.237,68.9
208.94.63.194,4.71.210.237,69.1
208.94.63.194,4.71.210.237,69.0
208.94.63.194,4.71.210.237,69.2
208.94.63.194,4.71.210.237,69.0
208.94.63.194,4.71.210.237,69.0
208.94.63.194,4.71.210.237,69.0
208.94.63.194,4.71.210.237,69.1
208.94.63.194,4.71.210.237,69.0
208.94.63.194,4.71.210.237,68.9
208.94.63.194,4.71.210.237,69.1
208.94.63.194,4.71.210.237,69.0
208.94.63.194,4.71.210.237,69.0
208.94.63.194,4.71.210.237,69.0
208.94.63.194,4.71.210.237,69.0
208.94.63.194,4.71.210.237,69.0
208.94.63.194,4.71.210.237,69.0
208.94.63.194,4.71.210.237,69.0
208.94.63.194,4.71.210.237,69.1
208.94.63.194,4.71.210.237,69.0
208.94.63.194,4.71.210.237,69.1
208.94.63.194,4.71.210.237,69.0
208.94.63.194,4.71.210.237,69.0
208.94.63.194,4.71.210.237,69.1
208.94.63.194,4.71.210.237,69.0
208.94.63.194,4.71.210.237,69.1
208.94.63.194,4.71.210.237,69.1
208.94.63.194,4.71.210.237,69.0
208.94.63.194,4.71.210.237,69.0
208.94.63.194,4.71.210.237,69.0
208.94.63.194,4.71.210.237,69.1
208.94.63.194,4.71.210.237,69.0
208.94.63.194,4.71.210.237,69.0
208.94.63.194,4.71.210.237,69.0
208.94.63.194,4.71.210.237,69.1
208.94.63.194,4.71.210.237,69.0
208.94.63.194,4.71.210.237,69.0
208.94.63.194,4.71.210.237,69.1
208.94.63.194,4.71.210.237,69.0
208.94.63.194,4.71.210.237,68.9
208.94.63.194,4.71.210.237,69.0
208.94.63.194,4.71.210.237,69.0
208.94.63.194,4.71.210.237,69.0
208.94.63.194,4.71.210.237,69.1
208.94.63.194,4.71.210.237,69.2
208.94.63.194,4.71.210.237,69.3
208.94.63.194,4.71.210.237,69.0
208.94.63.194,4.71.210.237,69.0
208.94.63.194,4.71.210.237,69.1
208.94.63.194,4.71.210.237,69.2
208.94.63.194,4.71.210.237,69.0
208.94.63.194,4.71.210.237,69.0
208.94.63.194,4.71.210.237,69.0
208.94.63.194,4.71.210.237,69.1
208.94.63.194,4.71.210.237,69.0
208.94.63.194,4.71.210.237,69.2
208.94.63.194,4.71.210.237,69.1
208.94.63.194,4.71.210.237,69.2
208.94.63.194,4.71.210.237,69.0
208.94.63.194,4.71.210.237,69.0
208.94.63.194,4.71.210.237,69.0
208.94.63.194,4.71.210.237,69.2
208.94.63.194,4.71.210.237,69.1
208.94.63.194,4.71.210.237,69.0
208.94.63.194,4.71.210.237,69.0
208.94.63.194,4.71.210.237,69.0
208.94.63.194,4.71.210.237,69.0
208.94.63.194,4.71.210.237,69.1
208.94.63.194,4.71.210.237,69.0
208.94.63.194,4.71.210.237,69.0
208.94.63.194,4.71.210.237,69.0
208.94.63.194,4.71.210.237,69.0
208.94.63.194,4.71.210.237,69.0
208.94.63.194,4.71.210.237,69.0
208.94.63.194,4.71.210.237,69.0
208.94.63.194,4.71.210.237,69.1
208.94.63.194,4.71.210.237,69.0
208.94.63.194,4.71.210.237,69.1
208.94.63.194,4.71.210.237,69.0
208.94.63.194,4.71.210.237,69.0
208.94.63.194,4.71.210.237,69.1
208.94.63.194,4.71.210.237,69.0
208.94.63.194,4.71.210.237,69.1
208.94.63.194,4.71.210.237,69.0
208.94.63.194,4.71.210.237,69.1
208.94.63.194,4.71.210.237,69.0
208.94.63.194,4.71.210.237,69.0
208.94.63.194,4.71.210.237,69.0
208.94.63.194,4.71.210.237,69.1
208.94.63.194,4.71.210.237,69.0
208.94.63.194,4.71.210.237,69.1
208.94.63.194,4.71.210.237,69.1
208.94.63.194,4.71.210.237,69.0
208.94.63.194,4.71.210.237,69.0
208.94.63.194,4.71.210.237,69.1
208.94.63.194,4.71.210.237,69.0
208.94.63.194,4.71.210.237,69.1
208.94.63.194,4.71.210.237,69.0
208.94.63.194,4.71.210.237,69.0
208.94.63.194,4.71.210.237,69.1
208.94.63.194,4.71.210.237,69.1
208.94.63.194,4.71.210.237,69.0
208.94.63.194,4.71.210.237,69.1
208.94.63.194,4.71.210.237,69.0
208.94.63.194,4.71.210.237,69.1
208.94.63.194,4.71.210.237,69.1
208.94.63.194,4.71.210.237,69.0
208.94.63.194,4.71.210.237,69.0
208.94.63.194,4.71.210.237,69.0
208.94.63.194,4.71.210.237,69.0
208.94.63.194,4.71.210.237,69.0
208.94.63.194,4.71.210.237,69.0
208.94.63.194,4.71.210.237,69.0
208.94.63.194,4.71.210.237,69.0
208.94.63.194,4.71.210.237,69.1
208.94.63.194,4.71.210.237,69.1
208.94.63.194,4.71.210.237,69.0
208.94.63.194,4.71.210.237,69.0
208.94.63.194,4.71.210.237,69.2
208.94.63.194,4.71.210.237,69.2
208.94.63.194,4.71.210.237,69.0
208.94.63.194,4.71.210.237,69.1
208.94.63.194,4.71.210.237,69.0
208.94.63.194,4.71.210.237,69.0
208.94.63.194,4.71.210.237,69.0
208.94.63.194,4.71.210.237,69.0
208.94.63.194,4.71.210.237,69.0
208.94.63.194,4.71.210.237,69.0
208.94.63.194,4.71.210.237,69.0
208.94.63.194,4.71.210.237,69.0
208.94.63.194,4.71.210.237,69.0
208.94.63.194,4.71.210.237,69.4
208.94.63.194,4.71.210.237,69.0
208.94.63.194,4.71.210.237,69.0
208.94.63.194,4.71.210.237,69.0
208.94.63.194,4.71.210.237,69.2
208.94.63.194,4.71.210.237,69.0
208.94.63.194,4.71.210.237,69.0
208.94.63.194,4.71.210.237,69.0
208.94.63.194,4.71.210.237,69.1
208.94.63.194,4.71.210.237,69.1
208.94.63.194,4.71.210.237,69.0
208.94.63.194,4.71.210.237,69.0
208.94.63.194,4.71.210.237,69.1
208.94.63.194,4.71.210.237,69.0
208.94.63.194,4.71.210.237,69.0
208.94.63.194,4.71.210.237,69.0
208.94.63.194,4.71.210.237,69.1
208.94.63.194,4.71.210.237,69.0
208.94.63.194,4.71.210.237,69.0
208.94.63.194,4.71.210.237,69.0
208.94.63.194,4.71.210.237,68.9
208.94.63.194,4.71.210.237,69.0
208.94.63.194,4.71.210.237,69.2
208.94.63.194,4.71.210.237,69.1
208.94.63.194,4.71.210.237,69.0
208.94.63.194,4.71.210.237,69.0
208.94.63.194,4.71.210.237,68.9
208.94.63.194,4.71.210.237,69.0
208.94.63.194,4.71.210.237,69.0
208.94.63.194,4.71.210.237,69.0
208.94.63.194,4.71.210.237,69.0
208.94.63.194,4.71.210.237,69.1
208.94.63.194,4.71.210.237,69.0
208.94.63.194,4.71.210.237,69.0
208.94.63.194,4.71.210.237,69.1
208.94.63.194,4.71.210.237,69.0
208.94.63.194,4.71.210.237,69.1
208.94.63.194,4.71.210.237,69.0
208.94.63.194,4.71.210.237,69.0
208.94.63.194,4.71.210.237,69.0
208.94.63.194,4.71.210.237,69.0
208.94.63.194,4.71.210.237,69.1
208.94.63.194,4.71.210.237,69.0
208.94.63.194,4.71.210.237,69.3
208.94.63.194,4.71.210.237,69.0
208.94.63.194,4.71.210.237,69.0
208.94.63.194,4.71.210.237,69.1
208.94.63.194,4.71.210.237,69.0
208.94.63.194,4.71.210.237,69.0
208.94.63.194,4.71.210.237,69.0
208.94.63.194,4.71.210.237,69.1
208.94.63.194,4.71.210.237,69.0
208.94.63.194,4.71.210.237,69.0
208.94.63.194,4.71.210.237,69.0
208.94.63.194,4.71.210.237,69.0
208.94.63.194,4.71.210.237,69.1
208.94.63.194,4.71.210.237,69.1
208.94.63.194,4.71.210.237,69.0
208.94.63.194,4.71.210.237,69.0
208.94.63.194,4.71.210.237,69.0
208.94.63.194,4.71.210.237,69.0
208.94.63.194,4.71.210.237,69.1
208.94.63.194,4.71.210.237,69.0
208.94.63.194,4.71.210.237,69.0
208.94.63.194,4.71.210.237,69.2
208.94.63.194,4.71.210.237,69.1
208.94.63.194,4.71.210.237,68.9
208.94.63.194,4.71.210.237,69.1
208.94.63.194,4.71.210.237,69.0
208.94.63.194,4.71.210.237,69.0
208.94.63.194,4.71.210.237,69.1
208.94.63.194,4.71.210.237,69.0
208.94.63.194,4.71.210.237,69.0
208.94.63.194,4.71.210.237,69.1
208.94.63.194,4.71.210.237,69.0
208.94.63.194,4.71.210.237,69.1
208.94.63.194,4.71.210.237,69.0
208.94.63.194,4.71.210.237,69.1
208.94.63.194,4.71.210.237,69.0
208.94.63.194,4.71.210.237,69.0
208.94.63.194,4.71.210.237,69.0
208.94.63.194,4.71.210.237,69.0
208.94.63.194,4.71.210.237,69.0
208.94.63.194,4.71.210.237,69.2
208.94.63.194,4.71.210.237,69.1
208.94.63.194,4.71.210.237,69.0
208.94.63.194,4.71.210.237,69.0
208.94.63.194,4.71.210.237,69.1
208.94.63.194,4.71.210.237,68.9
208.94.63.194,4.71.210.237,69.1
208.94.63.194,4.71.210.237,69.0
208.94.63.194,4.71.210.237,69.0
208.94.63.194,4.71.210.237,69.0
208.94.63.194,4.71.210.237,69.1
208.94.63.194,4.71.210.237,69.0
208.94.63.194,4.71.210.237,69.1
208.94.63.194,4.71.210.237,69.1
208.94.63.194,4.71.210.237,69.0
208.94.63.194,4.71.210.237,69.0
208.94.63.194,4.71.210.237,69.0
208.94.63.194,4.71.210.237,69.0
208.94.63.194,4.71.210.237,69.0
208.94.63.194,4.71.210.237,69.0
208.94.63.194,4.71.210.237,69.0
208.94.63.194,4.71.210.237,69.0
208.94.63.194,4.71.210.237,69.0
208.94.63.194,4.71.210.237,69.0
208.94.63.194,4.71.210.237,69.0
208.94.63.194,4.71.210.237,69.1
208.94.63.194,4.71.210.237,69.0
208.94.63.194,4.71.210.237,69.0
208.94.63.194,4.71.210.237,69.0
208.94.63.194,4.71.210.237,69.0
208.94.63.194,4.71.210.237,69.0
208.94.63.194,4.71.210.237,69.1
208.94.63.194,4.71.210.237,69.1
208.94.63.194,4.71.210.237,69.0
208.94.63.194,4.71.210.237,69.1
208.94.63.194,4.71.210.237,69.1
208.94.63.194,4.71.210.237,69.0
208.94.63.194,4.71.210.237,69.0
208.94.63.194,4.71.210.237,69.0
208.94.63.194,4.71.210.237,69.0
208.94.63.194,4.71.210.237,69.1
208.94.63.194,4.71.210.237,69.0
208.94.63.194,4.71.210.237,69.0
208.94.63.194,4.71.210.237,69.0
208.94.63.194,4.71.210.237,68.9
208.94.63.194,4.71.210.237,69.0
208.94.63.194,4.71.210.237,69.1
208.94.63.194,4.71.210.237,69.0
208.94.63.194,4.71.210.237,69.0
208.94.63.194,4.71.210.237,69.0
208.94.63.194,4.71.210.237,69.1
208.94.63.194,4.71.210.237,69.0
208.94.63.194,4.71.210.237,69.0
208.94.63.194,4.71.210.237,69.0
208.94.63.194,4.71.210.237,69.0
208.94.63.194,4.71.210.237,69.0
208.94.63.194,4.71.210.237,69.0
208.94.63.194,4.71.210.237,69.0
208.94.63.194,4.71.210.237,69.0
208.94.63.194,4.71.210.237,69.0
208.94.63.194,4.71.210.237,68.9
208.94.63.194,4.71.210.237,69.0
208.94.63.194,4.71.210.237,69.0
208.94.63.194,4.71.210.237,69.2
208.94.63.194,4.71.210.237,69.1
208.94.63.194,4.71.210.237,69.0
208.94.63.194,4.71.210.237,69.4
208.94.63.194,4.71.210.237,69.0
208.94.63.194,4.71.210.237,69.1
208.94.63.194,4.71.210.237,69.0
208.94.63.194,4.71.210.237,69.0
208.94.63.194,4.71.210.237,69.0
208.94.63.194,4.71.210.237,69.0
208.94.63.194,4.71.210.237,69.0
208.94.63.194,4.71.210.237,69.0
208.94.63.194,4.71.210.237,69.0
208.94.63.194,4.71.210.237,69.0
208.94.63.194,4.71.210.237,69.1
208.94.63.194,4.71.210.237,69.0
208.94.63.194,4.71.210.237,69.0
208.94.63.194,4.71.210.237,69.1
208.94.63.194,4.71.210.237,69.0
208.94.63.194,4.71.210.237,69.2
208.94.63.194,4.71.210.237,69.2
208.94.63.194,4.71.210.237,69.0
208.94.63.194,4.71.210.237,69.0
208.94.63.194,4.71.210.237,69.1
208.94.63.194,4.71.210.237,68.9
208.94.63.194,4.71.210.237,69.0
208.94.63.194,4.71.210.237,69.1
208.94.63.194,4.71.210.237,69.0
208.94.63.194,4.71.210.237,69.0
208.94.63.194,4.71.210.237,69.1
208.94.63.194,4.71.210.237,69.0
208.94.63.194,4.71.210.237,69.0
208.94.63.194,4.71.210.237,69.0
208.94.63.194,4.71.210.237,69.0
208.94.63.194,4.71.210.237,69.1
208.94.63.194,4.71.210.237,69.0
208.94.63.194,4.71.210.237,69.1
208.94.63.194,4.71.210.237,69.1
208.94.63.194,4.71.210.237,69.1
208.94.63.194,4.71.210.237,69.0
208.94.63.194,4.71.210.237,69.2
208.94.63.194,4.71.210.237,69.0
208.94.63.194,4.71.210.237,69.0
208.94.63.194,4.71.210.237,69.0
208.94.63.194,4.71.210.237,69.2
208.94.63.194,4.71.210.237,69.1
208.94.63.194,4.71.210.237,69.0
208.94.63.194,4.71.210.237,69.0
208.94.63.194,4.71.210.237,68.9
208.94.63.194,4.71.210.237,69.0
208.94.63.194,4.71.210.237,69.0
208.94.63.194,4.71.210.237,69.0
208.94.63.194,4.71.210.237,69.0
208.94.63.194,4.71.210.237,68.9
208.94.63.194,4.71.210.237,69.0
208.94.63.194,4.71.210.237,69.0
208.94.63.194,4.71.210.237,69.0
208.94.63.194,4.71.210.237,69.0
208.94.63.194,4.71.210.237,69.0
208.94.63.194,4.71.210.237,69.0
208.94.63.194,4.71.210.237,68.9
208.94.63.194,4.71.210.237,69.1
208.94.63.194,4.71.210.237,69.0
208.94.63.194,4.71.210.237,68.9
208.94.63.194,4.71.210.237,69.3
208.94.63.194,4.71.210.237,69.0
208.94.63.194,4.71.210.237,69.0
208.94.63.194,4.71.210.237,68.9
208.94.63.194,4.71.210.237,69.0
208.94.63.194,4.71.210.237,69.1
208.94.63.194,4.71.210.237,69.0
208.94.63.194,4.71.210.237,68.9
208.94.63.194,4.71.210.237,69.1
208.94.63.194,4.71.210.237,69.0
208.94.63.194,4.71.210.237,69.0
208.94.63.194,4.71.210.237,69.1
208.94.63.194,4.71.210.237,69.0
208.94.63.194,4.71.210.237,69.0
208.94.63.194,4.71.210.237,69.0
208.94.63.194,4.71.210.237,69.0
208.94.63.194,4.71.210.237,69.0
208.94.63.194,4.71.210.237,69.0
208.94.63.194,4.71.210.237,68.9
208.94.63.194,4.71.210.237,69.0
208.94.63.194,4.71.210.237,69.0
208.94.63.194,4.71.210.237,69.1
208.94.63.194,4.71.210.237,69.0
208.94.63.194,4.71.210.237,69.0
208.94.63.194,4.71.210.237,69.0
208.94.63.194,4.71.210.237,69.0
208.94.63.194,4.71.210.237,69.1
208.94.63.194,4.71.210.237,69.1
208.94.63.194,4.71.210.237,69.2
208.94.63.194,4.71.210.237,69.0
208.94.63.194,4.71.210.237,69.0
208.94.63.194,4.71.210.237,69.0
208.94.63.194,4.71.210.237,69.0
208.94.63.194,4.71.210.237,69.0
208.94.63.194,4.71.210.237,69.0
208.94.63.194,4.71.210.237,69.0
208.94.63.194,4.71.210.237,69.1
208.94.63.194,4.71.210.237,69.0
208.94.63.194,4.71.210.237,69.2
208.94.63.194,4.71.210.237,69.0
208.94.63.194,4.71.210.237,69.1
208.94.63.194,4.71.210.237,69.0
208.94.63.194,4.71.210.237,69.0
208.94.63.194,4.71.210.237,69.0
208.94.63.194,4.71.210.237,69.1
208.94.63.194,4.71.210.237,69.0
208.94.63.194,4.71.210.237,69.1
208.94.63.194,4.71.210.237,69.0
208.94.63.194,4.71.210.237,69.0
208.94.63.194,4.71.210.237,69.0
208.94.63.194,4.71.210.237,69.0
208.94.63.194,4.71.210.237,69.0
208.94.63.194,4.71.210.237,69.0
208.94.63.194,4.71.210.237,69.1
208.94.63.194,4.71.210.237,69.0
208.94.63.194,4.71.210.237,69.0
208.94.63.194,4.71.210.237,69.1
208.94.63.194,4.71.210.237,69.0
208.94.63.194,4.71.210.237,69.0
208.94.63.194,4.71.210.237,69.0
208.94.63.194,4.71.210.237,69.0
208.94.63.194,4.71.210.237,69.2
208.94.63.194,4.71.210.237,69.0
208.94.63.194,4.71.210.237,69.0
208.94.63.194,4.71.210.237,69.1
208.94.63.194,4.71.210.237,69.1
208.94.63.194,4.71.210.237,69.0
208.94.63.194,4.71.210.237,69.2
208.94.63.194,4.71.210.237,69.0
208.94.63.194,4.71.210.237,69.1
208.94.63.194,4.71.210.237,69.1
208.94.63.194,4.71.210.237,69.0
208.94.63.194,4.71.210.237,69.0
208.94.63.194,4.71.210.237,69.0
208.94.63.194,4.71.210.237,69.1
208.94.63.194,4.71.210.237,69.0
208.94.63.194,4.71.210.237,69.1
208.94.63.194,4.71.210.237,69.0
208.94.63.194,4.71.210.237,69.0
208.94.63.194,4.71.210.237,69.0
208.94.63.194,4.71.210.237,69.0
208.94.63.194,4.71.210.237,69.1
208.94.63.194,4.71.210.237,69.0
208.94.63.194,4.71.210.237,69.0
208.94.63.194,4.71.210.237,69.0
208.94.63.194,4.71.210.237,69.1
208.94.63.194,4.71.210.237,69.1
208.94.63.194,4.71.210.237,69.1
208.94.63.194,4.71.210.237,69.0
208.94.63.194,4.71.210.237,69.0
208.94.63.194,4.71.210.237,69.0
208.94.63.194,4.71.210.237,69.0
208.94.63.194,4.71.210.237,69.0
208.94.63.194,4.71.210.237,68.9
208.94.63.194,4.71.210.237,68.9
208.94.63.194,4.71.210.237,69.0
208.94.63.194,4.71.210.237,69.1
208.94.63.194,4.71.210.237,69.0
208.94.63.194,4.71.210.237,69.0
208.94.63.194,4.71.210.237,69.1
208.94.63.194,4.71.210.237,69.0
208.94.63.194,4.71.210.237,68.9
208.94.63.194,4.71.210.237,69.0
208.94.63.194,4.71.210.237,69.0
208.94.63.194,4.71.210.237,69.0
208.94.63.194,4.71.210.237,69.0
208.94.63.194,4.71.210.237,69.0
208.94.63.194,4.71.210.237,69.1
208.94.63.194,4.71.210.237,69.0
208.94.63.194,4.71.210.237,69.1
208.94.63.194,4.71.210.237,69.0
208.94.63.194,4.71.210.237,69.0
208.94.63.194,4.71.210.237,69.0
208.94.63.194,4.71.210.237,69.0
208.94.63.194,4.71.210.237,69.0
208.94.63.194,4.71.210.237,69.0
208.94.63.194,4.71.210.237,69.0
208.94.63.194,4.71.210.237,69.0
208.94.63.194,4.71.210.237,69.0
208.94.63.194,4.71.210.237,69.2
208.94.63.194,4.71.210.237,69.0
208.94.63.194,4.71.210.237,69.0
208.94.63.194,4.71.210.237,69.0
208.94.63.194,4.71.210.237,69.0
208.94.63.194,4.71.210.237,69.0
208.94.63.194,4.71.210.237,69.0
208.94.63.194,4.71.210.237,69.0
208.94.63.194,4.71.210.237,69.0
208.94.63.194,4.71.210.237,69.1
208.94.63.194,4.71.210.237,69.1
208.94.63.194,4.71.210.237,69.0
208.94.63.194,4.71.210.237,69.0
208.94.63.194,4.71.210.237,69.0
208.94.63.194,4.71.210.237,69.0
208.94.63.194,4.71.210.237,69.0
208.94.63.194,4.71.210.237,69.0
208.94.63.194,4.71.210.237,69.2
208.94.63.194,4.71.210.237,69.0
208.94.63.194,4.71.210.237,69.0
208.94.63.194,4.71.210.237,69.0
208.94.63.194,4.71.210.237,68.9
208.94.63.194,4.71.210.237,69.0
208.94.63.194,4.71.210.237,69.0
208.94.63.194,4.71.210.237,69.0
208.94.63.194,4.71.210.237,69.0
208.94.63.194,4.71.210.237,69.0
208.94.63.194,4.71.210.237,69.0
208.94.63.194,4.71.210.237,69.1
208.94.63.194,4.71.210.237,69.1
208.94.63.194,4.71.210.237,69.0
208.94.63.194,4.71.210.237,69.0
208.94.63.194,4.71.210.237,69.0
208.94.63.194,4.71.210.237,69.1
208.94.63.194,4.71.210.237,69.0
208.94.63.194,4.71.210.237,69.0
208.94.63.194,4.71.210.237,69.0
208.94.63.194,4.71.210.237,69.1
208.94.63.194,4.71.210.237,69.0
208.94.63.194,4.71.210.237,69.0
208.94.63.194,4.71.210.237,69.0
208.94.63.194,4.71.210.237,69.0
208.94.63.194,4.71.210.237,69.0
208.94.63.194,4.71.210.237,69.0
208.94.63.194,4.71.210.237,69.0
208.94.63.194,4.71.210.237,69.0
208.94.63.194,4.71.210.237,69.1
208.94.63.194,4.71.210.237,69.0
208.94.63.194,4.71.210.237,69.0
208.94.63.194,4.71.210.237,69.2
208.94.63.194,4.71.210.237,69.0
208.94.63.194,4.71.210.237,69.0
208.94.63.194,4.71.210.237,69.0
208.94.63.194,4.71.210.237,69.2
208.94.63.194,4.71.210.237,69.1
208.94.63.194,4.71.210.237,69.0
208.94.63.194,4.71.210.237,69.0
208.94.63.194,4.71.210.237,69.0
208.94.63.194,4.71.210.237,69.1
208.94.63.194,4.71.210.237,69.0
208.94.63.194,4.71.210.237,69.0
208.94.63.194,4.71.210.237,69.0
208.94.63.194,4.71.210.237,69.0
208.94.63.194,4.71.210.237,69.0
208.94.63.194,4.71.210.237,69.0
208.94.63.194,4.71.210.237,69.0
208.94.63.194,4.71.210.237,69.0
208.94.63.194,4.71.210.237,69.0
208.94.63.194,4.71.210.237,69.1
208.94.63.194,4.71.210.237,69.0
208.94.63.194,4.71.210.237,69.0
208.94.63.194,4.71.210.237,69.0
208.94.63.194,4.71.210.237,69.0
208.94.63.194,4.71.210.237,69.1
208.94.63.194,4.71.210.237,68.9
208.94.63.194,4.71.210.237,68.9
208.94.63.194,4.71.210.237,69.0
208.94.63.194,4.71.210.237,69.0
208.94.63.194,4.71.210.237,69.0
208.94.63.194,4.71.210.237,69.0
208.94.63.194,4.71.210.237,69.0
208.94.63.194,4.71.210.237,69.0
208.94.63.194,4.71.210.237,69.0
208.94.63.194,4.71.210.237,69.0
208.94.63.194,4.71.210.237,69.0
208.94.63.194,4.71.210.237,69.0
208.94.63.194,4.71.210.237,69.0
208.94.63.194,4.71.210.237,69.0
208.94.63.194,4.71.210.237,69.0
208.94.63.194,4.71.210.237,69.0
208.94.63.194,4.71.210.237,69.0
208.94.63.194,4.71.210.237,69.0
208.94.63.194,4.71.210.237,69.0
208.94.63.194,4.71.210.237,69.0
208.94.63.194,4.71.210.237,69.0
208.94.63.194,4.71.210.237,68.9
208.94.63.194,4.71.210.237,69.0
208.94.63.194,4.71.210.237,69.0
208.94.63.194,4.71.210.237,69.0
208.94.63.194,4.71.210.237,69.0
208.94.63.194,4.71.210.237,69.1
208.94.63.194,4.71.210.237,69.0
208.94.63.194,4.71.210.237,69.0
208.94.63.194,4.71.210.237,69.1
208.94.63.194,4.71.210.237,69.0
208.94.63.194,4.71.210.237,69.0
208.94.63.194,4.71.210.237,69.0
208.94.63.194,4.71.210.237,69.0
208.94.63.194,4.71.210.237,69.0
208.94.63.194,4.71.210.237,69.1
208.94.63.194,4.71.210.237,69.0
208.94.63.194,4.71.210.237,69.0
208.94.63.194,4.71.210.237,69.0
208.94.63.194,4.71.210.237,69.0
208.94.63.194,4.71.210.237,69.0
208.94.63.194,4.71.210.237,69.0
208.94.63.194,4.71.210.237,69.1
208.94.63.194,4.71.210.237,69.0
208.94.63.194,4.71.210.237,69.0
208.94.63.194,4.71.210.237,69.0
208.94.63.194,4.71.210.237,69.1
208.94.63.194,4.71.210.237,69.0
208.94.63.194,4.71.210.237,69.0
208.94.63.194,4.71.210.237,69.0
208.94.63.194,4.71.210.237,69.1
208.94.63.194,4.71.210.237,69.0
208.94.63.194,4.71.210.237,68.9
208.94.63.194,4.71.210.237,69.0
208.94.63.194,4.71.210.237,69.0
208.94.63.194,4.71.210.237,69.0
208.94.63.194,4.71.210.237,69.0
208.94.63.194,4.71.210.237,69.0
208.94.63.194,4.71.210.237,69.1
208.94.63.194,4.71.210.237,69.0
208.94.63.194,4.71.210.237,69.1
208.94.63.194,4.71.210.237,68.9
208.94.63.194,4.71.210.237,69.0
208.94.63.194,4.71.210.237,68.9
208.94.63.194,4.71.210.237,69.1
208.94.63.194,4.71.210.237,69.0
208.94.63.194,4.71.210.237,69.0
208.94.63.194,4.71.210.237,69.0
208.94.63.194,4.71.210.237,68.9
208.94.63.194,4.71.210.237,69.0
208.94.63.194,4.71.210.237,69.0
208.94.63.194,4.71.210.237,69.0
208.94.63.194,4.71.210.237,69.0
208.94.63.194,4.71.210.237,69.1
208.94.63.194,4.71.210.237,69.0
208.94.63.194,4.71.210.237,69.0
208.94.63.194,4.71.210.237,69.0
208.94.63.194,4.71.210.237,69.0
208.94.63.194,4.71.210.237,69.2
208.94.63.194,4.71.210.237,69.2
208.94.63.194,4.71.210.237,69.0
208.94.63.194,4.71.210.237,69.0
208.94.63.194,4.71.210.237,69.0
208.94.63.194,4.71.210.237,69.0
208.94.63.194,4.71.210.237,69.0
208.94.63.194,4.71.210.237,69.0
208.94.63.194,4.71.210.237,69.1
208.94.63.194,4.71.210.237,69.1
208.94.63.194,4.71.210.237,69.1
208.94.63.194,4.71.210.237,68.9
208.94.63.194,4.71.210.237,69.0
208.94.63.194,4.71.210.237,69.0
208.94.63.194,4.71.210.237,69.0
208.94.63.194,4.71.210.237,69.0
208.94.63.194,4.71.210.237,69.9
208.94.63.194,4.71.210.237,69.0
208.94.63.194,4.71.210.237,69.0
208.94.63.194,4.71.210.237,69.1
208.94.63.194,4.71.210.237,69.0
208.94.63.194,4.71.210.237,69.0
208.94.63.194,4.71.210.237,69.1
208.94.63.194,4.71.210.237,69.0
208.94.63.194,4.71.210.237,69.0
208.94.63.194,4.71.210.237,69.0
208.94.63.194,4.71.210.237,69.0
208.94.63.194,4.71.210.237,69.0
208.94.63.194,4.71.210.237,69.1
208.94.63.194,4.71.210.237,69.0
208.94.63.194,4.71.210.237,69.1
208.94.63.194,4.71.210.237,69.0
208.94.63.194,4.71.210.237,69.0
208.94.63.194,4.71.210.237,69.1
208.94.63.194,4.71.210.237,69.1
208.94.63.194,4.71.210.237,69.0
208.94.63.194,4.71.210.237,69.0
208.94.63.194,4.71.210.237,69.0
208.94.63.194,4.71.210.237,69.0
208.94.63.194,4.71.210.237,69.1
208.94.63.194,4.71.210.237,69.2
208.94.63.194,4.71.210.237,69.2
208.94.63.194,4.71.210.237,69.0
208.94.63.194,4.71.210.237,69.1
208.94.63.194,4.71.210.237,69.0
208.94.63.194,4.71.210.237,69.0
208.94.63.194,4.71.210.237,69.0
208.94.63.194,4.71.210.237,69.0
208.94.63.194,4.71.210.237,69.0
208.94.63.194,4.71.210.237,69.2
208.94.63.194,4.71.210.237,69.1
208.94.63.194,4.71.210.237,69.0
208.94.63.194,4.71.210.237,69.0
208.94.63.194,4.71.210.237,69.1
208.94.63.194,4.71.210.237,69.1
208.94.63.194,4.71.210.237,69.1
208.94.63.194,4.71.210.237,69.2
208.94.63.194,4.71.210.237,69.0
208.94.63.194,4.71.210.237,69.0
208.94.63.194,4.71.210.237,69.0
208.94.63.194,4.71.210.237,69.0
208.94.63.194,4.71.210.237,69.0
208.94.63.194,4.71.210.237,69.0
208.94.63.194,4.71.210.237,69.1
208.94.63.194,4.71.210.237,69.1
208.94.63.194,4.71.210.237,69.1
208.94.63.194,4.71.210.237,69.2
208.94.63.194,4.71.210.237,69.1
208.94.63.194,4.71.210.237,69.0
208.94.63.194,4.71.210.237,69.0
208.94.63.194,4.71.210.237,69.1
208.94.63.194,4.71.210.237,69.0
208.94.63.194,4.71.210.237,69.2
208.94.63.194,4.71.210.237,69.0
208.94.63.194,4.71.210.237,69.1
208.94.63.194,4.71.210.237,69.0
208.94.63.194,4.71.210.237,69.1
208.94.63.194,4.71.210.237,69.1
208.94.63.194,4.71.210.237,69.0
208.94.63.194,4.71.210.237,69.0
208.94.63.194,4.71.210.237,69.0
208.94.63.194,4.71.210.237,69.0
208.94.63.194,4.71.210.237,69.0
208.94.63.194,4.71.210.237,69.1
208.94.63.194,4.71.210.237,69.1
208.94.63.194,4.71.210.237,69.1
208.94.63.194,4.71.210.237,69.0
208.94.63.194,4.71.210.237,69.0
208.94.63.194,4.71.210.237,69.0
208.94.63.194,4.71.210.237,69.0
208.94.63.194,4.71.210.237,69.1
208.94.63.194,4.71.210.237,69.1
208.94.63.194,4.71.210.237,69.0
208.94.63.194,4.71.210.237,69.0
208.94.63.194,4.71.210.237,69.1
208.94.63.194,4.71.210.237,69.1
208.94.63.194,4.71.210.237,69.0
208.94.63.194,4.71.210.237,69.0
208.94.63.194,4.71.210.237,69.0
208.94.63.194,4.71.210.237,69.0
208.94.63.194,4.71.210.237,69.1
208.94.63.194,4.71.210.237,69.0
208.94.63.194,4.71.210.237,69.0
208.94.63.194,4.71.210.237,69.1
208.94.63.194,4.71.210.237,69.0
208.94.63.194,4.71.210.237,69.0
208.94.63.194,4.71.210.237,69.0
208.94.63.194,4.71.210.237,69.0
208.94.63.194,4.71.210.237,69.1
208.94.63.194,4.71.210.237,69.0
208.94.63.194,4.71.210.237,69.0
208.94.63.194,4.71.210.237,68.9
208.94.63.194,4.71.210.237,69.1
208.94.63.194,4.71.210.237,69.0
208.94.63.194,4.71.210.237,69.0
208.94.63.194,4.71.210.237,69.0
208.94.63.194,4.71.210.237,69.0
208.94.63.194,4.71.210.237,69.1
208.94.63.194,4.71.210.237,69.0
208.94.63.194,4.71.210.237,69.0
208.94.63.194,4.71.210.237,69.0
208.94.63.194,4.71.210.237,69.0
208.94.63.194,4.71.210.237,68.9
208.94.63.194,4.71.210.237,69.1
208.94.63.194,4.71.210.237,69.0
208.94.63.194,4.71.210.237,69.0
208.94.63.194,4.71.210.237,69.0
208.94.63.194,4.71.210.237,69.0
208.94.63.194,4.71.210.237,69.0
208.94.63.194,4.71.210.237,69.0
208.94.63.194,4.71.210.237,69.0
208.94.63.194,4.71.210.237,69.0
208.94.63.194,4.71.210.237,69.0
208.94.63.194,4.71.210.237,69.2
208.94.63.194,4.71.210.237,68.9
208.94.63.194,4.71.210.237,69.0
208.94.63.194,4.71.210.237,69.0
208.94.63.194,4.71.210.237,69.0
208.94.63.194,4.71.210.237,69.0
208.94.63.194,4.71.210.237,69.1
208.94.63.194,4.71.210.237,68.9
208.94.63.194,4.71.210.237,69.0
208.94.63.194,4.71.210.237,69.0
208.94.63.194,4.71.210.237,69.0
208.94.63.194,4.71.210.237,69.0
208.94.63.194,4.71.210.237,69.0
208.94.63.194,4.71.210.237,69.0
208.94.63.194,4.71.210.237,69.0
208.94.63.194,4.71.210.237,69.0
208.94.63.194,4.71.210.237,69.1
208.94.63.194,4.71.210.237,69.0
208.94.63.194,4.71.210.237,68.9
208.94.63.194,4.71.210.237,69.0
208.94.63.194,4.71.210.237,69.0
208.94.63.194,4.71.210.237,69.4
208.94.63.194,4.71.210.237,69.0
208.94.63.194,4.71.210.237,69.1
208.94.63.194,4.71.210.237,69.0
208.94.63.194,4.71.210.237,69.0
208.94.63.194,4.71.210.237,69.0
208.94.63.194,4.71.210.237,69.0
208.94.63.194,4.71.210.237,69.0
208.94.63.194,4.71.210.237,69.1
208.94.63.194,4.71.210.237,69.0
208.94.63.194,4.71.210.237,69.0
208.94.63.194,4.71.210.237,69.0
208.94.63.194,4.71.210.237,69.1
208.94.63.194,4.71.210.237,69.0
208.94.63.194,4.71.210.237,69.0
208.94.63.194,4.71.210.237,69.0
208.94.63.194,4.71.210.237,69.0
208.94.63.194,4.71.210.237,69.0
208.94.63.194,4.71.210.237,69.0
208.94.63.194,4.71.210.237,69.0
208.94.63.194,4.71.210.237,69.0
208.94.63.194,4.71.210.237,69.0
208.94.63.194,4.71.210.237,69.2
208.94.63.194,4.71.210.237,69.2
208.94.63.194,4.71.210.237,69.2
208.94.63.194,4.71.210.237,69.0
208.94.63.194,4.71.210.237,69.2
208.94.63.194,4.71.210.237,69.1
208.94.63.194,4.71.210.237,69.0
208.94.63.194,4.71.210.237,69.0
208.94.63.194,4.71.210.237,69.0
208.94.63.194,4.71.210.237,69.0
208.94.63.194,4.71.210.237,69.0
208.94.63.194,4.71.210.237,69.0
208.94.63.194,4.71.210.237,69.0
208.94.63.194,38.102.0.109,31.0
208.94.63.194,38.102.0.109,31.0
208.94.63.194,38.102.0.109,31.0
208.94.63.194,38.102.0.109,31.0
208.94.63.194,38.102.0.109,31.0
208.94.63.194,38.102.0.109,31.0
208.94.63.194,38.102.0.109,31.0
208.94.63.194,38.102.0.109,31.0
208.94.63.194,38.102.0.109,30.9
208.94.63.194,38.102.0.109,31.0
208.94.63.194,38.102.0.109,31.0
208.94.63.194,38.102.0.109,31.0
208.94.63.194,38.102.0.109,31.0
208.94.63.194,38.102.0.109,30.9
208.94.63.194,38.102.0.109,31.0
208.94.63.194,38.102.0.109,31.0
208.94.63.194,38.102.0.109,31.0
208.94.63.194,38.102.0.109,31.0
208.94.63.194,38.102.0.109,31.0
208.94.63.194,38.102.0.109,31.0
208.94.63.194,38.102.0.109,31.0
208.94.63.194,38.102.0.109,31.0
208.94.63.194,38.102.0.109,31.0
208.94.63.194,38.102.0.109,31.0
208.94.63.194,38.102.0.109,31.1
208.94.63.194,38.102.0.109,31.0
208.94.63.194,38.102.0.109,31.0
208.94.63.194,38.102.0.109,30.9
208.94.63.194,38.102.0.109,31.0
208.94.63.194,38.102.0.109,31.0
208.94.63.194,38.102.0.109,30.9
208.94.63.194,38.102.0.109,31.0
208.94.63.194,38.102.0.109,31.0
208.94.63.194,38.102.0.109,31.0
208.94.63.194,38.102.0.109,30.9
208.94.63.194,38.102.0.109,30.9
208.94.63.194,38.102.0.109,31.0
208.94.63.194,38.102.0.109,30.9
208.94.63.194,38.102.0.109,31.0
208.94.63.194,38.102.0.109,31.0
208.94.63.194,38.102.0.109,31.0
208.94.63.194,38.102.0.109,31.0
208.94.63.194,38.102.0.109,30.9
208.94.63.194,38.102.0.109,30.9
208.94.63.194,38.102.0.109,31.0
208.94.63.194,38.102.0.109,31.0
208.94.63.194,38.102.0.109,31.0
208.94.63.194,38.102.0.109,31.0
208.94.63.194,38.102.0.109,31.0
208.94.63.194,38.102.0.109,31.3
208.94.63.194,38.102.0.109,31.2
208.94.63.194,38.102.0.109,31.0
208.94.63.194,38.102.0.109,30.9
208.94.63.194,38.102.0.109,30.9
208.94.63.194,38.102.0.109,30.9
208.94.63.194,38.102.0.109,31.0
208.94.63.194,38.102.0.109,30.9
208.94.63.194,38.102.0.109,31.0
208.94.63.194,38.102.0.109,31.0
208.94.63.194,38.102.0.109,31.0
208.94.63.194,38.102.0.109,31.1
208.94.63.194,38.102.0.109,31.0
208.94.63.194,38.102.0.109,31.0
208.94.63.194,38.102.0.109,31.0
208.94.63.194,38.102.0.109,31.2
208.94.63.194,38.102.0.109,30.9
208.94.63.194,38.102.0.109,30.9
208.94.63.194,38.102.0.109,30.9
208.94.63.194,38.102.0.109,30.9
208.94.63.194,38.102.0.109,30.9
208.94.63.194,38.102.0.109,31.0
208.94.63.194,38.102.0.109,31.0
208.94.63.194,38.102.0.109,31.0
208.94.63.194,38.102.0.109,31.0
208.94.63.194,38.102.0.109,30.9
208.94.63.194,38.102.0.109,30.9
208.94.63.194,38.102.0.109,31.0
208.94.63.194,38.102.0.109,31.0
208.94.63.194,38.102.0.109,31.0
208.94.63.194,38.102.0.109,31.2
208.94.63.194,38.102.0.109,30.9
208.94.63.194,38.102.0.109,31.0
208.94.63.194,38.102.0.109,31.0
208.94.63.194,38.102.0.109,30.9
208.94.63.194,38.102.0.109,31.0
208.94.63.194,38.102.0.109,31.0
208.94.63.194,38.102.0.109,30.9
208.94.63.194,38.102.0.109,31.0
208.94.63.194,38.102.0.109,30.9
208.94.63.194,38.102.0.109,31.1
208.94.63.194,38.102.0.109,31.1
208.94.63.194,38.102.0.109,30.9
208.94.63.194,38.102.0.109,31.0
208.94.63.194,38.102.0.109,31.1
208.94.63.194,38.102.0.109,30.9
208.94.63.194,38.102.0.109,30.9
208.94.63.194,38.102.0.109,31.0
208.94.63.194,38.102.0.109,31.0
208.94.63.194,38.102.0.109,31.0
208.94.63.194,38.102.0.109,31.0
208.94.63.194,38.102.0.109,30.9
208.94.63.194,38.102.0.109,31.0
208.94.63.194,38.102.0.109,31.0
208.94.63.194,38.102.0.109,31.0
208.94.63.194,38.102.0.109,30.9
208.94.63.194,38.102.0.109,31.0
208.94.63.194,38.102.0.109,31.0
208.94.63.194,38.102.0.109,30.9
208.94.63.194,38.102.0.109,31.0
208.94.63.194,38.102.0.109,30.9
208.94.63.194,38.102.0.109,31.0
208.94.63.194,38.102.0.109,31.0
208.94.63.194,38.102.0.109,31.0
208.94.63.194,38.102.0.109,30.9
208.94.63.194,38.102.0.109,31.1
208.94.63.194,38.102.0.109,31.0
208.94.63.194,38.102.0.109,31.0
208.94.63.194,38.102.0.109,31.0
208.94.63.194,38.102.0.109,30.9
208.94.63.194,38.102.0.109,31.0
208.94.63.194,38.102.0.109,31.0
208.94.63.194,38.102.0.109,31.0
208.94.63.194,38.102.0.109,31.0
208.94.63.194,38.102.0.109,31.0
208.94.63.194,38.102.0.109,31.0
208.94.63.194,38.102.0.109,30.9
208.94.63.194,38.102.0.109,31.3
208.94.63.194,38.102.0.109,31.0
208.94.63.194,38.102.0.109,30.9
208.94.63.194,38.102.0.109,31.0
208.94.63.194,38.102.0.109,31.1
208.94.63.194,38.102.0.109,31.2
208.94.63.194,38.102.0.109,31.0
208.94.63.194,38.102.0.109,31.0
208.94.63.194,38.102.0.109,31.0
208.94.63.194,38.102.0.109,31.0
208.94.63.194,38.102.0.109,31.0
208.94.63.194,38.102.0.109,30.9
208.94.63.194,38.102.0.109,31.0
208.94.63.194,38.102.0.109,31.0
208.94.63.194,38.102.0.109,31.0
208.94.63.194,38.102.0.109,31.0
208.94.63.194,38.102.0.109,31.0
208.94.63.194,38.102.0.109,31.0
208.94.63.194,38.102.0.109,31.0
208.94.63.194,38.102.0.109,31.0
208.94.63.194,38.102.0.109,30.9
208.94.63.194,38.102.0.109,30.9
208.94.63.194,38.102.0.109,30.9
208.94.63.194,38.102.0.109,31.0
208.94.63.194,38.102.0.109,31.1
208.94.63.194,38.102.0.109,30.9
208.94.63.194,38.102.0.109,31.0
208.94.63.194,38.102.0.109,31.0
208.94.63.194,38.102.0.109,31.0
208.94.63.194,38.102.0.109,30.9
208.94.63.194,38.102.0.109,31.1
208.94.63.194,38.102.0.109,31.0
208.94.63.194,38.102.0.109,31.2
208.94.63.194,38.102.0.109,31.0
208.94.63.194,38.102.0.109,31.0
208.94.63.194,38.102.0.109,31.1
208.94.63.194,38.102.0.109,31.0
208.94.63.194,38.102.0.109,31.0
208.94.63.194,38.102.0.109,30.9
208.94.63.194,38.102.0.109,31.1
208.94.63.194,38.102.0.109,31.0
208.94.63.194,38.102.0.109,31.0
208.94.63.194,38.102.0.109,31.0
208.94.63.194,38.102.0.109,31.0
208.94.63.194,38.102.0.109,31.0
208.94.63.194,38.102.0.109,31.0
208.94.63.194,38.102.0.109,31.0
208.94.63.194,38.102.0.109,31.0
208.94.63.194,38.102.0.109,31.1
208.94.63.194,38.102.0.109,31.0
208.94.63.194,38.102.0.109,31.0
208.94.63.194,38.102.0.109,31.0
208.94.63.194,38.102.0.109,31.0
208.94.63.194,38.102.0.109,31.0
208.94.63.194,38.102.0.109,30.9
208.94.63.194,38.102.0.109,31.0
208.94.63.194,38.102.0.109,31.0
208.94.63.194,38.102.0.109,31.0
208.94.63.194,38.102.0.109,31.0
208.94.63.194,38.102.0.109,31.0
208.94.63.194,38.102.0.109,31.0
208.94.63.194,38.102.0.109,30.9
208.94.63.194,38.102.0.109,31.0
208.94.63.194,38.102.0.109,31.0
208.94.63.194,38.102.0.109,31.0
208.94.63.194,38.102.0.109,31.0
208.94.63.194,38.102.0.109,31.0
208.94.63.194,38.102.0.109,30.9
208.94.63.194,38.102.0.109,31.0
208.94.63.194,38.102.0.109,31.0
208.94.63.194,38.102.0.109,31.0
208.94.63.194,38.102.0.109,31.0
208.94.63.194,38.102.0.109,31.0
208.94.63.194,38.102.0.109,31.1
208.94.63.194,38.102.0.109,31.0
208.94.63.194,38.102.0.109,31.0
208.94.63.194,38.102.0.109,31.0
208.94.63.194,38.102.0.109,31.0
208.94.63.194,38.102.0.109,31.0
208.94.63.194,38.102.0.109,30.9
208.94.63.194,38.102.0.109,31.0
208.94.63.194,38.102.0.109,31.0
208.94.63.194,38.102.0.109,31.0
208.94.63.194,38.102.0.109,31.0
208.94.63.194,38.102.0.109,31.0
208.94.63.194,38.102.0.109,31.0
208.94.63.194,38.102.0.109,30.9
208.94.63.194,38.102.0.109,31.0
208.94.63.194,38.102.0.109,31.0
208.94.63.194,38.102.0.109,31.0
208.94.63.194,38.102.0.109,31.0
208.94.63.194,38.102.0.109,31.0
208.94.63.194,38.102.0.109,30.9
208.94.63.194,38.102.0.109,31.0
208.94.63.194,38.102.0.109,30.9
208.94.63.194,38.102.0.109,31.0
208.94.63.194,38.102.0.109,31.0
208.94.63.194,38.102.0.109,31.0
208.94.63.194,38.102.0.109,31.0
208.94.63.194,38.102.0.109,31.0
208.94.63.194,38.102.0.109,30.9
208.94.63.194,38.102.0.109,31.1
208.94.63.194,38.102.0.109,30.9
208.94.63.194,38.102.0.109,31.0
208.94.63.194,38.102.0.109,31.0
208.94.63.194,38.102.0.109,31.0
208.94.63.194,38.102.0.109,31.0
208.94.63.194,38.102.0.109,31.0
208.94.63.194,38.102.0.109,31.0
208.94.63.194,38.102.0.109,31.0
208.94.63.194,38.102.0.109,31.0
208.94.63.194,38.102.0.109,30.9
208.94.63.194,38.102.0.109,31.0
208.94.63.194,38.102.0.109,31.0
208.94.63.194,38.102.0.109,30.9
208.94.63.194,38.102.0.109,31.0
208.94.63.194,38.102.0.109,31.0
208.94.63.194,38.102.0.109,31.0
208.94.63.194,38.102.0.109,31.0
208.94.63.194,38.102.0.109,31.0
208.94.63.194,38.102.0.109,31.0
208.94.63.194,38.102.0.109,31.0
208.94.63.194,38.102.0.109,31.0
208.94.63.194,38.102.0.109,31.1
208.94.63.194,38.102.0.109,31.0
208.94.63.194,38.102.0.109,31.0
208.94.63.194,38.102.0.109,31.1
208.94.63.194,38.102.0.109,31.0
208.94.63.194,38.102.0.109,31.0
208.94.63.194,38.102.0.109,31.0
208.94.63.194,38.102.0.109,31.0
208.94.63.194,38.102.0.109,31.0
208.94.63.194,38.102.0.109,31.0
208.94.63.194,38.102.0.109,31.0
208.94.63.194,38.102.0.109,31.0
208.94.63.194,38.102.0.109,31.1
208.94.63.194,38.102.0.109,31.1
208.94.63.194,38.102.0.109,31.0
208.94.63.194,38.102.0.109,31.0
208.94.63.194,38.102.0.109,30.9
208.94.63.194,38.102.0.109,30.9
208.94.63.194,38.102.0.109,31.0
208.94.63.194,38.102.0.109,31.0
208.94.63.194,38.102.0.109,31.0
208.94.63.194,38.102.0.109,31.0
208.94.63.194,38.102.0.109,31.0
208.94.63.194,38.102.0.109,31.0
208.94.63.194,38.102.0.109,31.0
208.94.63.194,38.102.0.109,31.0
208.94.63.194,38.102.0.109,30.9
208.94.63.194,38.102.0.109,31.0
208.94.63.194,38.102.0.109,31.0
208.94.63.194,38.102.0.109,31.0
208.94.63.194,38.102.0.109,31.0
208.94.63.194,38.102.0.109,31.0
208.94.63.194,38.102.0.109,31.0
208.94.63.194,38.102.0.109,31.0
208.94.63.194,38.102.0.109,31.1
208.94.63.194,38.102.0.109,31.0
208.94.63.194,38.102.0.109,31.0
208.94.63.194,38.102.0.109,31.0
208.94.63.194,38.102.0.109,31.0
208.94.63.194,38.102.0.109,31.0
208.94.63.194,38.102.0.109,31.0
208.94.63.194,38.102.0.109,31.0
208.94.63.194,38.102.0.109,30.9
208.94.63.194,38.102.0.109,31.0
208.94.63.194,38.102.0.109,31.0
208.94.63.194,38.102.0.109,31.0
208.94.63.194,38.102.0.109,31.0
208.94.63.194,38.102.0.109,31.1
208.94.63.194,38.102.0.109,31.0
208.94.63.194,38.102.0.109,31.0
208.94.63.194,38.102.0.109,31.0
208.94.63.194,38.102.0.109,31.0
208.94.63.194,38.102.0.109,31.0
208.94.63.194,38.102.0.109,30.9
208.94.63.194,38.102.0.109,31.0
208.94.63.194,38.102.0.109,31.0
208.94.63.194,38.102.0.109,31.0
208.94.63.194,38.102.0.109,30.9
208.94.63.194,38.102.0.109,31.0
208.94.63.194,38.102.0.109,31.1
208.94.63.194,38.102.0.109,31.2
208.94.63.194,38.102.0.109,31.0
208.94.63.194,38.102.0.109,31.0
208.94.63.194,38.102.0.109,30.9
208.94.63.194,38.102.0.109,31.0
208.94.63.194,38.102.0.109,31.0
208.94.63.194,38.102.0.109,31.1
208.94.63.194,38.102.0.109,31.0
208.94.63.194,38.102.0.109,31.0
208.94.63.194,38.102.0.109,31.0
208.94.63.194,38.102.0.109,31.0
208.94.63.194,38.102.0.109,31.0
208.94.63.194,38.102.0.109,31.0
208.94.63.194,38.102.0.109,31.0
208.94.63.194,38.102.0.109,31.0
208.94.63.194,38.102.0.109,30.9
208.94.63.194,38.102.0.109,30.9
208.94.63.194,38.102.0.109,31.0
208.94.63.194,38.102.0.109,31.1
208.94.63.194,38.102.0.109,31.0
208.94.63.194,38.102.0.109,31.0
208.94.63.194,38.102.0.109,31.0
208.94.63.194,38.102.0.109,30.9
208.94.63.194,38.102.0.109,31.0
208.94.63.194,38.102.0.109,30.9
208.94.63.194,38.102.0.109,31.0
208.94.63.194,38.102.0.109,31.0
208.94.63.194,38.102.0.109,31.0
208.94.63.194,38.102.0.109,30.9
208.94.63.194,38.102.0.109,31.2
208.94.63.194,38.102.0.109,30.9
208.94.63.194,38.102.0.109,31.0
208.94.63.194,38.102.0.109,31.0
208.94.63.194,38.102.0.109,30.9
208.94.63.194,38.102.0.109,31.0
208.94.63.194,38.102.0.109,31.1
208.94.63.194,38.102.0.109,31.0
208.94.63.194,38.102.0.109,31.0
208.94.63.194,38.102.0.109,31.0
208.94.63.194,38.102.0.109,31.0
208.94.63.194,38.102.0.109,30.9
208.94.63.194,38.102.0.109,30.9
208.94.63.194,38.102.0.109,31.0
208.94.63.194,38.102.0.109,30.9
208.94.63.194,38.102.0.109,30.9
208.94.63.194,38.102.0.109,31.0
208.94.63.194,38.102.0.109,31.0
208.94.63.194,38.102.0.109,31.3
208.94.63.194,38.102.0.109,31.0
208.94.63.194,38.102.0.109,31.0
208.94.63.194,38.102.0.109,31.0
208.94.63.194,38.102.0.109,31.0
208.94.63.194,38.102.0.109,31.1
208.94.63.194,38.102.0.109,31.1
208.94.63.194,38.102.0.109,31.0
208.94.63.194,38.102.0.109,31.0
208.94.63.194,38.102.0.109,31.0
208.94.63.194,38.102.0.109,31.0
208.94.63.194,38.102.0.109,31.0
208.94.63.194,38.102.0.109,31.0
208.94.63.194,38.102.0.109,30.9
208.94.63.194,38.102.0.109,31.0
208.94.63.194,38.102.0.109,31.0
208.94.63.194,38.102.0.109,31.0
208.94.63.194,38.102.0.109,31.0
208.94.63.194,38.102.0.109,31.0
208.94.63.194,38.102.0.109,31.0
208.94.63.194,38.102.0.109,31.2
208.94.63.194,38.102.0.109,31.0
208.94.63.194,38.102.0.109,31.0
208.94.63.194,38.102.0.109,31.0
208.94.63.194,38.102.0.109,30.9
208.94.63.194,38.102.0.109,31.0
208.94.63.194,38.102.0.109,31.0
208.94.63.194,38.102.0.109,31.0
208.94.63.194,38.102.0.109,31.0
208.94.63.194,38.102.0.109,30.9
208.94.63.194,38.102.0.109,31.0
208.94.63.194,38.102.0.109,31.0
208.94.63.194,38.102.0.109,30.9
208.94.63.194,38.102.0.109,31.0
208.94.63.194,38.102.0.109,31.2
208.94.63.194,38.102.0.109,31.0
208.94.63.194,38.102.0.109,31.0
208.94.63.194,38.102.0.109,31.0
208.94.63.194,38.102.0.109,31.0
208.94.63.194,38.102.0.109,31.0
208.94.63.194,38.102.0.109,31.0
208.94.63.194,38.102.0.109,31.0
208.94.63.194,38.102.0.109,31.0
208.94.63.194,38.102.0.109,31.0
208.94.63.194,38.102.0.109,31.0
208.94.63.194,38.102.0.109,31.0
208.94.63.194,38.102.0.109,30.9
208.94.63.194,38.102.0.109,31.0
208.94.63.194,38.102.0.109,31.0
208.94.63.194,38.102.0.109,31.0
208.94.63.194,38.102.0.109,30.9
208.94.63.194,38.102.0.109,31.0
208.94.63.194,38.102.0.109,31.0
208.94.63.194,38.102.0.109,31.0
208.94.63.194,38.102.0.109,31.1
208.94.63.194,38.102.0.109,31.0
208.94.63.194,38.102.0.109,31.0
208.94.63.194,38.102.0.109,31.1
208.94.63.194,38.102.0.109,31.0
208.94.63.194,38.102.0.109,30.9
208.94.63.194,38.102.0.109,31.0
208.94.63.194,38.102.0.109,31.1
208.94.63.194,38.102.0.109,31.1
208.94.63.194,38.102.0.109,31.1
208.94.63.194,38.102.0.109,31.0
208.94.63.194,38.102.0.109,31.0
208.94.63.194,38.102.0.109,31.1
208.94.63.194,38.102.0.109,31.0
208.94.63.194,38.102.0.109,31.0
208.94.63.194,38.102.0.109,31.1
208.94.63.194,38.102.0.109,31.0
208.94.63.194,38.102.0.109,31.0
208.94.63.194,38.102.0.109,31.0
208.94.63.194,38.102.0.109,31.0
208.94.63.194,38.102.0.109,31.0
208.94.63.194,38.102.0.109,31.0
208.94.63.194,38.102.0.109,31.0
208.94.63.194,38.102.0.109,31.0
208.94.63.194,38.102.0.109,31.0
208.94.63.194,38.102.0.109,30.9
208.94.63.194,38.102.0.109,30.9
208.94.63.194,38.102.0.109,31.0
208.94.63.194,38.102.0.109,31.0
208.94.63.194,38.102.0.109,31.0
208.94.63.194,38.102.0.109,31.0
208.94.63.194,38.102.0.109,31.0
208.94.63.194,38.102.0.109,31.2
208.94.63.194,38.102.0.109,30.9
208.94.63.194,38.102.0.109,31.0
208.94.63.194,38.102.0.109,31.0
208.94.63.194,38.102.0.109,31.0
208.94.63.194,38.102.0.109,31.0
208.94.63.194,38.102.0.109,31.0
208.94.63.194,38.102.0.109,31.0
208.94.63.194,38.102.0.109,31.0
208.94.63.194,38.102.0.109,31.0
208.94.63.194,38.102.0.109,31.1
208.94.63.194,38.102.0.109,31.2
208.94.63.194,38.102.0.109,31.0
208.94.63.194,38.102.0.109,31.1
208.94.63.194,38.102.0.109,31.0
208.94.63.194,38.102.0.109,31.0
208.94.63.194,38.102.0.109,31.1
208.94.63.194,38.102.0.109,31.1
208.94.63.194,38.102.0.109,31.3
208.94.63.194,38.102.0.109,31.0
208.94.63.194,38.102.0.109,30.9
208.94.63.194,38.102.0.109,31.0
208.94.63.194,38.102.0.109,31.0
208.94.63.194,38.102.0.109,31.0
208.94.63.194,38.102.0.109,30.9
208.94.63.194,38.102.0.109,31.1
208.94.63.194,38.102.0.109,31.0
208.94.63.194,38.102.0.109,31.0
208.94.63.194,38.102.0.109,31.0
208.94.63.194,38.102.0.109,31.0
208.94.63.194,38.102.0.109,31.0
208.94.63.194,38.102.0.109,30.9
208.94.63.194,38.102.0.109,31.0
208.94.63.194,38.102.0.109,30.9
208.94.63.194,38.102.0.109,31.0
208.94.63.194,38.102.0.109,30.9
208.94.63.194,38.102.0.109,31.0
208.94.63.194,38.102.0.109,31.0
208.94.63.194,38.102.0.109,31.0
208.94.63.194,38.102.0.109,31.0
208.94.63.194,38.102.0.109,31.0
208.94.63.194,38.102.0.109,31.0
208.94.63.194,38.102.0.109,31.0
208.94.63.194,38.102.0.109,31.0
208.94.63.194,38.102.0.109,30.9
208.94.63.194,38.102.0.109,31.0
208.94.63.194,38.102.0.109,31.0
208.94.63.194,38.102.0.109,31.0
208.94.63.194,38.102.0.109,31.0
208.94.63.194,38.102.0.109,31.0
208.94.63.194,38.102.0.109,31.1
208.94.63.194,38.102.0.109,31.2
208.94.63.194,38.102.0.109,31.0
208.94.63.194,38.102.0.109,31.0
208.94.63.194,38.102.0.109,30.9
208.94.63.194,38.102.0.109,31.0
208.94.63.194,38.102.0.109,31.0
208.94.63.194,38.102.0.109,31.0
208.94.63.194,38.102.0.109,31.0
208.94.63.194,38.102.0.109,31.0
208.94.63.194,38.102.0.109,31.0
208.94.63.194,38.102.0.109,31.0
208.94.63.194,38.102.0.109,31.0
208.94.63.194,38.102.0.109,31.0
208.94.63.194,38.102.0.109,31.2
208.94.63.194,38.102.0.109,31.0
208.94.63.194,38.102.0.109,31.0
208.94.63.194,38.102.0.109,30.9
208.94.63.194,38.102.0.109,31.1
208.94.63.194,38.102.0.109,31.0
208.94.63.194,38.102.0.109,31.2
208.94.63.194,38.102.0.109,31.0
208.94.63.194,38.102.0.109,31.0
208.94.63.194,38.102.0.109,30.9
208.94.63.194,38.102.0.109,31.0
208.94.63.194,38.102.0.109,31.0
208.94.63.194,38.102.0.109,30.9
208.94.63.194,38.102.0.109,31.0
208.94.63.194,38.102.0.109,31.0
208.94.63.194,38.102.0.109,31.1
208.94.63.194,38.102.0.109,31.0
208.94.63.194,38.102.0.109,31.0
208.94.63.194,38.102.0.109,31.0
208.94.63.194,38.102.0.109,31.1
208.94.63.194,38.102.0.109,30.9
208.94.63.194,38.102.0.109,30.9
208.94.63.194,38.102.0.109,31.0
208.94.63.194,38.102.0.109,31.0
208.94.63.194,38.102.0.109,31.0
208.94.63.194,38.102.0.109,31.0
208.94.63.194,38.102.0.109,31.0
208.94.63.194,38.102.0.109,31.0
208.94.63.194,38.102.0.109,31.0
208.94.63.194,38.102.0.109,31.0
208.94.63.194,38.102.0.109,31.0
208.94.63.194,38.102.0.109,31.1
208.94.63.194,38.102.0.109,31.0
208.94.63.194,38.102.0.109,31.0
208.94.63.194,38.102.0.109,31.0
208.94.63.194,38.102.0.109,31.0
208.94.63.194,38.102.0.109,31.0
208.94.63.194,38.102.0.109,31.0
208.94.63.194,38.102.0.109,31.0
208.94.63.194,38.102.0.109,31.0
208.94.63.194,38.102.0.109,31.2
208.94.63.194,38.102.0.109,31.0
208.94.63.194,38.102.0.109,31.1
208.94.63.194,38.102.0.109,31.0
208.94.63.194,38.102.0.109,31.0
208.94.63.194,38.102.0.109,31.0
208.94.63.194,38.102.0.109,31.0
208.94.63.194,38.102.0.109,31.0
208.94.63.194,38.102.0.109,31.0
208.94.63.194,38.102.0.109,31.0
208.94.63.194,38.102.0.109,31.0
208.94.63.194,38.102.0.109,31.0
208.94.63.194,38.102.0.109,31.0
208.94.63.194,38.102.0.109,31.0
208.94.63.194,38.102.0.109,31.0
208.94.63.194,38.102.0.109,31.1
208.94.63.194,38.102.0.109,31.0
208.94.63.194,38.102.0.109,31.0
208.94.63.194,38.102.0.109,30.9
208.94.63.194,38.102.0.109,31.0
208.94.63.194,38.102.0.109,31.0
208.94.63.194,38.102.0.109,31.1
208.94.63.194,38.102.0.109,31.1
208.94.63.194,38.102.0.109,31.0
208.94.63.194,38.102.0.109,31.0
208.94.63.194,38.102.0.109,31.0
208.94.63.194,38.102.0.109,31.0
208.94.63.194,38.102.0.109,31.0
208.94.63.194,38.102.0.109,31.0
208.94.63.194,38.102.0.109,31.1
208.94.63.194,38.102.0.109,31.0
208.94.63.194,38.102.0.109,31.0
208.94.63.194,38.102.0.109,31.0
208.94.63.194,38.102.0.109,31.0
208.94.63.194,38.102.0.109,31.0
208.94.63.194,38.102.0.109,31.0
208.94.63.194,38.102.0.109,31.0
208.94.63.194,38.102.0.109,31.0
208.94.63.194,38.102.0.109,31.0
208.94.63.194,38.102.0.109,31.0
208.94.63.194,38.102.0.109,31.0
208.94.63.194,38.102.0.109,31.0
208.94.63.194,38.102.0.109,31.0
208.94.63.194,38.102.0.109,31.0
208.94.63.194,38.102.0.109,31.0
208.94.63.194,38.102.0.109,31.0
208.94.63.194,38.102.0.109,31.0
208.94.63.194,38.102.0.109,31.0
208.94.63.194,38.102.0.109,31.0
208.94.63.194,38.102.0.109,31.0
208.94.63.194,38.102.0.109,31.0
208.94.63.194,38.102.0.109,31.0
208.94.63.194,38.102.0.109,31.0
208.94.63.194,38.102.0.109,31.2
208.94.63.194,38.102.0.109,31.0
208.94.63.194,38.102.0.109,31.0
208.94.63.194,38.102.0.109,31.0
208.94.63.194,38.102.0.109,31.0
208.94.63.194,38.102.0.109,31.0
208.94.63.194,38.102.0.109,31.0
208.94.63.194,38.102.0.109,31.0
208.94.63.194,38.102.0.109,31.0
208.94.63.194,38.102.0.109,31.0
208.94.63.194,38.102.0.109,31.0
208.94.63.194,38.102.0.109,31.0
208.94.63.194,38.102.0.109,31.0
208.94.63.194,38.102.0.109,31.0
208.94.63.194,38.102.0.109,31.0
208.94.63.194,38.102.0.109,31.0
208.94.63.194,38.102.0.109,31.0
208.94.63.194,38.102.0.109,31.0
208.94.63.194,38.102.0.109,31.0
208.94.63.194,38.102.0.109,31.0
208.94.63.194,38.102.0.109,31.0
208.94.63.194,38.102.0.109,31.1
208.94.63.194,38.102.0.109,30.9
208.94.63.194,38.102.0.109,31.1
208.94.63.194,38.102.0.109,31.0
208.94.63.194,38.102.0.109,31.0
208.94.63.194,38.102.0.109,31.0
208.94.63.194,38.102.0.109,31.0
208.94.63.194,38.102.0.109,30.9
208.94.63.194,38.102.0.109,31.5
208.94.63.194,38.102.0.109,31.1
208.94.63.194,38.102.0.109,31.0
208.94.63.194,38.102.0.109,31.0
208.94.63.194,38.102.0.109,30.9
208.94.63.194,38.102.0.109,31.0
208.94.63.194,38.102.0.109,31.0
208.94.63.194,38.102.0.109,31.1
208.94.63.194,38.102.0.109,31.0
208.94.63.194,38.102.0.109,31.0
208.94.63.194,38.102.0.109,31.0
208.94.63.194,38.102.0.109,31.0
208.94.63.194,38.102.0.109,30.9
208.94.63.194,38.102.0.109,31.0
208.94.63.194,38.102.0.109,31.1
208.94.63.194,38.102.0.109,31.0
208.94.63.194,38.102.0.109,31.0
208.94.63.194,38.102.0.109,30.9
208.94.63.194,38.102.0.109,31.0
208.94.63.194,38.102.0.109,31.1
208.94.63.194,38.102.0.109,31.0
208.94.63.194,38.102.0.109,31.1
208.94.63.194,38.102.0.109,31.1
208.94.63.194,38.102.0.109,31.1
208.94.63.194,38.102.0.109,31.0
208.94.63.194,38.102.0.109,30.9
208.94.63.194,38.102.0.109,31.0
208.94.63.194,38.102.0.109,31.0
208.94.63.194,38.102.0.109,31.1
208.94.63.194,38.102.0.109,31.1
208.94.63.194,38.102.0.109,31.0
208.94.63.194,38.102.0.109,31.0
208.94.63.194,38.102.0.109,31.0
208.94.63.194,38.102.0.109,31.0
208.94.63.194,38.102.0.109,31.1
208.94.63.194,38.102.0.109,30.9
208.94.63.194,38.102.0.109,31.0
208.94.63.194,38.102.0.109,31.0
208.94.63.194,38.102.0.109,31.0
208.94.63.194,38.102.0.109,31.0
208.94.63.194,38.102.0.109,31.1
208.94.63.194,38.102.0.109,31.0
208.94.63.194,38.102.0.109,31.0
208.94.63.194,38.102.0.109,30.9
208.94.63.194,38.102.0.109,30.9
208.94.63.194,38.102.0.109,31.3
208.94.63.194,38.102.0.109,31.1
208.94.63.194,38.102.0.109,30.9
208.94.63.194,38.102.0.109,31.0
208.94.63.194,38.102.0.109,31.1
208.94.63.194,38.102.0.109,31.2
208.94.63.194,38.102.0.109,30.9
208.94.63.194,38.102.0.109,31.0
208.94.63.194,38.102.0.109,31.1
208.94.63.194,38.102.0.109,31.0
208.94.63.194,38.102.0.109,31.0
208.94.63.194,38.102.0.109,31.0
208.94.63.194,38.102.0.109,31.0
208.94.63.194,38.102.0.109,31.0
208.94.63.194,38.102.0.109,31.0
208.94.63.194,38.102.0.109,31.0
208.94.63.194,38.102.0.109,31.1
208.94.63.194,38.102.0.109,30.9
208.94.63.194,38.102.0.109,31.0
208.94.63.194,38.102.0.109,31.0
208.94.63.194,38.102.0.109,31.1
208.94.63.194,38.102.0.109,30.9
208.94.63.194,38.102.0.109,31.0
208.94.63.194,38.102.0.109,30.9
208.94.63.194,38.102.0.109,31.0
208.94.63.194,38.102.0.109,30.9
208.94.63.194,38.102.0.109,31.0
208.94.63.194,38.102.0.109,31.0
208.94.63.194,38.102.0.109,31.0
208.94.63.194,38.102.0.109,30.9
208.94.63.194,38.102.0.109,31.0
208.94.63.194,38.102.0.109,31.0
208.94.63.194,38.102.0.109,30.9
208.94.63.194,38.102.0.109,31.0
208.94.63.194,38.102.0.109,30.9
208.94.63.194,38.102.0.109,31.0
208.94.63.194,38.102.0.109,30.9
208.94.63.194,38.102.0.109,31.1
208.94.63.194,38.102.0.109,30.9
208.94.63.194,38.102.0.109,31.0
208.94.63.194,38.102.0.109,31.0
208.94.63.194,38.102.0.109,30.9
208.94.63.194,38.102.0.109,31.0
208.94.63.194,38.102.0.109,31.1
208.94.63.194,38.102.0.109,30.9
208.94.63.194,38.102.0.109,31.0
208.94.63.194,38.102.0.109,31.0
208.94.63.194,38.102.0.109,31.0
208.94.63.194,38.102.0.109,31.0
208.94.63.194,38.102.0.109,31.0
208.94.63.194,38.102.0.109,31.1
208.94.63.194,38.102.0.109,31.0
208.94.63.194,38.102.0.109,31.1
208.94.63.194,38.102.0.109,30.9
208.94.63.194,38.102.0.109,31.0
208.94.63.194,38.102.0.109,30.9
208.94.63.194,38.102.0.109,31.0
208.94.63.194,38.102.0.109,31.0
208.94.63.194,38.102.0.109,31.0
208.94.63.194,38.102.0.109,31.0
208.94.63.194,38.102.0.109,31.0
208.94.63.194,38.102.0.109,31.0
208.94.63.194,38.102.0.109,31.0
208.94.63.194,38.102.0.109,30.9
208.94.63.194,38.102.0.109,31.0
208.94.63.194,38.102.0.109,30.9
208.94.63.194,38.102.0.109,31.0
208.94.63.194,38.102.0.109,30.9
208.94.63.194,38.102.0.109,30.9
208.94.63.194,38.102.0.109,31.0
208.94.63.194,38.102.0.109,30.9
208.94.63.194,38.102.0.109,31.1
208.94.63.194,38.102.0.109,30.9
208.94.63.194,38.102.0.109,31.0
208.94.63.194,38.102.0.109,30.9
208.94.63.194,38.102.0.109,31.0
208.94.63.194,38.102.0.109,30.9
208.94.63.194,38.102.0.109,31.0
208.94.63.194,38.102.0.109,31.0
208.94.63.194,38.102.0.109,31.1
208.94.63.194,38.102.0.109,31.0
208.94.63.194,38.102.0.109,31.0
208.94.63.194,38.102.0.109,30.9
208.94.63.194,38.102.0.109,31.0
208.94.63.194,38.102.0.109,31.1
208.94.63.194,38.102.0.109,30.9
208.94.63.194,38.102.0.109,31.0
208.94.63.194,38.102.0.109,31.0
208.94.63.194,38.102.0.109,31.0
208.94.63.194,38.102.0.109,31.0
208.94.63.194,38.102.0.109,30.9
208.94.63.194,38.102.0.109,31.1
208.94.63.194,38.102.0.109,31.0
208.94.63.194,38.102.0.109,31.1
208.94.63.194,38.102.0.109,31.0
208.94.63.194,38.102.0.109,30.9
208.94.63.194,38.102.0.109,31.0
208.94.63.194,38.102.0.109,30.9
208.94.63.194,38.102.0.109,31.0
208.94.63.194,38.102.0.109,31.0
208.94.63.194,38.102.0.109,31.0
208.94.63.194,38.102.0.109,31.0
208.94.63.194,38.102.0.109,31.0
208.94.63.194,38.102.0.109,30.9
208.94.63.194,38.102.0.109,31.0
208.94.63.194,38.102.0.109,31.0
208.94.63.194,38.102.0.109,31.0
208.94.63.194,38.102.0.109,31.1
208.94.63.194,38.102.0.109,31.0
208.94.63.194,38.102.0.109,31.2
208.94.63.194,38.102.0.109,30.9
208.94.63.194,38.102.0.109,31.0
208.94.63.194,38.102.0.109,31.0
208.94.63.194,38.102.0.109,31.0
208.94.63.194,38.102.0.109,30.9
208.94.63.194,38.102.0.109,31.0
208.94.63.194,38.102.0.109,31.0
208.94.63.194,38.102.0.109,31.0
208.94.63.194,38.102.0.109,31.0
208.94.63.194,38.102.0.109,31.0
208.94.63.194,38.102.0.109,31.0
208.94.63.194,38.102.0.109,31.0
208.94.63.194,38.102.0.109,31.0
208.94.63.194,38.102.0.109,31.0
208.94.63.194,38.102.0.109,31.0
208.94.63.194,38.102.0.109,31.0
208.94.63.194,38.102.0.109,31.0
208.94.63.194,38.102.0.109,30.9
208.94.63.194,38.102.0.109,31.0
208.94.63.194,38.102.0.109,31.0
208.94.63.194,38.102.0.109,31.0
208.94.63.194,38.102.0.109,31.0
208.94.63.194,38.102.0.109,31.0
208.94.63.194,38.102.0.109,31.0
208.94.63.194,38.102.0.109,31.0
208.94.63.194,38.102.0.109,31.0
208.94.63.194,38.102.0.109,31.0
208.94.63.194,38.102.0.109,30.9
208.94.63.194,38.102.0.109,31.0
208.94.63.194,38.102.0.109,31.0
208.94.63.194,38.102.0.109,31.1
208.94.63.194,38.102.0.109,31.0
208.94.63.194,38.102.0.109,31.0
208.94.63.194,38.102.0.109,30.9
208.94.63.194,38.102.0.109,31.0
208.94.63.194,38.102.0.109,31.0
208.94.63.194,38.102.0.109,31.3
208.94.63.194,38.102.0.109,31.0
208.94.63.194,38.102.0.109,31.7
208.94.63.194,38.102.0.109,30.9
208.94.63.194,38.102.0.109,31.0
208.94.63.194,38.102.0.109,31.1
208.94.63.194,38.102.0.109,31.0
208.94.63.194,38.102.0.109,31.0
208.94.63.194,38.102.0.109,31.0
208.94.63.194,38.102.0.109,31.1
208.94.63.194,38.102.0.109,31.0
208.94.63.194,38.102.0.109,31.0
208.94.63.194,38.102.0.109,31.0
208.94.63.194,38.102.0.109,31.1
208.94.63.194,38.102.0.109,31.0
208.94.63.194,38.102.0.109,31.0
208.94.63.194,38.102.0.109,31.0
208.94.63.194,38.102.0.109,31.0
208.94.63.194,38.102.0.109,31.0
208.94.63.194,38.102.0.109,30.9
208.94.63.194,38.102.0.109,31.0
208.94.63.194,38.102.0.109,31.0
208.94.63.194,38.102.0.109,30.9
208.94.63.194,38.102.0.109,31.0
208.94.63.194,38.102.0.109,31.0
208.94.63.194,38.102.0.109,31.0
208.94.63.194,38.102.0.109,30.9
208.94.63.194,38.102.0.109,30.9
208.94.63.194,38.102.0.109,31.0
208.94.63.194,38.102.0.109,31.0
208.94.63.194,38.102.0.109,30.9
208.94.63.194,38.102.0.109,31.0
208.94.63.194,38.102.0.109,31.1
208.94.63.194,38.102.0.109,30.9
208.94.63.194,38.102.0.109,31.0
208.94.63.194,38.102.0.109,31.0
208.94.63.194,38.102.0.109,30.9
208.94.63.194,38.102.0.109,31.0
208.94.63.194,38.102.0.109,31.0
208.94.63.194,38.102.0.109,31.0
208.94.63.194,38.102.0.109,31.0
208.94.63.194,38.102.0.109,31.0
208.94.63.194,38.102.0.109,31.0
208.94.63.194,38.102.0.109,31.0
208.94.63.194,38.102.0.109,31.2
208.94.63.194,38.102.0.109,31.0
208.94.63.194,38.102.0.109,31.0
208.94.63.194,38.102.0.109,31.0
208.94.63.194,38.102.0.109,31.0
208.94.63.194,38.102.0.109,31.0
208.94.63.194,38.102.0.109,31.1
208.94.63.194,38.102.0.109,31.0
208.94.63.194,38.102.0.109,31.0
208.94.63.194,38.102.0.109,31.0
208.94.63.194,38.102.0.109,31.0
208.94.63.194,38.102.0.109,31.0
208.94.63.194,38.102.0.109,31.0
208.94.63.194,38.102.0.109,30.9
208.94.63.194,38.102.0.109,31.0
208.94.63.194,38.102.0.109,31.0
208.94.63.194,38.102.0.109,30.9
208.94.63.194,38.102.0.109,31.0
208.94.63.194,38.102.0.109,31.0
208.94.63.194,38.102.0.109,31.0
208.94.63.194,38.102.0.109,31.0
208.94.63.194,38.102.0.109,31.0
208.94.63.194,38.102.0.109,31.0
208.94.63.194,38.102.0.109,31.6
208.94.63.194,38.102.0.109,31.0
208.94.63.194,38.102.0.109,31.0
208.94.63.194,38.102.0.109,31.0
208.94.63.194,38.102.0.109,30.9
208.94.63.194,38.102.0.109,31.0
208.94.63.194,38.102.0.109,30.9
208.94.63.194,38.102.0.109,31.0
208.94.63.194,38.102.0.109,31.0
208.94.63.194,38.102.0.109,31.0
208.94.63.194,38.102.0.109,31.0
208.94.63.194,38.102.0.109,31.0
208.94.63.194,38.102.0.109,31.0
208.94.63.194,38.102.0.109,30.9
208.94.63.194,38.102.0.109,31.0
208.94.63.194,38.102.0.109,31.0
208.94.63.194,38.102.0.109,31.0
208.94.63.194,38.102.0.109,31.0
208.94.63.194,38.102.0.109,30.9
208.94.63.194,38.102.0.109,31.0
208.94.63.194,38.102.0.109,31.0
208.94.63.194,38.102.0.109,31.0
208.94.63.194,38.102.0.109,30.9
208.94.63.194,38.102.0.109,31.0
208.94.63.194,38.102.0.109,31.0
208.94.63.194,38.102.0.109,30.9
208.94.63.194,38.102.0.109,31.0
208.94.63.194,38.102.0.109,31.0
208.94.63.194,38.102.0.109,31.1
208.94.63.194,38.102.0.109,31.0
208.94.63.194,38.102.0.109,30.9
208.94.63.194,38.102.0.109,30.9
208.94.63.194,38.102.0.109,31.0
208.94.63.194,38.102.0.109,31.2
208.94.63.194,38.102.0.109,30.9
208.94.63.194,38.102.0.109,31.0
208.94.63.194,38.102.0.109,30.9
208.94.63.194,38.102.0.109,31.0
208.94.63.194,38.102.0.109,31.0
208.94.63.194,38.102.0.109,31.0
208.94.63.194,38.102.0.109,30.9
208.94.63.194,38.102.0.109,31.1
208.94.63.194,38.102.0.109,31.0
208.94.63.194,38.102.0.109,31.0
208.94.63.194,38.102.0.109,31.1
208.94.63.194,38.102.0.109,31.0
208.94.63.194,38.102.0.109,31.1
208.94.63.194,38.102.0.109,31.0
208.94.63.194,38.102.0.109,31.0
208.94.63.194,38.102.0.109,31.0
208.94.63.194,38.102.0.109,31.0
208.94.63.194,38.102.0.109,31.1
208.94.63.194,38.102.0.109,31.0
208.94.63.194,38.102.0.109,31.0
208.94.63.194,38.102.0.109,31.0
208.94.63.194,38.102.0.109,31.1
208.94.63.194,38.102.0.109,31.0
208.94.63.194,38.102.0.109,31.1
208.94.63.194,38.102.0.109,31.0
208.94.63.194,38.102.0.109,31.0
208.94.63.194,38.102.0.109,31.0
208.94.63.194,38.102.0.109,31.0
208.94.63.194,38.102.0.109,31.0
208.94.63.194,38.102.0.109,31.0
208.94.63.194,38.102.0.109,31.0
208.94.63.194,38.102.0.109,31.0
208.94.63.194,38.102.0.109,31.1
208.94.63.194,38.102.0.109,31.3
208.94.63.194,38.102.0.109,31.0
208.94.63.194,38.102.0.109,31.0
208.94.63.194,38.102.0.109,31.0
208.94.63.194,38.102.0.109,31.0
208.94.63.194,38.102.0.109,31.0
208.94.63.194,38.102.0.109,30.9
208.94.63.194,38.102.0.109,31.2
208.94.63.194,38.102.0.109,31.0
208.94.63.194,38.102.0.109,31.0
208.94.63.194,38.102.0.109,31.4
208.94.63.194,38.102.0.109,31.0
208.94.63.194,38.102.0.109,31.0
208.94.63.194,38.102.0.109,31.1
208.94.63.194,38.102.0.109,31.0
208.94.63.194,38.102.0.109,30.9
208.94.63.194,38.102.0.109,31.0
208.94.63.194,38.102.0.109,31.0
208.94.63.194,38.102.0.109,31.0
208.94.63.194,38.102.0.109,31.0
208.94.63.194,38.102.0.109,31.0
208.94.63.194,38.102.0.109,31.0
208.94.63.194,38.102.0.109,31.1
208.94.63.194,38.102.0.109,31.1
208.94.63.194,38.102.0.109,31.0
208.94.63.194,38.102.0.109,31.0
208.94.63.194,38.102.0.109,31.0
208.94.63.194,38.102.0.109,31.0
208.94.63.194,38.102.0.109,30.9
208.94.63.194,38.102.0.109,31.0
208.94.63.194,38.102.0.109,31.0
208.94.63.194,38.102.0.109,31.0
208.94.63.194,38.102.0.109,31.0
208.94.63.194,38.102.0.109,31.0
208.94.63.194,38.102.0.109,30.9
208.94.63.194,38.102.0.109,31.0
208.94.63.194,38.102.0.109,30.9
208.94.63.194,38.102.0.109,30.9
208.94.63.194,38.102.0.109,31.0
208.94.63.194,38.102.0.109,31.0
208.94.63.194,38.102.0.109,31.0
208.94.63.194,38.102.0.109,30.9
208.94.63.194,38.102.0.109,31.0
208.94.63.194,38.102.0.109,31.0
208.94.63.194,38.102.0.109,31.0
208.94.63.194,38.102.0.109,31.0
208.94.63.194,38.102.0.109,31.1
208.94.63.194,38.98.51.20,5.20
208.94.63.194,38.98.51.20,5.18
208.94.63.194,38.98.51.20,5.24
208.94.63.194,38.98.51.20,5.29
208.94.63.194,38.98.51.20,5.24
208.94.63.194,38.98.51.20,5.22
208.94.63.194,38.98.51.20,5.22
208.94.63.194,38.98.51.20,5.24
208.94.63.194,38.98.51.20,5.20
208.94.63.194,38.98.51.20,5.25
208.94.63.194,38.98.51.20,5.24
208.94.63.194,38.98.51.20,5.29
208.94.63.194,38.98.51.20,5.24
208.94.63.194,38.98.51.20,5.22
208.94.63.194,38.98.51.20,5.24
208.94.63.194,38.98.51.20,5.25
208.94.63.194,38.98.51.20,5.23
208.94.63.194,38.98.51.20,5.29
208.94.63.194,38.98.51.20,5.24
208.94.63.194,38.98.51.20,5.26
208.94.63.194,38.98.51.20,5.23
208.94.63.194,38.98.51.20,5.23
208.94.63.194,38.98.51.20,5.26
208.94.63.194,38.98.51.20,5.20
208.94.63.194,38.98.51.20,5.25
208.94.63.194,38.98.51.20,5.26
208.94.63.194,38.98.51.20,5.25
208.94.63.194,38.98.51.20,5.24
208.94.63.194,38.98.51.20,5.23
208.94.63.194,38.98.51.20,5.21
208.94.63.194,38.98.51.20,5.21
208.94.63.194,38.98.51.20,5.21
208.94.63.194,38.98.51.20,5.31
208.94.63.194,38.98.51.20,5.58
208.94.63.194,38.98.51.20,5.22
208.94.63.194,38.98.51.20,5.22
208.94.63.194,38.98.51.20,5.25
208.94.63.194,38.98.51.20,5.22
208.94.63.194,38.98.51.20,5.23
208.94.63.194,38.98.51.20,5.28
208.94.63.194,38.98.51.20,5.24
208.94.63.194,38.98.51.20,5.28
208.94.63.194,38.98.51.20,5.30
208.94.63.194,38.98.51.20,5.26
208.94.63.194,38.98.51.20,5.27
208.94.63.194,38.98.51.20,5.23
208.94.63.194,38.98.51.20,5.34
208.94.63.194,38.98.51.20,5.29
208.94.63.194,38.98.51.20,5.31
208.94.63.194,38.98.51.20,5.19
208.94.63.194,38.98.51.20,5.23
208.94.63.194,38.98.51.20,5.23
208.94.63.194,38.98.51.20,5.22
208.94.63.194,38.98.51.20,5.25
208.94.63.194,38.98.51.20,5.32
208.94.63.194,38.98.51.20,5.29
208.94.63.194,38.98.51.20,5.33
208.94.63.194,38.98.51.20,5.25
208.94.63.194,38.98.51.20,5.22
208.94.63.194,38.98.51.20,5.22
208.94.63.194,38.98.51.20,5.31
208.94.63.194,38.98.51.20,5.22
208.94.63.194,38.98.51.20,5.19
208.94.63.194,38.98.51.20,5.19
208.94.63.194,38.98.51.20,5.22
208.94.63.194,38.98.51.20,5.21
208.94.63.194,38.98.51.20,5.19
208.94.63.194,38.98.51.20,5.19
208.94.63.194,38.98.51.20,5.23
208.94.63.194,38.98.51.20,5.21
208.94.63.194,38.98.51.20,5.22
208.94.63.194,38.98.51.20,5.45
208.94.63.194,38.98.51.20,5.21
208.94.63.194,38.98.51.20,5.23
208.94.63.194,38.98.51.20,5.20
208.94.63.194,38.98.51.20,5.22
208.94.63.194,38.98.51.20,5.25
208.94.63.194,38.98.51.20,5.25
208.94.63.194,38.98.51.20,5.22
208.94.63.194,38.98.51.20,5.20
208.94.63.194,38.98.51.20,5.21
208.94.63.194,38.98.51.20,5.25
208.94.63.194,38.98.51.20,5.38
208.94.63.194,38.98.51.20,5.20
208.94.63.194,38.98.51.20,5.28
208.94.63.194,38.98.51.20,5.21
208.94.63.194,38.98.51.20,5.21
208.94.63.194,38.98.51.20,5.25
208.94.63.194,38.98.51.20,5.23
208.94.63.194,38.98.51.20,5.22
208.94.63.194,38.98.51.20,5.38
208.94.63.194,38.98.51.20,5.23
208.94.63.194,38.98.51.20,5.28
208.94.63.194,38.98.51.20,5.22
208.94.63.194,38.98.51.20,5.40
208.94.63.194,38.98.51.20,5.25
208.94.63.194,38.98.51.20,5.25
208.94.63.194,38.98.51.20,5.28
208.94.63.194,38.98.51.20,5.24
208.94.63.194,38.98.51.20,5.22
208.94.63.194,38.98.51.20,5.33
208.94.63.194,38.98.51.20,5.23
208.94.63.194,38.98.51.20,5.19
208.94.63.194,38.98.51.20,5.36
208.94.63.194,38.98.51.20,5.21
208.94.63.194,38.98.51.20,5.18
208.94.63.194,38.98.51.20,5.19
208.94.63.194,38.98.51.20,5.22
208.94.63.194,38.98.51.20,5.24
208.94.63.194,38.98.51.20,5.20
208.94.63.194,38.98.51.20,5.34
208.94.63.194,38.98.51.20,5.23
208.94.63.194,38.98.51.20,5.24
208.94.63.194,38.98.51.20,5.26
208.94.63.194,38.98.51.20,5.18
208.94.63.194,38.98.51.20,5.19
208.94.63.194,38.98.51.20,5.23
208.94.63.194,38.98.51.20,5.21
208.94.63.194,38.98.51.20,5.19
208.94.63.194,38.98.51.20,5.25
208.94.63.194,38.98.51.20,5.24
208.94.63.194,38.98.51.20,5.30
208.94.63.194,38.98.51.20,5.24
208.94.63.194,38.98.51.20,5.20
208.94.63.194,38.98.51.20,5.25
208.94.63.194,38.98.51.20,5.26
208.94.63.194,38.98.51.20,5.20
208.94.63.194,38.98.51.20,5.21
208.94.63.194,38.98.51.20,5.24
208.94.63.194,38.98.51.20,5.21
208.94.63.194,38.98.51.20,5.56
208.94.63.194,38.98.51.20,5.30
208.94.63.194,38.98.51.20,5.30
208.94.63.194,38.98.51.20,5.20
208.94.63.194,38.98.51.20,5.22
208.94.63.194,38.98.51.20,5.25
208.94.63.194,38.98.51.20,5.29
208.94.63.194,38.98.51.20,5.31
208.94.63.194,38.98.51.20,5.24
208.94.63.194,38.98.51.20,5.24
208.94.63.194,38.98.51.20,5.22
208.94.63.194,38.98.51.20,5.20
208.94.63.194,38.98.51.20,5.26
208.94.63.194,38.98.51.20,5.22
208.94.63.194,38.98.51.20,5.31
208.94.63.194,38.98.51.20,5.22
208.94.63.194,38.98.51.20,5.26
208.94.63.194,38.98.51.20,5.35
208.94.63.194,38.98.51.20,5.20
208.94.63.194,38.98.51.20,5.22
208.94.63.194,38.98.51.20,5.26
208.94.63.194,38.98.51.20,5.23
208.94.63.194,38.98.51.20,5.25
208.94.63.194,38.98.51.20,5.19
208.94.63.194,38.98.51.20,5.31
208.94.63.194,38.98.51.20,5.22
208.94.63.194,38.98.51.20,5.40
208.94.63.194,38.98.51.20,5.28
208.94.63.194,38.98.51.20,5.22
208.94.63.194,38.98.51.20,5.46
208.94.63.194,38.98.51.20,5.20
208.94.63.194,38.98.51.20,5.33
208.94.63.194,38.98.51.20,5.22
208.94.63.194,38.98.51.20,5.21
208.94.63.194,38.98.51.20,5.26
208.94.63.194,38.98.51.20,5.25
208.94.63.194,38.98.51.20,5.23
208.94.63.194,38.98.51.20,5.37
208.94.63.194,38.98.51.20,5.28
208.94.63.194,38.98.51.20,5.22
208.94.63.194,38.98.51.20,5.22
208.94.63.194,38.98.51.20,5.49
208.94.63.194,38.98.51.20,5.21
208.94.63.194,38.98.51.20,5.21
208.94.63.194,38.98.51.20,5.46
208.94.63.194,38.98.51.20,5.20
208.94.63.194,38.98.51.20,5.21
208.94.63.194,38.98.51.20,5.23
208.94.63.194,38.98.51.20,5.22
208.94.63.194,38.98.51.20,5.22
208.94.63.194,38.98.51.20,5.22
208.94.63.194,38.98.51.20,5.34
208.94.63.194,38.98.51.20,5.27
208.94.63.194,38.98.51.20,5.24
208.94.63.194,38.98.51.20,5.21
208.94.63.194,38.98.51.20,5.23
208.94.63.194,38.98.51.20,5.23
208.94.63.194,38.98.51.20,5.26
208.94.63.194,38.98.51.20,5.24
208.94.63.194,38.98.51.20,5.26
208.94.63.194,38.98.51.20,5.52
208.94.63.194,38.98.51.20,5.28
208.94.63.194,38.98.51.20,5.27
208.94.63.194,38.98.51.20,5.40
208.94.63.194,38.98.51.20,5.49
208.94.63.194,38.98.51.20,5.20
208.94.63.194,38.98.51.20,5.24
208.94.63.194,38.98.51.20,5.26
208.94.63.194,38.98.51.20,5.26
208.94.63.194,38.98.51.20,5.22
208.94.63.194,38.98.51.20,5.27
208.94.63.194,38.98.51.20,5.21
208.94.63.194,38.98.51.20,5.22
208.94.63.194,38.98.51.20,5.40
208.94.63.194,38.98.51.20,5.20
208.94.63.194,38.98.51.20,5.28
208.94.63.194,38.98.51.20,5.23
208.94.63.194,38.98.51.20,5.22
208.94.63.194,38.98.51.20,5.24
208.94.63.194,38.98.51.20,5.19
208.94.63.194,38.98.51.20,5.20
208.94.63.194,38.98.51.20,5.40
208.94.63.194,38.98.51.20,5.21
208.94.63.194,38.98.51.20,5.22
208.94.63.194,38.98.51.20,5.48
208.94.63.194,38.98.51.20,5.25
208.94.63.194,38.98.51.20,5.21
208.94.63.194,38.98.51.20,5.23
208.94.63.194,38.98.51.20,5.22
208.94.63.194,38.98.51.20,5.20
208.94.63.194,38.98.51.20,5.46
208.94.63.194,38.98.51.20,5.21
208.94.63.194,38.98.51.20,5.23
208.94.63.194,38.98.51.20,5.28
208.94.63.194,38.98.51.20,5.25
208.94.63.194,38.98.51.20,5.22
208.94.63.194,38.98.51.20,5.46
208.94.63.194,38.98.51.20,5.21
208.94.63.194,38.98.51.20,5.21
208.94.63.194,38.98.51.20,5.29
208.94.63.194,38.98.51.20,5.31
208.94.63.194,38.98.51.20,5.22
208.94.63.194,38.98.51.20,5.25
208.94.63.194,38.98.51.20,5.34
208.94.63.194,38.98.51.20,5.27
208.94.63.194,38.98.51.20,5.22
208.94.63.194,38.98.51.20,5.25
208.94.63.194,38.98.51.20,5.26
208.94.63.194,38.98.51.20,5.21
208.94.63.194,38.98.51.20,5.25
208.94.63.194,38.98.51.20,5.50
208.94.63.194,38.98.51.20,5.29
208.94.63.194,38.98.51.20,5.24
208.94.63.194,38.98.51.20,5.33
208.94.63.194,38.98.51.20,5.27
208.94.63.194,38.98.51.20,5.22
208.94.63.194,38.98.51.20,5.25
208.94.63.194,38.98.51.20,5.23
208.94.63.194,38.98.51.20,5.31
208.94.63.194,38.98.51.20,5.38
208.94.63.194,38.98.51.20,5.26
208.94.63.194,38.98.51.20,5.21
208.94.63.194,38.98.51.20,5.23
208.94.63.194,38.98.51.20,5.25
208.94.63.194,38.98.51.20,5.23
208.94.63.194,38.98.51.20,5.37
208.94.63.194,38.98.51.20,5.36
208.94.63.194,38.98.51.20,5.22
208.94.63.194,38.98.51.20,5.20
208.94.63.194,38.98.51.20,5.26
208.94.63.194,38.98.51.20,5.22
208.94.63.194,38.98.51.20,5.21
208.94.63.194,38.98.51.20,5.22
208.94.63.194,38.98.51.20,5.24
208.94.63.194,38.98.51.20,5.33
208.94.63.194,38.98.51.20,5.29
208.94.63.194,38.98.51.20,5.27
208.94.63.194,38.98.51.20,5.24
208.94.63.194,38.98.51.20,5.27
208.94.63.194,38.98.51.20,5.25
208.94.63.194,38.98.51.20,5.21
208.94.63.194,38.98.51.20,5.20
208.94.63.194,38.98.51.20,5.31
208.94.63.194,38.98.51.20,5.25
208.94.63.194,38.98.51.20,5.23
208.94.63.194,38.98.51.20,5.25
208.94.63.194,38.98.51.20,5.23
208.94.63.194,38.98.51.20,5.24
208.94.63.194,38.98.51.20,5.26
208.94.63.194,38.98.51.20,5.28
208.94.63.194,38.98.51.20,5.41
208.94.63.194,38.98.51.20,5.23
208.94.63.194,38.98.51.20,5.31
208.94.63.194,38.98.51.20,5.22
208.94.63.194,38.98.51.20,5.31
208.94.63.194,38.98.51.20,5.22
208.94.63.194,38.98.51.20,5.24
208.94.63.194,38.98.51.20,5.23
208.94.63.194,38.98.51.20,5.25
208.94.63.194,38.98.51.20,5.25
208.94.63.194,38.98.51.20,5.23
208.94.63.194,38.98.51.20,5.42
208.94.63.194,38.98.51.20,5.28
208.94.63.194,38.98.51.20,5.55
208.94.63.194,38.98.51.20,5.22
208.94.63.194,38.98.51.20,5.23
208.94.63.194,38.98.51.20,5.20
208.94.63.194,38.98.51.20,5.22
208.94.63.194,38.98.51.20,5.22
208.94.63.194,38.98.51.20,5.24
208.94.63.194,38.98.51.20,5.64
208.94.63.194,38.98.51.20,5.55
208.94.63.194,38.98.51.20,5.22
208.94.63.194,38.98.51.20,5.22
208.94.63.194,38.98.51.20,5.25
208.94.63.194,38.98.51.20,5.35
208.94.63.194,38.98.51.20,5.30
208.94.63.194,38.98.51.20,5.32
208.94.63.194,38.98.51.20,5.30
208.94.63.194,38.98.51.20,5.24
208.94.63.194,38.98.51.20,5.21
208.94.63.194,38.98.51.20,5.21
208.94.63.194,38.98.51.20,5.22
208.94.63.194,38.98.51.20,5.26
208.94.63.194,38.98.51.20,5.33
208.94.63.194,38.98.51.20,5.19
208.94.63.194,38.98.51.20,5.21
208.94.63.194,38.98.51.20,5.22
208.94.63.194,38.98.51.20,5.39
208.94.63.194,38.98.51.20,5.21
208.94.63.194,38.98.51.20,5.22
208.94.63.194,38.98.51.20,5.22
208.94.63.194,38.98.51.20,5.23
208.94.63.194,38.98.51.20,5.26
208.94.63.194,38.98.51.20,5.21
208.94.63.194,38.98.51.20,5.28
208.94.63.194,38.98.51.20,5.24
208.94.63.194,38.98.51.20,5.30
208.94.63.194,38.98.51.20,5.21
208.94.63.194,38.98.51.20,5.36
208.94.63.194,38.98.51.20,5.31
208.94.63.194,38.98.51.20,5.19
208.94.63.194,38.98.51.20,5.47
208.94.63.194,38.98.51.20,5.24
208.94.63.194,38.98.51.20,5.26
208.94.63.194,38.98.51.20,5.38
208.94.63.194,38.98.51.20,5.23
208.94.63.194,38.98.51.20,5.21
208.94.63.194,38.98.51.20,5.31
208.94.63.194,38.98.51.20,5.28
208.94.63.194,38.98.51.20,5.23
208.94.63.194,38.98.51.20,5.25
208.94.63.194,38.98.51.20,5.24
208.94.63.194,38.98.51.20,5.37
208.94.63.194,38.98.51.20,5.20
208.94.63.194,38.98.51.20,5.22
208.94.63.194,38.98.51.20,5.28
208.94.63.194,38.98.51.20,5.28
208.94.63.194,38.98.51.20,5.24
208.94.63.194,38.98.51.20,5.22
208.94.63.194,38.98.51.20,5.21
208.94.63.194,38.98.51.20,5.25
208.94.63.194,38.98.51.20,5.19
208.94.63.194,38.98.51.20,5.35
208.94.63.194,38.98.51.20,5.26
208.94.63.194,38.98.51.20,5.22
208.94.63.194,38.98.51.20,5.22
208.94.63.194,38.98.51.20,5.21
208.94.63.194,38.98.51.20,5.23
208.94.63.194,38.98.51.20,5.20
208.94.63.194,38.98.51.20,5.22
208.94.63.194,38.98.51.20,5.22
208.94.63.194,38.98.51.20,5.22
208.94.63.194,38.98.51.20,5.28
208.94.63.194,38.98.51.20,5.21
208.94.63.194,38.98.51.20,5.21
208.94.63.194,38.98.51.20,5.20
208.94.63.194,38.98.51.20,5.33
208.94.63.194,38.98.51.20,5.23
208.94.63.194,38.98.51.20,5.22
208.94.63.194,38.98.51.20,5.23
208.94.63.194,38.98.51.20,5.23
208.94.63.194,38.98.51.20,5.41
208.94.63.194,38.98.51.20,5.22
208.94.63.194,38.98.51.20,5.41
208.94.63.194,38.98.51.20,5.22
208.94.63.194,38.98.51.20,5.25
208.94.63.194,38.98.51.20,5.25
208.94.63.194,38.98.51.20,5.39
208.94.63.194,38.98.51.20,5.34
208.94.63.194,38.98.51.20,5.32
208.94.63.194,38.98.51.20,5.23
208.94.63.194,38.98.51.20,5.22
208.94.63.194,38.98.51.20,5.23
208.94.63.194,38.98.51.20,5.26
208.94.63.194,38.98.51.20,5.20
208.94.63.194,38.98.51.20,5.23
208.94.63.194,38.98.51.20,5.23
208.94.63.194,38.98.51.20,5.26
208.94.63.194,38.98.51.20,5.31
208.94.63.194,38.98.51.20,5.28
208.94.63.194,38.98.51.20,5.31
208.94.63.194,38.98.51.20,5.22
208.94.63.194,38.98.51.20,5.22
208.94.63.194,38.98.51.20,5.31
208.94.63.194,38.98.51.20,5.34
208.94.63.194,38.98.51.20,5.23
208.94.63.194,38.98.51.20,5.27
208.94.63.194,38.98.51.20,5.22
208.94.63.194,38.98.51.20,5.23
208.94.63.194,38.98.51.20,5.19
208.94.63.194,38.98.51.20,5.23
208.94.63.194,38.98.51.20,5.29
208.94.63.194,38.98.51.20,5.34
208.94.63.194,38.98.51.20,5.21
208.94.63.194,38.98.51.20,5.27
208.94.63.194,38.98.51.20,5.23
208.94.63.194,38.98.51.20,5.21
208.94.63.194,38.98.51.20,5.27
208.94.63.194,38.98.51.20,5.18
208.94.63.194,38.98.51.20,5.23
208.94.63.194,38.98.51.20,5.25
208.94.63.194,38.98.51.20,5.21
208.94.63.194,38.98.51.20,5.23
208.94.63.194,38.98.51.20,5.21
208.94.63.194,38.98.51.20,5.21
208.94.63.194,38.98.51.20,5.33
208.94.63.194,38.98.51.20,5.22
208.94.63.194,38.98.51.20,5.21
208.94.63.194,38.98.51.20,5.25
208.94.63.194,38.98.51.20,5.25
208.94.63.194,38.98.51.20,5.24
208.94.63.194,38.98.51.20,5.21
208.94.63.194,38.98.51.20,5.23
208.94.63.194,38.98.51.20,5.23
208.94.63.194,38.98.51.20,5.25
208.94.63.194,38.98.51.20,5.20
208.94.63.194,38.98.51.20,5.21
208.94.63.194,38.98.51.20,5.20
208.94.63.194,38.98.51.20,5.20
208.94.63.194,38.98.51.20,5.19
208.94.63.194,38.98.51.20,5.22
208.94.63.194,38.98.51.20,5.22
208.94.63.194,38.98.51.20,5.19
208.94.63.194,38.98.51.20,5.29
208.94.63.194,38.98.51.20,5.24
208.94.63.194,38.98.51.20,5.22
208.94.63.194,38.98.51.20,5.26
208.94.63.194,38.98.51.20,5.20
208.94.63.194,38.98.51.20,5.22
208.94.63.194,38.98.51.20,5.22
208.94.63.194,38.98.51.20,5.30
208.94.63.194,38.98.51.20,5.28
208.94.63.194,38.98.51.20,5.22
208.94.63.194,38.98.51.20,5.20
208.94.63.194,38.98.51.20,5.23
208.94.63.194,38.98.51.20,5.25
208.94.63.194,38.98.51.20,5.27
208.94.63.194,38.98.51.20,5.24
208.94.63.194,38.98.51.20,5.22
208.94.63.194,38.98.51.20,5.38
208.94.63.194,38.98.51.20,5.22
208.94.63.194,38.98.51.20,5.31
208.94.63.194,38.98.51.20,5.25
208.94.63.194,38.98.51.20,5.27
208.94.63.194,38.98.51.20,5.23
208.94.63.194,38.98.51.20,5.23
208.94.63.194,38.98.51.20,5.22
208.94.63.194,38.98.51.20,5.22
208.94.63.194,38.98.51.20,5.26
208.94.63.194,38.98.51.20,5.21
208.94.63.194,38.98.51.20,5.19
208.94.63.194,38.98.51.20,5.23
208.94.63.194,38.98.51.20,5.26
208.94.63.194,38.98.51.20,5.21
208.94.63.194,38.98.51.20,5.21
208.94.63.194,38.98.51.20,5.22
208.94.63.194,38.98.51.20,5.22
208.94.63.194,38.98.51.20,5.24
208.94.63.194,38.98.51.20,5.20
208.94.63.194,38.98.51.20,5.21
208.94.63.194,38.98.51.20,5.34
208.94.63.194,38.98.51.20,5.22
208.94.63.194,38.98.51.20,5.22
208.94.63.194,38.98.51.20,5.23
208.94.63.194,38.98.51.20,5.26
208.94.63.194,38.98.51.20,5.29
208.94.63.194,38.98.51.20,5.26
208.94.63.194,38.98.51.20,5.27
208.94.63.194,38.98.51.20,5.24
208.94.63.194,38.98.51.20,5.22
208.94.63.194,38.98.51.20,5.39
208.94.63.194,38.98.51.20,5.25
208.94.63.194,38.98.51.20,5.21
208.94.63.194,38.98.51.20,5.25
208.94.63.194,38.98.51.20,5.22
208.94.63.194,38.98.51.20,5.22
208.94.63.194,38.98.51.20,5.25
208.94.63.194,38.98.51.20,5.20
208.94.63.194,38.98.51.20,5.20
208.94.63.194,38.98.51.20,5.24
208.94.63.194,38.98.51.20,5.36
208.94.63.194,38.98.51.20,5.22
208.94.63.194,38.98.51.20,5.45
208.94.63.194,38.98.51.20,5.28
208.94.63.194,38.98.51.20,5.45
208.94.63.194,38.98.51.20,5.21
208.94.63.194,38.98.51.20,5.37
208.94.63.194,38.98.51.20,5.20
208.94.63.194,38.98.51.20,5.48
208.94.63.194,38.98.51.20,5.25
208.94.63.194,38.98.51.20,5.28
208.94.63.194,38.98.51.20,5.21
208.94.63.194,38.98.51.20,5.21
208.94.63.194,38.98.51.20,5.57
208.94.63.194,38.98.51.20,5.23
208.94.63.194,38.98.51.20,5.25
208.94.63.194,38.98.51.20,5.30
208.94.63.194,38.98.51.20,5.22
208.94.63.194,38.98.51.20,5.28
208.94.63.194,38.98.51.20,5.19
208.94.63.194,38.98.51.20,5.25
208.94.63.194,38.98.51.20,5.19
208.94.63.194,38.98.51.20,5.23
208.94.63.194,38.98.51.20,5.21
208.94.63.194,38.98.51.20,5.21
208.94.63.194,38.98.51.20,5.20
208.94.63.194,38.98.51.20,5.34
208.94.63.194,38.98.51.20,5.23
208.94.63.194,38.98.51.20,5.31
208.94.63.194,38.98.51.20,5.22
208.94.63.194,38.98.51.20,5.21
208.94.63.194,38.98.51.20,5.23
208.94.63.194,38.98.51.20,5.23
208.94.63.194,38.98.51.20,5.25
208.94.63.194,38.98.51.20,5.24
208.94.63.194,38.98.51.20,5.21
208.94.63.194,38.98.51.20,5.23
208.94.63.194,38.98.51.20,5.18
208.94.63.194,38.98.51.20,5.22
208.94.63.194,38.98.51.20,5.34
208.94.63.194,38.98.51.20,5.25
208.94.63.194,38.98.51.20,5.21
208.94.63.194,38.98.51.20,5.21
208.94.63.194,38.98.51.20,5.26
208.94.63.194,38.98.51.20,5.21
208.94.63.194,38.98.51.20,5.25
208.94.63.194,38.98.51.20,5.30
208.94.63.194,38.98.51.20,5.20
208.94.63.194,38.98.51.20,5.27
208.94.63.194,38.98.51.20,5.31
208.94.63.194,38.98.51.20,5.23
208.94.63.194,38.98.51.20,5.19
208.94.63.194,38.98.51.20,5.49
208.94.63.194,38.98.51.20,5.26
208.94.63.194,38.98.51.20,5.53
208.94.63.194,38.98.51.20,5.20
208.94.63.194,38.98.51.20,5.23
208.94.63.194,38.98.51.20,5.22
208.94.63.194,38.98.51.20,5.22
208.94.63.194,38.98.51.20,5.40
208.94.63.194,38.98.51.20,5.27
208.94.63.194,38.98.51.20,5.21
208.94.63.194,38.98.51.20,5.22
208.94.63.194,38.98.51.20,5.22
208.94.63.194,38.98.51.20,5.59
208.94.63.194,38.98.51.20,5.24
208.94.63.194,38.98.51.20,5.22
208.94.63.194,38.98.51.20,5.23
208.94.63.194,38.98.51.20,5.21
208.94.63.194,38.98.51.20,5.22
208.94.63.194,38.98.51.20,5.21
208.94.63.194,38.98.51.20,5.23
208.94.63.194,38.98.51.20,5.26
208.94.63.194,38.98.51.20,5.22
208.94.63.194,38.98.51.20,5.21
208.94.63.194,38.98.51.20,5.27
208.94.63.194,38.98.51.20,5.33
208.94.63.194,38.98.51.20,5.25
208.94.63.194,38.98.51.20,5.24
208.94.63.194,38.98.51.20,5.25
208.94.63.194,38.98.51.20,5.27
208.94.63.194,38.98.51.20,5.33
208.94.63.194,38.98.51.20,5.21
208.94.63.194,38.98.51.20,5.29
208.94.63.194,38.98.51.20,5.52
208.94.63.194,38.98.51.20,5.26
208.94.63.194,38.98.51.20,5.25
208.94.63.194,38.98.51.20,5.34
208.94.63.194,38.98.51.20,5.29
208.94.63.194,38.98.51.20,5.21
208.94.63.194,38.98.51.20,5.25
208.94.63.194,38.98.51.20,5.22
208.94.63.194,38.98.51.20,5.26
208.94.63.194,38.98.51.20,5.35
208.94.63.194,38.98.51.20,5.21
208.94.63.194,38.98.51.20,5.31
208.94.63.194,38.98.51.20,5.23
208.94.63.194,38.98.51.20,5.22
208.94.63.194,38.98.51.20,5.31
208.94.63.194,38.98.51.20,5.22
208.94.63.194,38.98.51.20,5.26
208.94.63.194,38.98.51.20,5.20
208.94.63.194,38.98.51.20,5.22
208.94.63.194,38.98.51.20,5.20
208.94.63.194,38.98.51.20,5.25
208.94.63.194,38.98.51.20,5.27
208.94.63.194,38.98.51.20,5.23
208.94.63.194,38.98.51.20,5.27
208.94.63.194,38.98.51.20,5.23
208.94.63.194,38.98.51.20,5.21
208.94.63.194,38.98.51.20,5.23
208.94.63.194,38.98.51.20,5.21
208.94.63.194,38.98.51.20,5.44
208.94.63.194,38.98.51.20,5.22
208.94.63.194,38.98.51.20,5.36
208.94.63.194,38.98.51.20,5.26
208.94.63.194,38.98.51.20,5.23
208.94.63.194,38.98.51.20,5.19
208.94.63.194,38.98.51.20,5.24
208.94.63.194,38.98.51.20,5.38
208.94.63.194,38.98.51.20,5.24
208.94.63.194,38.98.51.20,5.22
208.94.63.194,38.98.51.20,5.23
208.94.63.194,38.98.51.20,5.23
208.94.63.194,38.98.51.20,5.27
208.94.63.194,38.98.51.20,5.25
208.94.63.194,38.98.51.20,5.24
208.94.63.194,38.98.51.20,5.22
208.94.63.194,38.98.51.20,5.22
208.94.63.194,38.98.51.20,5.24
208.94.63.194,38.98.51.20,5.23
208.94.63.194,38.98.51.20,5.23
208.94.63.194,38.98.51.20,5.25
208.94.63.194,38.98.51.20,5.23
208.94.63.194,38.98.51.20,5.26
208.94.63.194,38.98.51.20,5.22
208.94.63.194,38.98.51.20,5.24
208.94.63.194,38.98.51.20,5.26
208.94.63.194,38.98.51.20,5.22
208.94.63.194,38.98.51.20,5.23
208.94.63.194,38.98.51.20,5.25
208.94.63.194,38.98.51.20,5.27
208.94.63.194,38.98.51.20,5.29
208.94.63.194,38.98.51.20,5.20
208.94.63.194,38.98.51.20,5.23
208.94.63.194,38.98.51.20,5.25
208.94.63.194,38.98.51.20,5.23
208.94.63.194,38.98.51.20,5.24
208.94.63.194,38.98.51.20,5.23
208.94.63.194,38.98.51.20,5.23
208.94.63.194,38.98.51.20,5.32
208.94.63.194,38.98.51.20,5.23
208.94.63.194,38.98.51.20,5.23
208.94.63.194,38.98.51.20,5.28
208.94.63.194,38.98.51.20,5.38
208.94.63.194,38.98.51.20,5.25
208.94.63.194,38.98.51.20,5.24
208.94.63.194,38.98.51.20,5.20
208.94.63.194,38.98.51.20,5.22
208.94.63.194,38.98.51.20,5.21
208.94.63.194,38.98.51.20,5.20
208.94.63.194,38.98.51.20,5.24
208.94.63.194,38.98.51.20,5.26
208.94.63.194,38.98.51.20,5.22
208.94.63.194,38.98.51.20,5.26
208.94.63.194,38.98.51.20,5.39
208.94.63.194,38.98.51.20,5.21
208.94.63.194,38.98.51.20,5.30
208.94.63.194,38.98.51.20,5.21
208.94.63.194,38.98.51.20,5.27
208.94.63.194,38.98.51.20,5.21
208.94.63.194,38.98.51.20,5.24
208.94.63.194,38.98.51.20,5.27
208.94.63.194,38.98.51.20,5.27
208.94.63.194,38.98.51.20,5.36
208.94.63.194,38.98.51.20,5.23
208.94.63.194,38.98.51.20,5.27
208.94.63.194,38.98.51.20,5.38
208.94.63.194,38.98.51.20,5.31
208.94.63.194,38.98.51.20,5.25
208.94.63.194,38.98.51.20,5.32
208.94.63.194,38.98.51.20,5.23
208.94.63.194,38.98.51.20,5.21
208.94.63.194,38.98.51.20,5.22
208.94.63.194,38.98.51.20,5.23
208.94.63.194,38.98.51.20,5.22
208.94.63.194,38.98.51.20,5.27
208.94.63.194,38.98.51.20,5.30
208.94.63.194,38.98.51.20,5.27
208.94.63.194,38.98.51.20,5.26
208.94.63.194,38.98.51.20,5.23
208.94.63.194,38.98.51.20,5.26
208.94.63.194,38.98.51.20,5.35
208.94.63.194,38.98.51.20,5.24
208.94.63.194,38.98.51.20,5.22
208.94.63.194,38.98.51.20,5.31
208.94.63.194,38.98.51.20,5.23
208.94.63.194,38.98.51.20,5.22
208.94.63.194,38.98.51.20,5.26
208.94.63.194,38.98.51.20,5.23
208.94.63.194,38.98.51.20,5.20
208.94.63.194,38.98.51.20,5.25
208.94.63.194,38.98.51.20,5.30
208.94.63.194,38.98.51.20,5.26
208.94.63.194,38.98.51.20,5.22
208.94.63.194,38.98.51.20,5.20
208.94.63.194,38.98.51.20,5.29
208.94.63.194,38.98.51.20,5.36
208.94.63.194,38.98.51.20,5.22
208.94.63.194,38.98.51.20,5.20
208.94.63.194,38.98.51.20,5.23
208.94.63.194,38.98.51.20,5.20
208.94.63.194,38.98.51.20,5.20
208.94.63.194,38.98.51.20,5.21
208.94.63.194,38.98.51.20,5.23
208.94.63.194,38.98.51.20,5.28
208.94.63.194,38.98.51.20,5.19
208.94.63.194,38.98.51.20,5.18
208.94.63.194,38.98.51.20,5.25
208.94.63.194,38.98.51.20,5.33
208.94.63.194,38.98.51.20,5.19
208.94.63.194,38.98.51.20,5.27
208.94.63.194,38.98.51.20,5.19
208.94.63.194,38.98.51.20,5.48
208.94.63.194,38.98.51.20,5.25
208.94.63.194,38.98.51.20,5.29
208.94.63.194,38.98.51.20,5.19
208.94.63.194,38.98.51.20,5.20
208.94.63.194,38.98.51.20,5.28
208.94.63.194,38.98.51.20,5.32
208.94.63.194,38.98.51.20,5.32
208.94.63.194,38.98.51.20,5.55
208.94.63.194,38.98.51.20,5.28
208.94.63.194,38.98.51.20,5.26
208.94.63.194,38.98.51.20,5.47
208.94.63.194,38.98.51.20,5.23
208.94.63.194,38.98.51.20,5.24
208.94.63.194,38.98.51.20,5.28
208.94.63.194,38.98.51.20,5.20
208.94.63.194,38.98.51.20,5.22
208.94.63.194,38.98.51.20,5.21
208.94.63.194,38.98.51.20,5.20
208.94.63.194,38.98.51.20,5.18
208.94.63.194,38.98.51.20,5.20
208.94.63.194,38.98.51.20,5.20
208.94.63.194,38.98.51.20,5.19
208.94.63.194,38.98.51.20,5.20
208.94.63.194,38.98.51.20,5.21
208.94.63.194,38.98.51.20,5.21
208.94.63.194,38.98.51.20,5.20
208.94.63.194,38.98.51.20,5.18
208.94.63.194,38.98.51.20,5.26
208.94.63.194,38.98.51.20,5.21
208.94.63.194,38.98.51.20,5.27
208.94.63.194,38.98.51.20,5.19
208.94.63.194,38.98.51.20,5.22
208.94.63.194,38.98.51.20,5.24
208.94.63.194,38.98.51.20,5.19
208.94.63.194,38.98.51.20,5.25
208.94.63.194,38.98.51.20,5.24
208.94.63.194,38.98.51.20,5.24
208.94.63.194,38.98.51.20,5.22
208.94.63.194,38.98.51.20,5.21
208.94.63.194,38.98.51.20,5.25
208.94.63.194,38.98.51.20,5.22
208.94.63.194,38.98.51.20,5.22
208.94.63.194,38.98.51.20,5.20
208.94.63.194,38.98.51.20,5.26
208.94.63.194,38.98.51.20,5.23
208.94.63.194,38.98.51.20,5.28
208.94.63.194,38.98.51.20,5.21
208.94.63.194,38.98.51.20,5.22
208.94.63.194,38.98.51.20,5.22
208.94.63.194,38.98.51.20,5.24
208.94.63.194,38.98.51.20,5.24
208.94.63.194,38.98.51.20,5.22
208.94.63.194,38.98.51.20,5.25
208.94.63.194,38.98.51.20,5.47
208.94.63.194,38.98.51.20,5.25
208.94.63.194,38.98.51.20,5.24
208.94.63.194,38.98.51.20,5.19
208.94.63.194,38.98.51.20,5.20
208.94.63.194,38.98.51.20,5.20
208.94.63.194,38.98.51.20,5.23
208.94.63.194,38.98.51.20,5.22
208.94.63.194,38.98.51.20,5.20
208.94.63.194,38.98.51.20,5.29
208.94.63.194,38.98.51.20,5.28
208.94.63.194,38.98.51.20,5.26
208.94.63.194,38.98.51.20,5.20
208.94.63.194,38.98.51.20,5.21
208.94.63.194,38.98.51.20,5.23
208.94.63.194,38.98.51.20,5.25
208.94.63.194,38.98.51.20,5.26
208.94.63.194,38.98.51.20,5.33
208.94.63.194,38.98.51.20,5.34
208.94.63.194,38.98.51.20,5.21
208.94.63.194,38.98.51.20,5.19
208.94.63.194,38.98.51.20,5.20
208.94.63.194,38.98.51.20,5.21
208.94.63.194,38.98.51.20,5.19
208.94.63.194,38.98.51.20,5.24
208.94.63.194,38.98.51.20,5.24
208.94.63.194,38.98.51.20,5.27
208.94.63.194,38.98.51.20,5.24
208.94.63.194,38.98.51.20,5.22
208.94.63.194,38.98.51.20,5.22
208.94.63.194,38.98.51.20,5.25
208.94.63.194,38.98.51.20,5.22
208.94.63.194,38.98.51.20,5.21
208.94.63.194,38.98.51.20,5.21
208.94.63.194,38.98.51.20,5.21
208.94.63.194,38.98.51.20,5.22
208.94.63.194,38.98.51.20,5.23
208.94.63.194,38.98.51.20,5.21
208.94.63.194,38.98.51.20,5.20
208.94.63.194,38.98.51.20,5.22
208.94.63.194,38.98.51.20,5.25
208.94.63.194,38.98.51.20,5.19
208.94.63.194,38.98.51.20,5.21
208.94.63.194,38.98.51.20,5.24
208.94.63.194,38.98.51.20,5.25
208.94.63.194,38.98.51.20,5.23
208.94.63.194,38.98.51.20,5.20
208.94.63.194,38.98.51.20,5.28
208.94.63.194,38.98.51.20,5.22
208.94.63.194,38.98.51.20,5.20
208.94.63.194,38.98.51.20,5.22
208.94.63.194,38.98.51.20,5.19
208.94.63.194,38.98.51.20,5.20
208.94.63.194,38.98.51.20,5.24
208.94.63.194,38.98.51.20,5.20
208.94.63.194,38.98.51.20,5.23
208.94.63.194,38.98.51.20,5.22
208.94.63.194,38.98.51.20,5.21
208.94.63.194,38.98.51.20,5.21
208.94.63.194,38.98.51.20,5.27
208.94.63.194,38.98.51.20,5.21
208.94.63.194,38.98.51.20,5.33
208.94.63.194,38.98.51.20,5.31
208.94.63.194,38.98.51.20,5.21
208.94.63.194,38.98.51.20,5.20
208.94.63.194,38.98.51.20,5.23
208.94.63.194,38.98.51.20,5.25
208.94.63.194,38.98.51.20,5.24
208.94.63.194,38.98.51.20,5.27
208.94.63.194,38.98.51.20,5.22
208.94.63.194,38.98.51.20,5.23
208.94.63.194,38.98.51.20,5.26
208.94.63.194,38.98.51.20,5.20
208.94.63.194,38.98.51.20,5.28
208.94.63.194,38.98.51.20,5.18
208.94.63.194,38.98.51.20,5.25
208.94.63.194,38.98.51.20,5.25
208.94.63.194,38.98.51.20,5.25
208.94.63.194,38.98.51.20,5.23
208.94.63.194,38.98.51.20,5.20
208.94.63.194,38.98.51.20,5.22
208.94.63.194,38.98.51.20,5.20
208.94.63.194,38.98.51.20,5.26
208.94.63.194,38.98.51.20,5.29
208.94.63.194,38.98.51.20,5.53
208.94.63.194,38.98.51.20,5.21
208.94.63.194,38.98.51.20,5.18
208.94.63.194,38.98.51.20,5.29
208.94.63.194,38.98.51.20,5.20
208.94.63.194,38.98.51.20,5.21
208.94.63.194,38.98.51.20,5.23
208.94.63.194,38.98.51.20,5.20
208.94.63.194,38.98.51.20,5.21
208.94.63.194,38.98.51.20,5.24
208.94.63.194,38.98.51.20,5.21
208.94.63.194,38.98.51.20,5.42
208.94.63.194,38.98.51.20,5.20
208.94.63.194,38.98.51.20,5.42
208.94.63.194,38.98.51.20,5.24
208.94.63.194,38.98.51.20,5.24
208.94.63.194,38.98.51.20,5.22
208.94.63.194,38.98.51.20,5.24
208.94.63.194,38.98.51.20,5.22
208.94.63.194,38.98.51.20,5.23
208.94.63.194,38.98.51.20,5.27
208.94.63.194,38.98.51.20,5.22
208.94.63.194,38.98.51.20,5.22
208.94.63.194,38.98.51.20,5.28
208.94.63.194,38.98.51.20,5.22
208.94.63.194,38.98.51.20,5.27
208.94.63.194,38.98.51.20,5.36
208.94.63.194,38.98.51.20,5.21
208.94.63.194,38.98.51.20,5.23
208.94.63.194,38.98.51.20,5.41
208.94.63.194,38.98.51.20,5.22
208.94.63.194,38.98.51.20,5.22
208.94.63.194,38.98.51.20,5.38
208.94.63.194,38.98.51.20,5.24
208.94.63.194,38.98.51.20,5.23
208.94.63.194,38.98.51.20,5.22
208.94.63.194,38.98.51.20,5.22
208.94.63.194,38.98.51.20,5.26
208.94.63.194,38.98.51.20,5.24
208.94.63.194,38.98.51.20,5.39
208.94.63.194,38.98.51.20,5.22
208.94.63.194,38.98.51.20,5.34
208.94.63.194,38.98.51.20,5.30
208.94.63.194,38.98.51.20,5.37
208.94.63.194,38.98.51.20,5.22
208.94.63.194,38.98.51.20,5.23
208.94.63.194,38.98.51.20,5.30
208.94.63.194,38.98.51.20,5.32
208.94.63.194,38.98.51.20,5.30
208.94.63.194,38.98.51.20,5.22
208.94.63.194,38.98.51.20,5.29
208.94.63.194,38.98.51.20,5.34
208.94.63.194,38.98.51.20,5.22
208.94.63.194,38.98.51.20,5.35
208.94.63.194,38.98.51.20,5.27
208.94.63.194,38.98.51.20,5.21
208.94.63.194,38.98.51.20,5.32
208.94.63.194,38.98.51.20,5.28
208.94.63.194,38.98.51.20,5.24
208.94.63.194,38.98.51.20,5.21
208.94.63.194,38.98.51.20,5.41
208.94.63.194,38.98.51.20,5.24
208.94.63.194,38.98.51.20,5.20
208.94.63.194,38.98.51.20,5.22
208.94.63.194,38.98.51.20,5.31
208.94.63.194,38.98.51.20,5.33
208.94.63.194,38.98.51.20,5.23
208.94.63.194,38.98.51.20,5.25
208.94.63.194,38.98.51.20,5.35
208.94.63.194,38.98.51.20,5.30
208.94.63.194,38.98.51.20,5.60
208.94.63.194,38.98.51.20,5.23
208.94.63.194,38.98.51.20,5.30
208.94.63.194,38.98.51.20,5.25
208.94.63.194,38.98.51.20,5.28
208.94.63.194,38.98.51.20,5.47
208.94.63.194,38.98.51.20,5.20
208.94.63.194,38.98.51.20,5.28
208.94.63.194,38.98.51.20,5.23
208.94.63.194,38.98.51.20,5.37
208.94.63.194,38.98.51.20,5.21
208.94.63.194,38.98.51.20,5.27
208.94.63.194,38.98.51.20,5.24
208.94.63.194,38.98.51.20,5.20
208.94.63.194,38.98.51.20,5.36
208.94.63.194,38.98.51.20,5.19
208.94.63.194,38.98.51.20,5.22
208.94.63.194,38.98.51.20,5.20
208.94.63.194,38.98.51.20,5.23
208.94.63.194,38.98.51.20,5.30
208.94.63.194,38.98.51.20,5.22
208.94.63.194,38.98.51.20,5.26
208.94.63.194,38.98.51.20,5.27
208.94.63.194,38.98.51.20,5.31
208.94.63.194,38.98.51.20,5.20
208.94.63.194,38.98.51.20,5.27
208.94.63.194,38.98.51.20,5.22
208.94.63.194,38.98.51.20,5.24
208.94.63.194,38.98.51.20,5.31
208.94.63.194,38.98.51.20,5.41
208.94.63.194,38.98.51.20,5.66
208.94.63.194,38.98.51.20,5.20
208.94.63.194,38.98.51.20,5.22
208.94.63.194,38.98.51.20,5.30
208.94.63.194,38.98.51.20,5.20
208.94.63.194,38.98.51.20,5.20
208.94.63.194,38.98.51.20,5.30
208.94.63.194,38.98.51.20,5.22
208.94.63.194,38.98.51.20,5.19
208.94.63.194,38.98.51.20,5.19
208.94.63.194,38.98.51.20,5.25
208.94.63.194,38.98.51.20,5.23
208.94.63.194,38.98.51.20,5.20
208.94.63.194,38.98.51.20,5.25
208.94.63.194,38.98.51.20,5.25
208.94.63.194,38.98.51.20,5.24
208.94.63.194,38.98.51.20,5.20
208.94.63.194,38.98.51.20,5.26
208.94.63.194,38.98.51.20,5.24
208.94.63.194,38.98.51.20,5.20
208.94.63.194,38.98.51.20,5.23
208.94.63.194,38.98.51.20,5.21
208.94.63.194,38.98.51.20,5.24
208.94.63.194,38.98.51.20,5.23
208.94.63.194,38.98.51.20,5.23
208.94.63.194,38.98.51.20,5.22
208.94.63.194,38.98.51.20,5.20
208.94.63.194,38.98.51.20,5.20
208.94.63.194,38.98.51.20,5.40
208.94.63.194,38.98.51.20,5.20
208.94.63.194,38.98.51.20,5.21
208.94.63.194,38.98.51.20,5.26
208.94.63.194,38.98.51.20,5.25
208.94.63.194,38.98.51.20,5.24
208.94.63.194,38.98.51.20,5.22
208.94.63.194,38.98.51.20,5.22
208.94.63.194,38.98.51.20,5.20
208.94.63.194,38.98.51.20,5.24
208.94.63.194,38.98.51.20,5.20
208.94.63.194,38.98.51.20,5.20
208.94.63.194,38.98.51.20,5.24
208.94.63.194,38.98.51.20,5.33
208.94.63.194,38.98.51.20,5.22
208.94.63.194,38.98.51.20,5.24
208.94.63.194,38.98.51.20,5.22
208.94.63.194,38.98.51.20,5.21
208.94.63.194,38.98.51.20,5.24
208.94.63.194,38.98.51.20,5.22
