13.7.64.22,38.102.0.109,38.3
13.7.64.22,38.102.0.109,39.0
13.7.64.22,38.102.0.109,38.7
13.7.64.22,38.102.0.109,38.4
13.7.64.22,38.102.0.109,38.3
13.7.64.22,38.102.0.109,38.2
13.7.64.22,38.102.0.109,39.3
13.7.64.22,38.102.0.109,39.6
13.7.64.22,38.102.0.109,38.4
13.7.64.22,38.102.0.109,38.3
13.7.64.22,38.102.0.109,39.0
13.7.64.22,38.102.0.109,39.8
13.7.64.22,38.102.0.109,38.3
13.7.64.22,38.102.0.109,38.5
13.7.64.22,38.102.0.109,39.1
13.7.64.22,38.102.0.109,38.4
13.7.64.22,38.102.0.109,39.7
13.7.64.22,38.102.0.109,38.4
13.7.64.22,38.102.0.109,39.1
13.7.64.22,38.102.0.109,38.2
13.7.64.22,38.102.0.109,38.3
13.7.64.22,38.102.0.109,43.6
13.7.64.22,38.102.0.109,38.3
13.7.64.22,38.102.0.109,38.3
13.7.64.22,38.102.0.109,38.2
13.7.64.22,38.102.0.109,38.2
13.7.64.22,38.102.0.109,38.3
13.7.64.22,38.102.0.109,38.3
13.7.64.22,38.102.0.109,38.8
13.7.64.22,38.102.0.109,38.3
13.7.64.22,38.102.0.109,38.2
13.7.64.22,38.102.0.109,40.8
13.7.64.22,38.102.0.109,38.4
13.7.64.22,38.102.0.109,38.3
13.7.64.22,38.102.0.109,38.4
13.7.64.22,38.102.0.109,38.3
13.7.64.22,38.102.0.109,38.8
13.7.64.22,38.102.0.109,38.3
13.7.64.22,38.102.0.109,38.4
13.7.64.22,38.102.0.109,38.8
13.7.64.22,38.102.0.109,38.5
13.7.64.22,38.102.0.109,38.5
13.7.64.22,38.102.0.109,38.4
13.7.64.22,38.102.0.109,38.6
13.7.64.22,38.102.0.109,38.6
13.7.64.22,38.102.0.109,38.3
13.7.64.22,38.102.0.109,39.1
13.7.64.22,38.102.0.109,38.3
13.7.64.22,38.102.0.109,38.2
13.7.64.22,38.102.0.109,38.3
13.7.64.22,38.102.0.109,38.3
13.7.64.22,38.102.0.109,38.4
13.7.64.22,38.102.0.109,38.3
13.7.64.22,38.102.0.109,38.3
13.7.64.22,38.102.0.109,38.4
13.7.64.22,38.102.0.109,38.8
13.7.64.22,38.102.0.109,38.3
13.7.64.22,38.102.0.109,38.4
13.7.64.22,38.102.0.109,38.4
13.7.64.22,38.102.0.109,38.3
13.7.64.22,38.102.0.109,38.4
13.7.64.22,38.102.0.109,38.3
13.7.64.22,38.102.0.109,38.3
13.7.64.22,38.102.0.109,38.8
13.7.64.22,38.102.0.109,39.2
13.7.64.22,38.102.0.109,38.3
13.7.64.22,38.102.0.109,38.8
13.7.64.22,38.102.0.109,38.3
13.7.64.22,38.102.0.109,38.4
13.7.64.22,38.102.0.109,38.3
13.7.64.22,38.102.0.109,38.3
13.7.64.22,38.102.0.109,38.3
13.7.64.22,38.102.0.109,41.3
13.7.64.22,38.102.0.109,38.2
13.7.64.22,38.102.0.109,38.3
13.7.64.22,38.102.0.109,38.8
13.7.64.22,38.102.0.109,38.6
13.7.64.22,38.102.0.109,38.3
13.7.64.22,38.102.0.109,38.2
13.7.64.22,38.102.0.109,38.4
13.7.64.22,38.102.0.109,38.4
13.7.64.22,38.102.0.109,38.3
13.7.64.22,38.102.0.109,38.3
13.7.64.22,38.102.0.109,38.4
13.7.64.22,38.102.0.109,38.4
13.7.64.22,38.102.0.109,38.8
13.7.64.22,38.102.0.109,38.3
13.7.64.22,38.102.0.109,38.2
13.7.64.22,38.102.0.109,38.9
13.7.64.22,38.102.0.109,38.4
13.7.64.22,38.102.0.109,38.3
13.7.64.22,38.102.0.109,38.3
13.7.64.22,38.102.0.109,38.3
13.7.64.22,38.102.0.109,38.7
13.7.64.22,38.102.0.109,38.5
13.7.64.22,38.102.0.109,38.4
13.7.64.22,38.102.0.109,38.3
13.7.64.22,38.102.0.109,38.4
13.7.64.22,38.102.0.109,38.5
13.7.64.22,38.102.0.109,40.4
13.7.64.22,38.102.0.109,38.4
13.7.64.22,38.102.0.109,38.3
13.7.64.22,38.102.0.109,38.4
13.7.64.22,38.102.0.109,38.9
13.7.64.22,38.102.0.109,38.3
13.7.64.22,38.102.0.109,38.3
13.7.64.22,38.102.0.109,38.3
13.7.64.22,38.102.0.109,38.3
13.7.64.22,38.102.0.109,38.8
13.7.64.22,38.102.0.109,38.4
13.7.64.22,38.102.0.109,38.5
13.7.64.22,38.102.0.109,38.2
13.7.64.22,38.102.0.109,38.7
13.7.64.22,38.102.0.109,38.2
13.7.64.22,38.102.0.109,38.3
13.7.64.22,38.102.0.109,38.3
13.7.64.22,38.102.0.109,38.2
13.7.64.22,38.102.0.109,38.4
13.7.64.22,38.102.0.109,39.1
13.7.64.22,38.102.0.109,38.4
13.7.64.22,38.102.0.109,38.3
13.7.64.22,38.102.0.109,39.4
13.7.64.22,38.102.0.109,38.3
13.7.64.22,38.102.0.109,38.3
13.7.64.22,38.102.0.109,38.3
13.7.64.22,38.102.0.109,38.2
13.7.64.22,38.102.0.109,38.4
13.7.64.22,38.102.0.109,38.3
13.7.64.22,38.102.0.109,38.3
13.7.64.22,38.102.0.109,38.3
13.7.64.22,38.102.0.109,38.4
13.7.64.22,38.102.0.109,38.4
13.7.64.22,38.102.0.109,38.3
13.7.64.22,38.102.0.109,38.3
13.7.64.22,38.102.0.109,38.2
13.7.64.22,38.102.0.109,38.8
13.7.64.22,38.102.0.109,38.5
13.7.64.22,38.102.0.109,43.3
13.7.64.22,38.102.0.109,38.7
13.7.64.22,38.102.0.109,38.5
13.7.64.22,38.102.0.109,39.2
13.7.64.22,38.102.0.109,38.6
13.7.64.22,38.102.0.109,38.4
13.7.64.22,38.102.0.109,38.4
13.7.64.22,38.102.0.109,38.5
13.7.64.22,38.102.0.109,38.3
13.7.64.22,38.102.0.109,38.3
13.7.64.22,38.102.0.109,38.3
13.7.64.22,38.102.0.109,38.3
13.7.64.22,38.102.0.109,38.5
13.7.64.22,38.102.0.109,38.3
13.7.64.22,38.102.0.109,38.3
13.7.64.22,38.102.0.109,38.3
13.7.64.22,38.102.0.109,38.3
13.7.64.22,38.102.0.109,38.3
13.7.64.22,38.102.0.109,38.4
13.7.64.22,38.102.0.109,38.3
13.7.64.22,38.102.0.109,38.3
13.7.64.22,38.102.0.109,38.5
13.7.64.22,38.102.0.109,38.3
13.7.64.22,38.102.0.109,38.3
13.7.64.22,38.102.0.109,38.3
13.7.64.22,38.102.0.109,38.3
13.7.64.22,38.102.0.109,38.2
13.7.64.22,38.102.0.109,38.3
13.7.64.22,38.102.0.109,38.2
13.7.64.22,38.102.0.109,38.3
13.7.64.22,38.102.0.109,38.3
13.7.64.22,38.102.0.109,38.3
13.7.64.22,38.102.0.109,38.2
13.7.64.22,38.102.0.109,38.3
13.7.64.22,38.102.0.109,38.2
13.7.64.22,38.102.0.109,38.3
13.7.64.22,38.102.0.109,38.4
13.7.64.22,38.102.0.109,38.3
13.7.64.22,38.102.0.109,38.5
13.7.64.22,38.102.0.109,39.0
13.7.64.22,38.102.0.109,39.2
13.7.64.22,38.102.0.109,38.3
13.7.64.22,38.102.0.109,38.3
13.7.64.22,38.102.0.109,39.7
13.7.64.22,38.102.0.109,39.6
13.7.64.22,38.102.0.109,38.9
13.7.64.22,38.102.0.109,38.9
13.7.64.22,38.102.0.109,38.4
13.7.64.22,38.102.0.109,38.2
13.7.64.22,38.102.0.109,40.9
13.7.64.22,38.102.0.109,38.2
13.7.64.22,38.102.0.109,38.7
13.7.64.22,38.102.0.109,38.9
13.7.64.22,38.102.0.109,38.5
13.7.64.22,38.102.0.109,38.5
13.7.64.22,38.102.0.109,38.5
13.7.64.22,38.102.0.109,38.4
13.7.64.22,38.102.0.109,38.6
13.7.64.22,38.102.0.109,38.5
13.7.64.22,38.102.0.109,38.3
13.7.64.22,38.102.0.109,38.3
13.7.64.22,38.102.0.109,38.4
13.7.64.22,38.102.0.109,38.4
13.7.64.22,38.102.0.109,38.3
13.7.64.22,38.102.0.109,38.3
13.7.64.22,38.102.0.109,38.3
13.7.64.22,38.102.0.109,38.4
13.7.64.22,38.102.0.109,38.3
13.7.64.22,38.102.0.109,38.3
13.7.64.22,38.102.0.109,38.7
13.7.64.22,38.102.0.109,38.9
13.7.64.22,38.102.0.109,38.2
13.7.64.22,38.102.0.109,38.4
13.7.64.22,38.102.0.109,38.3
13.7.64.22,38.102.0.109,38.7
13.7.64.22,38.102.0.109,38.3
13.7.64.22,38.102.0.109,38.4
13.7.64.22,38.102.0.109,38.4
13.7.64.22,38.102.0.109,38.3
13.7.64.22,38.102.0.109,38.3
13.7.64.22,38.102.0.109,38.3
13.7.64.22,38.102.0.109,38.2
13.7.64.22,38.102.0.109,38.3
13.7.64.22,38.102.0.109,38.4
13.7.64.22,38.102.0.109,38.4
13.7.64.22,38.102.0.109,38.2
13.7.64.22,38.102.0.109,38.4
13.7.64.22,38.102.0.109,39.5
13.7.64.22,38.102.0.109,38.6
13.7.64.22,38.102.0.109,38.4
13.7.64.22,38.102.0.109,38.5
13.7.64.22,38.102.0.109,38.2
13.7.64.22,38.102.0.109,38.3
13.7.64.22,38.102.0.109,38.3
13.7.64.22,38.102.0.109,43.9
13.7.64.22,38.102.0.109,38.4
13.7.64.22,38.102.0.109,38.3
13.7.64.22,38.102.0.109,38.3
13.7.64.22,38.102.0.109,38.3
13.7.64.22,38.102.0.109,38.3
13.7.64.22,38.102.0.109,38.8
13.7.64.22,38.102.0.109,38.3
13.7.64.22,38.102.0.109,38.6
13.7.64.22,38.102.0.109,38.4
13.7.64.22,38.102.0.109,38.3
13.7.64.22,38.102.0.109,38.5
13.7.64.22,38.102.0.109,38.2
13.7.64.22,38.102.0.109,38.2
13.7.64.22,38.102.0.109,38.3
13.7.64.22,38.102.0.109,38.4
13.7.64.22,38.102.0.109,38.4
13.7.64.22,38.102.0.109,38.5
13.7.64.22,38.102.0.109,38.3
13.7.64.22,38.102.0.109,38.3
13.7.64.22,38.102.0.109,38.3
13.7.64.22,38.102.0.109,38.5
13.7.64.22,38.102.0.109,38.3
13.7.64.22,38.102.0.109,38.4
13.7.64.22,38.102.0.109,38.4
13.7.64.22,38.102.0.109,38.2
13.7.64.22,38.102.0.109,38.5
13.7.64.22,38.102.0.109,38.2
13.7.64.22,38.102.0.109,38.7
13.7.64.22,38.102.0.109,38.4
13.7.64.22,38.102.0.109,38.2
13.7.64.22,38.102.0.109,38.3
13.7.64.22,38.102.0.109,38.8
13.7.64.22,38.102.0.109,38.4
13.7.64.22,38.102.0.109,38.3
13.7.64.22,38.102.0.109,38.7
13.7.64.22,38.102.0.109,38.3
13.7.64.22,38.102.0.109,38.3
13.7.64.22,38.102.0.109,38.4
13.7.64.22,38.102.0.109,38.3
13.7.64.22,38.102.0.109,38.2
13.7.64.22,38.102.0.109,38.5
13.7.64.22,38.102.0.109,38.3
13.7.64.22,38.102.0.109,38.4
13.7.64.22,38.102.0.109,38.6
13.7.64.22,38.102.0.109,38.3
13.7.64.22,38.102.0.109,38.3
13.7.64.22,38.102.0.109,38.2
13.7.64.22,38.102.0.109,38.6
13.7.64.22,38.102.0.109,38.3
13.7.64.22,38.102.0.109,38.3
13.7.64.22,38.102.0.109,41.4
13.7.64.22,38.102.0.109,38.4
13.7.64.22,38.102.0.109,38.6
13.7.64.22,38.102.0.109,38.4
13.7.64.22,38.102.0.109,38.2
13.7.64.22,38.102.0.109,38.4
13.7.64.22,38.102.0.109,38.4
13.7.64.22,38.102.0.109,38.5
13.7.64.22,38.102.0.109,38.3
13.7.64.22,38.102.0.109,38.5
13.7.64.22,38.102.0.109,38.3
13.7.64.22,38.102.0.109,38.2
13.7.64.22,38.102.0.109,38.3
13.7.64.22,38.102.0.109,38.6
13.7.64.22,38.102.0.109,38.8
13.7.64.22,38.102.0.109,38.3
13.7.64.22,38.102.0.109,38.5
13.7.64.22,38.102.0.109,38.2
13.7.64.22,38.102.0.109,38.3
13.7.64.22,38.102.0.109,38.6
13.7.64.22,38.102.0.109,38.4
13.7.64.22,38.102.0.109,38.9
13.7.64.22,38.102.0.109,38.3
13.7.64.22,38.102.0.109,38.4
13.7.64.22,38.102.0.109,38.9
13.7.64.22,38.102.0.109,38.4
13.7.64.22,38.102.0.109,38.3
13.7.64.22,38.102.0.109,38.2
13.7.64.22,38.102.0.109,38.2
13.7.64.22,38.102.0.109,38.3
13.7.64.22,38.102.0.109,38.3
13.7.64.22,38.102.0.109,38.3
13.7.64.22,38.102.0.109,38.4
13.7.64.22,38.102.0.109,38.5
13.7.64.22,38.102.0.109,40.6
13.7.64.22,38.102.0.109,38.3
13.7.64.22,38.102.0.109,38.7
13.7.64.22,38.102.0.109,38.3
13.7.64.22,38.102.0.109,38.2
13.7.64.22,38.102.0.109,38.7
13.7.64.22,38.102.0.109,38.8
13.7.64.22,38.102.0.109,38.9
13.7.64.22,38.102.0.109,38.3
13.7.64.22,38.102.0.109,38.5
13.7.64.22,38.102.0.109,38.5
13.7.64.22,38.102.0.109,38.3
13.7.64.22,38.102.0.109,38.4
13.7.64.22,38.102.0.109,38.4
13.7.64.22,38.102.0.109,38.4
13.7.64.22,38.102.0.109,38.3
13.7.64.22,38.102.0.109,38.3
13.7.64.22,38.102.0.109,38.4
13.7.64.22,38.102.0.109,38.9
13.7.64.22,38.102.0.109,38.3
13.7.64.22,38.102.0.109,38.4
13.7.64.22,38.102.0.109,38.4
13.7.64.22,38.102.0.109,38.7
13.7.64.22,38.102.0.109,38.3
13.7.64.22,38.102.0.109,38.2
13.7.64.22,38.102.0.109,39.9
13.7.64.22,38.102.0.109,39.1
13.7.64.22,38.102.0.109,38.2
13.7.64.22,38.102.0.109,38.8
13.7.64.22,38.102.0.109,39.5
13.7.64.22,38.102.0.109,38.5
13.7.64.22,38.102.0.109,38.3
13.7.64.22,38.102.0.109,38.3
13.7.64.22,38.102.0.109,38.3
13.7.64.22,38.102.0.109,38.3
13.7.64.22,38.102.0.109,38.7
13.7.64.22,38.102.0.109,38.3
13.7.64.22,38.102.0.109,38.3
13.7.64.22,38.102.0.109,38.8
13.7.64.22,38.102.0.109,38.3
13.7.64.22,38.102.0.109,38.4
13.7.64.22,38.102.0.109,38.3
13.7.64.22,38.102.0.109,38.3
13.7.64.22,38.102.0.109,40.8
13.7.64.22,38.102.0.109,38.4
13.7.64.22,38.102.0.109,38.4
13.7.64.22,38.102.0.109,38.4
13.7.64.22,38.102.0.109,38.2
13.7.64.22,38.102.0.109,38.4
13.7.64.22,38.102.0.109,38.3
13.7.64.22,38.102.0.109,38.2
13.7.64.22,38.102.0.109,38.3
13.7.64.22,38.102.0.109,38.6
13.7.64.22,38.102.0.109,38.4
13.7.64.22,38.102.0.109,38.9
13.7.64.22,38.102.0.109,38.4
13.7.64.22,38.102.0.109,39.2
13.7.64.22,38.102.0.109,38.6
13.7.64.22,38.102.0.109,38.2
13.7.64.22,38.102.0.109,38.3
13.7.64.22,38.102.0.109,38.3
13.7.64.22,38.102.0.109,38.3
13.7.64.22,38.102.0.109,38.6
13.7.64.22,38.102.0.109,38.4
13.7.64.22,38.102.0.109,38.3
13.7.64.22,38.102.0.109,38.3
13.7.64.22,38.102.0.109,38.3
13.7.64.22,38.102.0.109,39.8
13.7.64.22,38.102.0.109,38.3
13.7.64.22,38.102.0.109,38.7
13.7.64.22,38.102.0.109,38.2
13.7.64.22,38.102.0.109,38.4
13.7.64.22,38.102.0.109,38.4
13.7.64.22,38.102.0.109,38.4
13.7.64.22,38.102.0.109,38.4
13.7.64.22,38.102.0.109,38.3
13.7.64.22,38.102.0.109,38.8
13.7.64.22,38.102.0.109,38.3
13.7.64.22,38.102.0.109,38.4
13.7.64.22,38.102.0.109,38.6
13.7.64.22,38.102.0.109,38.3
13.7.64.22,38.102.0.109,38.2
13.7.64.22,38.102.0.109,38.7
13.7.64.22,38.102.0.109,38.7
13.7.64.22,38.102.0.109,38.2
13.7.64.22,38.102.0.109,38.9
13.7.64.22,38.102.0.109,38.3
13.7.64.22,38.102.0.109,38.2
13.7.64.22,38.102.0.109,38.3
13.7.64.22,38.102.0.109,38.2
13.7.64.22,38.102.0.109,40.2
13.7.64.22,38.102.0.109,38.3
13.7.64.22,38.102.0.109,39.0
13.7.64.22,38.102.0.109,38.4
13.7.64.22,38.102.0.109,38.3
13.7.64.22,38.102.0.109,38.5
13.7.64.22,38.102.0.109,38.2
13.7.64.22,38.102.0.109,38.3
13.7.64.22,38.102.0.109,38.7
13.7.64.22,38.102.0.109,38.3
13.7.64.22,38.102.0.109,38.3
13.7.64.22,38.102.0.109,38.2
13.7.64.22,38.102.0.109,38.3
13.7.64.22,38.102.0.109,39.1
13.7.64.22,38.102.0.109,38.4
13.7.64.22,38.102.0.109,38.9
13.7.64.22,38.102.0.109,38.4
13.7.64.22,38.102.0.109,38.7
13.7.64.22,38.102.0.109,38.8
13.7.64.22,38.102.0.109,38.4
13.7.64.22,38.102.0.109,38.3
13.7.64.22,38.102.0.109,38.3
13.7.64.22,38.102.0.109,38.2
13.7.64.22,38.102.0.109,38.3
13.7.64.22,38.102.0.109,38.3
13.7.64.22,38.102.0.109,38.5
13.7.64.22,38.102.0.109,39.0
13.7.64.22,38.102.0.109,39.0
13.7.64.22,38.102.0.109,38.4
13.7.64.22,38.102.0.109,38.4
13.7.64.22,38.102.0.109,38.6
13.7.64.22,38.102.0.109,39.2
13.7.64.22,38.102.0.109,38.7
13.7.64.22,38.102.0.109,38.6
13.7.64.22,38.102.0.109,38.5
13.7.64.22,38.102.0.109,38.3
13.7.64.22,38.102.0.109,38.4
13.7.64.22,38.102.0.109,38.3
13.7.64.22,38.102.0.109,38.6
13.7.64.22,38.102.0.109,38.3
13.7.64.22,38.102.0.109,38.7
13.7.64.22,38.102.0.109,38.8
13.7.64.22,38.102.0.109,38.3
13.7.64.22,38.102.0.109,38.5
13.7.64.22,38.102.0.109,38.3
13.7.64.22,38.102.0.109,38.4
13.7.64.22,38.102.0.109,38.6
13.7.64.22,38.102.0.109,38.8
13.7.64.22,38.102.0.109,38.3
13.7.64.22,38.102.0.109,38.5
13.7.64.22,38.102.0.109,39.8
13.7.64.22,38.102.0.109,38.4
13.7.64.22,38.102.0.109,38.7
13.7.64.22,38.102.0.109,38.3
13.7.64.22,38.102.0.109,38.7
13.7.64.22,38.102.0.109,38.9
13.7.64.22,38.102.0.109,38.3
13.7.64.22,38.102.0.109,38.3
13.7.64.22,38.102.0.109,40.1
13.7.64.22,38.102.0.109,38.2
13.7.64.22,38.102.0.109,38.4
13.7.64.22,38.102.0.109,38.2
13.7.64.22,38.102.0.109,38.3
13.7.64.22,38.102.0.109,38.8
13.7.64.22,38.102.0.109,38.5
13.7.64.22,38.102.0.109,38.3
13.7.64.22,38.102.0.109,39.0
13.7.64.22,38.102.0.109,38.6
13.7.64.22,38.102.0.109,38.5
13.7.64.22,38.102.0.109,38.5
13.7.64.22,38.102.0.109,38.7
13.7.64.22,38.102.0.109,38.3
13.7.64.22,38.102.0.109,38.7
13.7.64.22,38.102.0.109,38.3
13.7.64.22,38.102.0.109,38.5
13.7.64.22,38.102.0.109,38.2
13.7.64.22,38.102.0.109,39.1
13.7.64.22,38.102.0.109,38.5
13.7.64.22,38.102.0.109,38.4
13.7.64.22,38.102.0.109,38.8
13.7.64.22,38.102.0.109,38.6
13.7.64.22,38.102.0.109,38.3
13.7.64.22,38.102.0.109,41.6
13.7.64.22,38.102.0.109,38.4
13.7.64.22,38.102.0.109,38.8
13.7.64.22,38.102.0.109,38.5
13.7.64.22,38.102.0.109,39.7
13.7.64.22,38.102.0.109,38.8
13.7.64.22,38.102.0.109,38.9
13.7.64.22,38.102.0.109,41.2
13.7.64.22,38.102.0.109,38.4
13.7.64.22,38.102.0.109,38.7
13.7.64.22,38.102.0.109,39.2
13.7.64.22,38.102.0.109,40.0
13.7.64.22,38.102.0.109,38.9
13.7.64.22,38.102.0.109,40.0
13.7.64.22,38.102.0.109,39.0
13.7.64.22,38.102.0.109,38.3
13.7.64.22,38.102.0.109,38.4
13.7.64.22,38.102.0.109,38.4
13.7.64.22,38.102.0.109,38.6
13.7.64.22,38.102.0.109,38.4
13.7.64.22,38.102.0.109,38.2
13.7.64.22,38.102.0.109,38.6
13.7.64.22,38.102.0.109,38.3
13.7.64.22,38.102.0.109,38.6
13.7.64.22,38.102.0.109,38.3
13.7.64.22,38.102.0.109,38.3
13.7.64.22,38.102.0.109,38.2
13.7.64.22,38.102.0.109,38.8
13.7.64.22,38.102.0.109,38.7
13.7.64.22,38.102.0.109,39.6
13.7.64.22,38.102.0.109,38.3
13.7.64.22,38.102.0.109,38.6
13.7.64.22,38.102.0.109,38.4
13.7.64.22,38.102.0.109,38.3
13.7.64.22,38.102.0.109,38.6
13.7.64.22,38.102.0.109,38.3
13.7.64.22,38.102.0.109,38.3
13.7.64.22,38.102.0.109,38.4
13.7.64.22,38.102.0.109,38.5
13.7.64.22,38.102.0.109,38.3
13.7.64.22,38.102.0.109,38.3
13.7.64.22,38.102.0.109,38.2
13.7.64.22,38.102.0.109,38.3
13.7.64.22,38.102.0.109,38.4
13.7.64.22,38.102.0.109,38.3
13.7.64.22,38.102.0.109,38.6
13.7.64.22,38.102.0.109,38.3
13.7.64.22,38.102.0.109,38.3
13.7.64.22,38.102.0.109,38.6
13.7.64.22,38.102.0.109,38.4
13.7.64.22,38.102.0.109,38.3
13.7.64.22,38.102.0.109,38.8
13.7.64.22,38.102.0.109,41.5
13.7.64.22,38.102.0.109,38.6
13.7.64.22,38.102.0.109,38.3
13.7.64.22,38.102.0.109,38.5
13.7.64.22,38.102.0.109,38.7
13.7.64.22,38.102.0.109,38.7
13.7.64.22,38.102.0.109,38.8
13.7.64.22,38.102.0.109,38.5
13.7.64.22,38.102.0.109,38.2
13.7.64.22,38.102.0.109,38.3
13.7.64.22,38.102.0.109,39.2
13.7.64.22,38.102.0.109,38.2
13.7.64.22,38.102.0.109,38.5
13.7.64.22,38.102.0.109,38.5
13.7.64.22,38.102.0.109,38.4
13.7.64.22,38.102.0.109,38.5
13.7.64.22,38.102.0.109,38.6
13.7.64.22,38.102.0.109,38.7
13.7.64.22,38.102.0.109,38.4
13.7.64.22,38.102.0.109,38.2
13.7.64.22,38.102.0.109,39.5
13.7.64.22,38.102.0.109,38.8
13.7.64.22,38.102.0.109,38.5
13.7.64.22,38.102.0.109,38.2
13.7.64.22,38.102.0.109,38.6
13.7.64.22,38.102.0.109,38.8
13.7.64.22,38.102.0.109,38.3
13.7.64.22,38.102.0.109,38.6
13.7.64.22,38.102.0.109,38.3
13.7.64.22,38.102.0.109,38.5
13.7.64.22,38.102.0.109,38.8
13.7.64.22,38.102.0.109,38.3
13.7.64.22,38.102.0.109,38.3
13.7.64.22,38.102.0.109,38.5
13.7.64.22,38.102.0.109,38.6
13.7.64.22,38.102.0.109,38.4
13.7.64.22,38.102.0.109,38.7
13.7.64.22,38.102.0.109,39.6
13.7.64.22,38.102.0.109,38.5
13.7.64.22,38.102.0.109,47.9
13.7.64.22,38.102.0.109,38.6
13.7.64.22,38.102.0.109,39.2
13.7.64.22,38.102.0.109,38.5
13.7.64.22,38.102.0.109,39.4
13.7.64.22,38.102.0.109,40.9
13.7.64.22,38.102.0.109,38.5
13.7.64.22,38.102.0.109,38.9
13.7.64.22,38.102.0.109,38.8
13.7.64.22,38.102.0.109,38.4
13.7.64.22,38.102.0.109,38.4
13.7.64.22,38.102.0.109,38.8
13.7.64.22,38.102.0.109,38.2
13.7.64.22,38.102.0.109,38.8
13.7.64.22,38.102.0.109,38.8
13.7.64.22,38.102.0.109,38.6
13.7.64.22,38.102.0.109,38.2
13.7.64.22,38.102.0.109,38.5
13.7.64.22,38.102.0.109,38.5
13.7.64.22,38.102.0.109,38.4
13.7.64.22,38.102.0.109,38.7
13.7.64.22,38.102.0.109,40.7
13.7.64.22,38.102.0.109,38.7
13.7.64.22,38.102.0.109,38.8
13.7.64.22,38.102.0.109,38.3
13.7.64.22,38.102.0.109,40.1
13.7.64.22,38.102.0.109,38.6
13.7.64.22,38.102.0.109,38.4
13.7.64.22,38.102.0.109,38.2
13.7.64.22,38.102.0.109,38.3
13.7.64.22,38.102.0.109,38.2
13.7.64.22,38.102.0.109,38.2
13.7.64.22,38.102.0.109,38.4
13.7.64.22,38.102.0.109,38.3
13.7.64.22,38.102.0.109,38.7
13.7.64.22,38.102.0.109,38.4
13.7.64.22,38.102.0.109,38.3
13.7.64.22,38.102.0.109,38.5
13.7.64.22,38.102.0.109,38.3
13.7.64.22,38.102.0.109,38.7
13.7.64.22,38.102.0.109,39.0
13.7.64.22,38.102.0.109,38.7
13.7.64.22,38.102.0.109,38.5
13.7.64.22,38.102.0.109,38.2
13.7.64.22,38.102.0.109,38.3
13.7.64.22,38.102.0.109,38.6
13.7.64.22,38.102.0.109,38.5
13.7.64.22,38.102.0.109,39.7
13.7.64.22,38.102.0.109,39.1
13.7.64.22,38.102.0.109,38.7
13.7.64.22,38.102.0.109,44.9
13.7.64.22,38.102.0.109,38.3
13.7.64.22,38.102.0.109,38.7
13.7.64.22,38.102.0.109,38.6
13.7.64.22,38.102.0.109,38.3
13.7.64.22,38.102.0.109,38.3
13.7.64.22,38.102.0.109,39.9
13.7.64.22,38.102.0.109,38.5
13.7.64.22,38.102.0.109,38.3
13.7.64.22,38.102.0.109,38.6
13.7.64.22,38.102.0.109,38.3
13.7.64.22,38.102.0.109,38.2
13.7.64.22,38.102.0.109,38.7
13.7.64.22,38.102.0.109,38.3
13.7.64.22,38.102.0.109,38.3
13.7.64.22,38.102.0.109,38.4
13.7.64.22,38.102.0.109,38.3
13.7.64.22,38.102.0.109,38.3
13.7.64.22,38.102.0.109,38.4
13.7.64.22,38.102.0.109,38.3
13.7.64.22,38.102.0.109,38.4
13.7.64.22,38.102.0.109,38.6
13.7.64.22,38.102.0.109,39.8
13.7.64.22,38.102.0.109,38.5
13.7.64.22,38.102.0.109,38.6
13.7.64.22,38.102.0.109,39.4
13.7.64.22,38.102.0.109,38.4
13.7.64.22,38.102.0.109,38.4
13.7.64.22,38.102.0.109,38.6
13.7.64.22,38.102.0.109,38.3
13.7.64.22,38.102.0.109,38.3
13.7.64.22,38.102.0.109,39.4
13.7.64.22,38.102.0.109,38.3
13.7.64.22,38.102.0.109,38.9
13.7.64.22,38.102.0.109,39.1
13.7.64.22,38.102.0.109,38.3
13.7.64.22,38.102.0.109,38.5
13.7.64.22,38.102.0.109,38.9
13.7.64.22,38.102.0.109,38.5
13.7.64.22,38.102.0.109,38.3
13.7.64.22,38.102.0.109,38.2
13.7.64.22,38.102.0.109,38.8
13.7.64.22,38.102.0.109,38.6
13.7.64.22,38.102.0.109,38.5
13.7.64.22,38.102.0.109,38.4
13.7.64.22,38.102.0.109,38.4
13.7.64.22,38.102.0.109,38.4
13.7.64.22,38.102.0.109,39.6
13.7.64.22,38.102.0.109,38.6
13.7.64.22,38.102.0.109,38.5
13.7.64.22,38.102.0.109,38.4
13.7.64.22,38.102.0.109,38.5
13.7.64.22,38.102.0.109,40.2
13.7.64.22,38.102.0.109,38.5
13.7.64.22,38.102.0.109,38.6
13.7.64.22,38.102.0.109,38.7
13.7.64.22,38.102.0.109,38.2
13.7.64.22,38.102.0.109,38.3
13.7.64.22,38.102.0.109,38.2
13.7.64.22,38.102.0.109,38.3
13.7.64.22,38.102.0.109,38.4
13.7.64.22,38.102.0.109,38.3
13.7.64.22,38.102.0.109,38.6
13.7.64.22,38.102.0.109,38.5
13.7.64.22,38.102.0.109,38.8
13.7.64.22,38.102.0.109,38.5
13.7.64.22,38.102.0.109,38.4
13.7.64.22,38.102.0.109,38.3
13.7.64.22,38.102.0.109,38.8
13.7.64.22,38.102.0.109,38.5
13.7.64.22,38.102.0.109,38.8
13.7.64.22,38.102.0.109,38.5
13.7.64.22,38.102.0.109,38.7
13.7.64.22,38.102.0.109,38.9
13.7.64.22,38.102.0.109,38.7
13.7.64.22,38.102.0.109,38.4
13.7.64.22,38.102.0.109,39.2
13.7.64.22,38.102.0.109,38.5
13.7.64.22,38.102.0.109,39.0
13.7.64.22,38.102.0.109,39.2
13.7.64.22,38.102.0.109,38.8
13.7.64.22,38.102.0.109,39.0
13.7.64.22,38.102.0.109,39.4
13.7.64.22,38.102.0.109,39.0
13.7.64.22,38.102.0.109,38.6
13.7.64.22,38.102.0.109,38.5
13.7.64.22,38.102.0.109,38.4
13.7.64.22,38.102.0.109,38.9
13.7.64.22,38.102.0.109,38.3
13.7.64.22,38.102.0.109,38.3
13.7.64.22,38.102.0.109,38.4
13.7.64.22,38.102.0.109,38.6
13.7.64.22,38.102.0.109,38.2
13.7.64.22,38.102.0.109,38.3
13.7.64.22,38.102.0.109,38.7
13.7.64.22,38.102.0.109,38.6
13.7.64.22,38.102.0.109,39.0
13.7.64.22,38.102.0.109,39.9
13.7.64.22,38.102.0.109,39.5
13.7.64.22,38.102.0.109,38.5
13.7.64.22,38.102.0.109,38.8
13.7.64.22,38.102.0.109,38.5
13.7.64.22,38.102.0.109,38.6
13.7.64.22,38.102.0.109,38.8
13.7.64.22,38.102.0.109,38.2
13.7.64.22,38.102.0.109,38.4
13.7.64.22,38.102.0.109,38.2
13.7.64.22,38.102.0.109,38.4
13.7.64.22,38.102.0.109,38.3
13.7.64.22,38.102.0.109,38.4
13.7.64.22,38.102.0.109,38.4
13.7.64.22,38.102.0.109,38.3
13.7.64.22,38.102.0.109,39.0
13.7.64.22,38.102.0.109,50.8
13.7.64.22,38.102.0.109,38.5
13.7.64.22,38.102.0.109,38.6
13.7.64.22,38.102.0.109,38.6
13.7.64.22,38.102.0.109,39.5
13.7.64.22,38.102.0.109,38.4
13.7.64.22,38.102.0.109,38.3
13.7.64.22,38.102.0.109,38.6
13.7.64.22,38.102.0.109,38.9
13.7.64.22,38.102.0.109,38.9
13.7.64.22,38.102.0.109,38.5
13.7.64.22,38.102.0.109,38.6
13.7.64.22,38.102.0.109,39.1
13.7.64.22,38.102.0.109,38.6
13.7.64.22,38.102.0.109,38.5
13.7.64.22,38.102.0.109,40.6
13.7.64.22,38.102.0.109,38.5
13.7.64.22,38.102.0.109,38.5
13.7.64.22,38.102.0.109,38.4
13.7.64.22,38.102.0.109,38.3
13.7.64.22,38.102.0.109,38.3
13.7.64.22,38.102.0.109,38.3
13.7.64.22,38.102.0.109,38.3
13.7.64.22,38.102.0.109,38.3
13.7.64.22,38.102.0.109,38.4
13.7.64.22,38.102.0.109,39.6
13.7.64.22,38.102.0.109,38.5
13.7.64.22,38.102.0.109,38.9
13.7.64.22,38.102.0.109,38.4
13.7.64.22,38.102.0.109,38.3
13.7.64.22,38.102.0.109,38.5
13.7.64.22,38.102.0.109,38.8
13.7.64.22,38.102.0.109,38.3
13.7.64.22,38.102.0.109,39.3
13.7.64.22,38.102.0.109,38.4
13.7.64.22,38.102.0.109,38.3
13.7.64.22,38.102.0.109,38.3
13.7.64.22,38.102.0.109,38.3
13.7.64.22,38.102.0.109,38.4
13.7.64.22,38.102.0.109,38.3
13.7.64.22,38.102.0.109,38.5
13.7.64.22,38.102.0.109,38.3
13.7.64.22,38.102.0.109,38.7
13.7.64.22,38.102.0.109,39.0
13.7.64.22,38.102.0.109,38.3
13.7.64.22,38.102.0.109,38.3
13.7.64.22,38.102.0.109,38.3
13.7.64.22,38.102.0.109,38.2
13.7.64.22,38.102.0.109,38.3
13.7.64.22,38.102.0.109,38.2
13.7.64.22,38.102.0.109,39.5
13.7.64.22,38.102.0.109,38.7
13.7.64.22,38.102.0.109,38.5
13.7.64.22,38.102.0.109,38.3
13.7.64.22,38.102.0.109,38.4
13.7.64.22,38.102.0.109,38.2
13.7.64.22,38.102.0.109,38.3
13.7.64.22,38.102.0.109,38.3
13.7.64.22,38.102.0.109,38.3
13.7.64.22,38.102.0.109,38.3
13.7.64.22,38.102.0.109,38.3
13.7.64.22,38.102.0.109,39.3
13.7.64.22,38.102.0.109,38.4
13.7.64.22,38.102.0.109,38.4
13.7.64.22,38.102.0.109,38.2
13.7.64.22,38.102.0.109,38.4
13.7.64.22,38.102.0.109,38.2
13.7.64.22,38.102.0.109,38.3
13.7.64.22,38.102.0.109,38.5
13.7.64.22,38.102.0.109,38.9
13.7.64.22,38.102.0.109,38.4
13.7.64.22,38.102.0.109,38.3
13.7.64.22,38.102.0.109,38.2
13.7.64.22,38.102.0.109,38.4
13.7.64.22,38.102.0.109,38.3
13.7.64.22,38.102.0.109,38.4
13.7.64.22,38.102.0.109,38.3
13.7.64.22,38.102.0.109,41.3
13.7.64.22,38.102.0.109,39.0
13.7.64.22,38.102.0.109,38.6
13.7.64.22,38.102.0.109,39.5
13.7.64.22,38.102.0.109,38.3
13.7.64.22,38.102.0.109,39.2
13.7.64.22,38.102.0.109,38.9
13.7.64.22,38.102.0.109,38.4
13.7.64.22,38.102.0.109,38.4
13.7.64.22,38.102.0.109,38.4
13.7.64.22,38.102.0.109,38.9
13.7.64.22,38.102.0.109,38.4
13.7.64.22,38.102.0.109,38.5
13.7.64.22,38.102.0.109,39.0
13.7.64.22,38.102.0.109,38.7
13.7.64.22,38.102.0.109,38.8
13.7.64.22,38.102.0.109,38.5
13.7.64.22,38.102.0.109,38.4
13.7.64.22,38.102.0.109,38.5
13.7.64.22,38.102.0.109,38.3
13.7.64.22,38.102.0.109,38.4
13.7.64.22,38.102.0.109,38.3
13.7.64.22,38.102.0.109,38.3
13.7.64.22,38.102.0.109,38.3
13.7.64.22,38.102.0.109,38.4
13.7.64.22,38.102.0.109,38.4
13.7.64.22,38.102.0.109,40.7
13.7.64.22,38.102.0.109,38.3
13.7.64.22,38.102.0.109,38.3
13.7.64.22,38.102.0.109,38.3
13.7.64.22,38.102.0.109,38.3
13.7.64.22,38.102.0.109,38.3
13.7.64.22,38.102.0.109,38.2
13.7.64.22,38.102.0.109,38.3
13.7.64.22,38.102.0.109,38.4
13.7.64.22,38.102.0.109,38.4
13.7.64.22,38.102.0.109,38.5
13.7.64.22,38.102.0.109,38.5
13.7.64.22,38.102.0.109,38.3
13.7.64.22,38.102.0.109,38.5
13.7.64.22,38.102.0.109,38.4
13.7.64.22,38.102.0.109,38.6
13.7.64.22,38.102.0.109,38.3
13.7.64.22,38.102.0.109,38.3
13.7.64.22,38.102.0.109,38.3
13.7.64.22,38.102.0.109,38.9
13.7.64.22,38.102.0.109,38.3
13.7.64.22,38.102.0.109,38.2
13.7.64.22,38.102.0.109,38.6
13.7.64.22,38.102.0.109,38.4
13.7.64.22,38.102.0.109,38.5
13.7.64.22,38.102.0.109,38.3
13.7.64.22,38.102.0.109,39.1
13.7.64.22,38.102.0.109,38.3
13.7.64.22,38.102.0.109,38.3
13.7.64.22,38.102.0.109,38.4
13.7.64.22,38.102.0.109,38.4
13.7.64.22,38.102.0.109,38.3
13.7.64.22,38.102.0.109,38.2
13.7.64.22,38.102.0.109,38.2
13.7.64.22,38.102.0.109,39.1
13.7.64.22,38.102.0.109,38.8
13.7.64.22,38.102.0.109,38.3
13.7.64.22,38.102.0.109,39.4
13.7.64.22,38.102.0.109,38.3
13.7.64.22,38.102.0.109,38.5
13.7.64.22,38.102.0.109,39.1
13.7.64.22,38.102.0.109,38.4
13.7.64.22,38.102.0.109,39.1
13.7.64.22,38.102.0.109,38.8
13.7.64.22,38.102.0.109,38.3
13.7.64.22,38.102.0.109,38.3
13.7.64.22,38.102.0.109,38.6
13.7.64.22,38.102.0.109,38.3
13.7.64.22,38.102.0.109,38.4
13.7.64.22,38.102.0.109,39.5
13.7.64.22,38.102.0.109,38.5
13.7.64.22,38.102.0.109,38.4
13.7.64.22,38.102.0.109,39.2
13.7.64.22,38.102.0.109,38.3
13.7.64.22,38.102.0.109,38.5
13.7.64.22,38.102.0.109,38.2
13.7.64.22,38.102.0.109,38.3
13.7.64.22,38.102.0.109,38.3
13.7.64.22,38.102.0.109,38.3
13.7.64.22,38.102.0.109,38.3
13.7.64.22,38.102.0.109,38.3
13.7.64.22,38.102.0.109,38.3
13.7.64.22,38.102.0.109,38.6
13.7.64.22,38.102.0.109,38.3
13.7.64.22,38.102.0.109,38.3
13.7.64.22,38.102.0.109,38.3
13.7.64.22,38.102.0.109,38.4
13.7.64.22,38.102.0.109,38.3
13.7.64.22,38.102.0.109,38.2
13.7.64.22,38.102.0.109,39.0
13.7.64.22,38.102.0.109,38.3
13.7.64.22,38.102.0.109,38.3
13.7.64.22,38.102.0.109,38.5
13.7.64.22,38.102.0.109,38.3
13.7.64.22,38.102.0.109,39.4
13.7.64.22,38.102.0.109,39.9
13.7.64.22,38.102.0.109,38.4
13.7.64.22,38.102.0.109,38.8
13.7.64.22,38.102.0.109,38.4
13.7.64.22,38.102.0.109,39.4
13.7.64.22,38.102.0.109,38.3
13.7.64.22,38.102.0.109,38.3
13.7.64.22,38.102.0.109,38.3
13.7.64.22,38.102.0.109,38.3
13.7.64.22,38.102.0.109,38.3
13.7.64.22,38.102.0.109,38.4
13.7.64.22,38.102.0.109,38.4
13.7.64.22,38.102.0.109,38.7
13.7.64.22,38.102.0.109,38.2
13.7.64.22,38.102.0.109,38.4
13.7.64.22,38.102.0.109,38.3
13.7.64.22,38.102.0.109,38.4
13.7.64.22,38.102.0.109,38.2
13.7.64.22,38.102.0.109,38.3
13.7.64.22,38.102.0.109,38.5
13.7.64.22,38.102.0.109,38.2
13.7.64.22,38.102.0.109,38.3
13.7.64.22,38.102.0.109,38.4
13.7.64.22,38.102.0.109,38.4
13.7.64.22,38.102.0.109,38.3
13.7.64.22,38.102.0.109,38.9
13.7.64.22,38.102.0.109,39.0
13.7.64.22,38.102.0.109,38.3
13.7.64.22,38.102.0.109,38.3
13.7.64.22,38.102.0.109,38.3
13.7.64.22,38.102.0.109,38.2
13.7.64.22,38.102.0.109,38.3
13.7.64.22,38.102.0.109,38.3
13.7.64.22,38.102.0.109,38.3
13.7.64.22,38.102.0.109,38.2
13.7.64.22,38.102.0.109,38.5
13.7.64.22,38.102.0.109,38.5
13.7.64.22,38.102.0.109,38.4
13.7.64.22,38.102.0.109,39.9
13.7.64.22,38.102.0.109,38.4
13.7.64.22,38.102.0.109,38.6
13.7.64.22,38.102.0.109,38.4
13.7.64.22,38.102.0.109,38.3
13.7.64.22,38.102.0.109,38.3
13.7.64.22,38.102.0.109,38.5
13.7.64.22,38.102.0.109,38.8
13.7.64.22,38.102.0.109,38.3
13.7.64.22,38.102.0.109,38.3
13.7.64.22,38.102.0.109,38.9
13.7.64.22,38.102.0.109,38.3
13.7.64.22,38.102.0.109,38.2
13.7.64.22,38.102.0.109,38.2
13.7.64.22,38.102.0.109,38.6
13.7.64.22,38.102.0.109,38.4
13.7.64.22,38.102.0.109,38.3
13.7.64.22,38.102.0.109,38.4
13.7.64.22,38.102.0.109,38.4
13.7.64.22,38.102.0.109,38.3
13.7.64.22,38.102.0.109,38.3
13.7.64.22,38.102.0.109,38.3
13.7.64.22,38.102.0.109,38.3
13.7.64.22,38.102.0.109,38.6
13.7.64.22,38.102.0.109,40.9
13.7.64.22,38.102.0.109,38.4
13.7.64.22,38.102.0.109,38.2
13.7.64.22,38.102.0.109,38.3
13.7.64.22,38.102.0.109,38.3
13.7.64.22,38.102.0.109,38.2
13.7.64.22,38.102.0.109,38.4
13.7.64.22,38.102.0.109,38.4
13.7.64.22,38.102.0.109,38.3
13.7.64.22,38.102.0.109,39.9
13.7.64.22,38.102.0.109,38.2
13.7.64.22,38.102.0.109,39.0
13.7.64.22,38.102.0.109,38.5
13.7.64.22,38.102.0.109,38.3
13.7.64.22,38.102.0.109,38.3
13.7.64.22,38.102.0.109,38.3
13.7.64.22,38.98.51.20,9.06
13.7.64.22,38.98.51.20,9.11
13.7.64.22,38.98.51.20,9.15
13.7.64.22,38.98.51.20,9.16
13.7.64.22,38.98.51.20,9.16
13.7.64.22,38.98.51.20,9.05
13.7.64.22,38.98.51.20,9.10
13.7.64.22,38.98.51.20,9.15
13.7.64.22,38.98.51.20,9.03
13.7.64.22,38.98.51.20,9.12
13.7.64.22,38.98.51.20,9.09
13.7.64.22,38.98.51.20,9.34
13.7.64.22,38.98.51.20,9.35
13.7.64.22,38.98.51.20,9.14
13.7.64.22,38.98.51.20,22.4
13.7.64.22,38.98.51.20,9.20
13.7.64.22,38.98.51.20,9.20
13.7.64.22,38.98.51.20,9.21
13.7.64.22,38.98.51.20,9.12
13.7.64.22,38.98.51.20,9.21
13.7.64.22,38.98.51.20,9.17
13.7.64.22,38.98.51.20,9.22
13.7.64.22,38.98.51.20,9.05
13.7.64.22,38.98.51.20,9.10
13.7.64.22,38.98.51.20,9.16
13.7.64.22,38.98.51.20,9.53
13.7.64.22,38.98.51.20,9.40
13.7.64.22,38.98.51.20,9.17
13.7.64.22,38.98.51.20,14.1
13.7.64.22,38.98.51.20,9.31
13.7.64.22,38.98.51.20,9.43
13.7.64.22,38.98.51.20,9.32
13.7.64.22,38.98.51.20,9.24
13.7.64.22,38.98.51.20,9.06
13.7.64.22,38.98.51.20,9.38
13.7.64.22,38.98.51.20,9.75
13.7.64.22,38.98.51.20,9.13
13.7.64.22,38.98.51.20,9.18
13.7.64.22,38.98.51.20,9.29
13.7.64.22,38.98.51.20,9.18
13.7.64.22,38.98.51.20,9.04
13.7.64.22,38.98.51.20,9.09
13.7.64.22,38.98.51.20,9.14
13.7.64.22,38.98.51.20,9.39
13.7.64.22,38.98.51.20,9.16
13.7.64.22,38.98.51.20,9.14
13.7.64.22,38.98.51.20,9.15
13.7.64.22,38.98.51.20,10.2
13.7.64.22,38.98.51.20,9.87
13.7.64.22,38.98.51.20,9.03
13.7.64.22,38.98.51.20,9.13
13.7.64.22,38.98.51.20,9.17
13.7.64.22,38.98.51.20,9.07
13.7.64.22,38.98.51.20,9.06
13.7.64.22,38.98.51.20,9.14
13.7.64.22,38.98.51.20,9.14
13.7.64.22,38.98.51.20,9.17
13.7.64.22,38.98.51.20,9.21
13.7.64.22,38.98.51.20,9.18
13.7.64.22,38.98.51.20,16.1
13.7.64.22,38.98.51.20,9.40
13.7.64.22,38.98.51.20,9.19
13.7.64.22,38.98.51.20,10.7
13.7.64.22,38.98.51.20,10.1
13.7.64.22,38.98.51.20,9.10
13.7.64.22,38.98.51.20,9.35
13.7.64.22,38.98.51.20,9.11
13.7.64.22,38.98.51.20,10.8
13.7.64.22,38.98.51.20,9.07
13.7.64.22,38.98.51.20,11.0
13.7.64.22,38.98.51.20,9.10
13.7.64.22,38.98.51.20,9.21
13.7.64.22,38.98.51.20,10.1
13.7.64.22,38.98.51.20,9.90
13.7.64.22,38.98.51.20,9.93
13.7.64.22,38.98.51.20,9.12
13.7.64.22,38.98.51.20,9.19
13.7.64.22,38.98.51.20,9.89
13.7.64.22,38.98.51.20,9.04
13.7.64.22,38.98.51.20,9.07
13.7.64.22,38.98.51.20,9.12
13.7.64.22,38.98.51.20,9.23
13.7.64.22,38.98.51.20,9.14
13.7.64.22,38.98.51.20,9.11
13.7.64.22,38.98.51.20,9.15
13.7.64.22,38.98.51.20,9.85
13.7.64.22,38.98.51.20,9.49
13.7.64.22,38.98.51.20,9.13
13.7.64.22,38.98.51.20,15.9
13.7.64.22,38.98.51.20,9.09
13.7.64.22,38.98.51.20,9.31
13.7.64.22,38.98.51.20,9.06
13.7.64.22,38.98.51.20,9.17
13.7.64.22,38.98.51.20,9.22
13.7.64.22,38.98.51.20,9.35
13.7.64.22,38.98.51.20,9.29
13.7.64.22,38.98.51.20,9.01
13.7.64.22,38.98.51.20,9.18
13.7.64.22,38.98.51.20,9.55
13.7.64.22,38.98.51.20,10.0
13.7.64.22,38.98.51.20,9.14
13.7.64.22,38.98.51.20,10.0
13.7.64.22,38.98.51.20,9.10
13.7.64.22,38.98.51.20,9.25
13.7.64.22,38.98.51.20,9.58
13.7.64.22,38.98.51.20,9.59
13.7.64.22,38.98.51.20,9.04
13.7.64.22,38.98.51.20,9.23
13.7.64.22,38.98.51.20,9.61
13.7.64.22,38.98.51.20,10.4
13.7.64.22,38.98.51.20,9.21
13.7.64.22,38.98.51.20,9.47
13.7.64.22,38.98.51.20,9.12
13.7.64.22,38.98.51.20,9.14
13.7.64.22,38.98.51.20,9.17
13.7.64.22,38.98.51.20,9.61
13.7.64.22,38.98.51.20,9.13
13.7.64.22,38.98.51.20,9.05
13.7.64.22,38.98.51.20,9.14
13.7.64.22,38.98.51.20,9.09
13.7.64.22,38.98.51.20,9.17
13.7.64.22,38.98.51.20,9.17
13.7.64.22,38.98.51.20,9.11
13.7.64.22,38.98.51.20,9.25
13.7.64.22,38.98.51.20,9.15
13.7.64.22,38.98.51.20,10.2
13.7.64.22,38.98.51.20,9.04
13.7.64.22,38.98.51.20,9.08
13.7.64.22,38.98.51.20,9.20
13.7.64.22,38.98.51.20,9.20
13.7.64.22,38.98.51.20,10.1
13.7.64.22,38.98.51.20,9.50
13.7.64.22,38.98.51.20,9.09
13.7.64.22,38.98.51.20,9.10
13.7.64.22,38.98.51.20,9.28
13.7.64.22,38.98.51.20,9.30
13.7.64.22,38.98.51.20,9.14
13.7.64.22,38.98.51.20,9.08
13.7.64.22,38.98.51.20,10.2
13.7.64.22,38.98.51.20,9.32
13.7.64.22,38.98.51.20,9.08
13.7.64.22,38.98.51.20,9.12
13.7.64.22,38.98.51.20,9.25
13.7.64.22,38.98.51.20,9.11
13.7.64.22,38.98.51.20,9.32
13.7.64.22,38.98.51.20,9.54
13.7.64.22,38.98.51.20,9.09
13.7.64.22,38.98.51.20,9.09
13.7.64.22,38.98.51.20,9.14
13.7.64.22,38.98.51.20,9.09
13.7.64.22,38.98.51.20,9.98
13.7.64.22,38.98.51.20,9.11
13.7.64.22,38.98.51.20,9.63
13.7.64.22,38.98.51.20,9.17
13.7.64.22,38.98.51.20,9.22
13.7.64.22,38.98.51.20,9.10
13.7.64.22,38.98.51.20,9.75
13.7.64.22,38.98.51.20,9.07
13.7.64.22,38.98.51.20,9.15
13.7.64.22,38.98.51.20,9.08
13.7.64.22,38.98.51.20,9.14
13.7.64.22,38.98.51.20,9.25
13.7.64.22,38.98.51.20,10.1
13.7.64.22,38.98.51.20,9.54
13.7.64.22,38.98.51.20,9.17
13.7.64.22,38.98.51.20,9.27
13.7.64.22,38.98.51.20,9.10
13.7.64.22,38.98.51.20,9.31
13.7.64.22,38.98.51.20,9.15
13.7.64.22,38.98.51.20,9.06
13.7.64.22,38.98.51.20,9.20
13.7.64.22,38.98.51.20,9.06
13.7.64.22,38.98.51.20,9.67
13.7.64.22,38.98.51.20,9.34
13.7.64.22,38.98.51.20,9.08
13.7.64.22,38.98.51.20,10.2
13.7.64.22,38.98.51.20,10.4
13.7.64.22,38.98.51.20,9.16
13.7.64.22,38.98.51.20,9.05
13.7.64.22,38.98.51.20,9.32
13.7.64.22,38.98.51.20,9.18
13.7.64.22,38.98.51.20,9.47
13.7.64.22,38.98.51.20,9.32
13.7.64.22,38.98.51.20,9.14
13.7.64.22,38.98.51.20,9.09
13.7.64.22,38.98.51.20,9.06
13.7.64.22,38.98.51.20,9.09
13.7.64.22,38.98.51.20,9.60
13.7.64.22,38.98.51.20,9.78
13.7.64.22,38.98.51.20,9.13
13.7.64.22,38.98.51.20,9.18
13.7.64.22,38.98.51.20,9.09
13.7.64.22,38.98.51.20,9.46
13.7.64.22,38.98.51.20,9.24
13.7.64.22,38.98.51.20,9.23
13.7.64.22,38.98.51.20,9.39
13.7.64.22,38.98.51.20,9.12
13.7.64.22,38.98.51.20,11.8
13.7.64.22,38.98.51.20,9.25
13.7.64.22,38.98.51.20,9.63
13.7.64.22,38.98.51.20,9.20
13.7.64.22,38.98.51.20,9.09
13.7.64.22,38.98.51.20,9.57
13.7.64.22,38.98.51.20,20.3
13.7.64.22,38.98.51.20,9.18
13.7.64.22,38.98.51.20,9.60
13.7.64.22,38.98.51.20,10.4
13.7.64.22,38.98.51.20,9.17
13.7.64.22,38.98.51.20,9.33
13.7.64.22,38.98.51.20,9.51
13.7.64.22,38.98.51.20,11.3
13.7.64.22,38.98.51.20,9.09
13.7.64.22,38.98.51.20,10.4
13.7.64.22,38.98.51.20,9.37
13.7.64.22,38.98.51.20,9.00
13.7.64.22,38.98.51.20,10.1
13.7.64.22,38.98.51.20,9.01
13.7.64.22,38.98.51.20,9.20
13.7.64.22,38.98.51.20,9.09
13.7.64.22,38.98.51.20,9.30
13.7.64.22,38.98.51.20,9.05
13.7.64.22,38.98.51.20,9.04
13.7.64.22,38.98.51.20,9.96
13.7.64.22,38.98.51.20,9.13
13.7.64.22,38.98.51.20,9.05
13.7.64.22,38.98.51.20,9.50
13.7.64.22,38.98.51.20,9.12
13.7.64.22,38.98.51.20,9.27
13.7.64.22,38.98.51.20,9.06
13.7.64.22,38.98.51.20,10.9
13.7.64.22,38.98.51.20,9.29
13.7.64.22,38.98.51.20,9.16
13.7.64.22,38.98.51.20,9.16
13.7.64.22,38.98.51.20,9.16
13.7.64.22,38.98.51.20,9.15
13.7.64.22,38.98.51.20,9.09
13.7.64.22,38.98.51.20,9.14
13.7.64.22,38.98.51.20,9.09
13.7.64.22,38.98.51.20,9.46
13.7.64.22,38.98.51.20,9.41
13.7.64.22,38.98.51.20,10.2
13.7.64.22,38.98.51.20,9.25
13.7.64.22,38.98.51.20,9.13
13.7.64.22,38.98.51.20,9.10
13.7.64.22,38.98.51.20,9.14
13.7.64.22,38.98.51.20,9.36
13.7.64.22,38.98.51.20,9.75
13.7.64.22,38.98.51.20,11.4
13.7.64.22,38.98.51.20,9.07
13.7.64.22,38.98.51.20,9.14
13.7.64.22,38.98.51.20,9.09
13.7.64.22,38.98.51.20,9.11
13.7.64.22,38.98.51.20,10.2
13.7.64.22,38.98.51.20,9.16
13.7.64.22,38.98.51.20,9.20
13.7.64.22,38.98.51.20,11.5
13.7.64.22,38.98.51.20,10.8
13.7.64.22,38.98.51.20,9.58
13.7.64.22,38.98.51.20,9.05
13.7.64.22,38.98.51.20,9.53
13.7.64.22,38.98.51.20,9.23
13.7.64.22,38.98.51.20,9.26
13.7.64.22,38.98.51.20,9.05
13.7.64.22,38.98.51.20,9.04
13.7.64.22,38.98.51.20,9.43
13.7.64.22,38.98.51.20,9.10
13.7.64.22,38.98.51.20,9.05
13.7.64.22,38.98.51.20,9.76
13.7.64.22,38.98.51.20,9.80
13.7.64.22,38.98.51.20,9.86
13.7.64.22,38.98.51.20,9.09
13.7.64.22,38.98.51.20,9.19
13.7.64.22,38.98.51.20,9.19
13.7.64.22,38.98.51.20,9.15
13.7.64.22,38.98.51.20,9.53
13.7.64.22,38.98.51.20,9.08
13.7.64.22,38.98.51.20,9.09
13.7.64.22,38.98.51.20,9.25
13.7.64.22,38.98.51.20,9.08
13.7.64.22,38.98.51.20,9.01
13.7.64.22,38.98.51.20,9.11
13.7.64.22,38.98.51.20,9.15
13.7.64.22,38.98.51.20,9.03
13.7.64.22,38.98.51.20,9.48
13.7.64.22,38.98.51.20,9.11
13.7.64.22,38.98.51.20,9.95
13.7.64.22,38.98.51.20,9.74
13.7.64.22,38.98.51.20,9.17
13.7.64.22,38.98.51.20,9.28
13.7.64.22,38.98.51.20,9.85
13.7.64.22,38.98.51.20,9.09
13.7.64.22,38.98.51.20,10.1
13.7.64.22,38.98.51.20,9.07
13.7.64.22,38.98.51.20,9.02
13.7.64.22,38.98.51.20,10.5
13.7.64.22,38.98.51.20,9.14
13.7.64.22,38.98.51.20,9.15
13.7.64.22,38.98.51.20,9.07
13.7.64.22,38.98.51.20,9.22
13.7.64.22,38.98.51.20,9.44
13.7.64.22,38.98.51.20,9.05
13.7.64.22,38.98.51.20,9.06
13.7.64.22,38.98.51.20,9.13
13.7.64.22,38.98.51.20,9.21
13.7.64.22,38.98.51.20,9.15
13.7.64.22,38.98.51.20,9.13
13.7.64.22,38.98.51.20,9.68
13.7.64.22,38.98.51.20,9.15
13.7.64.22,38.98.51.20,9.34
13.7.64.22,38.98.51.20,9.08
13.7.64.22,38.98.51.20,9.30
13.7.64.22,38.98.51.20,9.13
13.7.64.22,38.98.51.20,9.14
13.7.64.22,38.98.51.20,9.16
13.7.64.22,38.98.51.20,9.13
13.7.64.22,38.98.51.20,9.42
13.7.64.22,38.98.51.20,9.70
13.7.64.22,38.98.51.20,9.57
13.7.64.22,38.98.51.20,9.19
13.7.64.22,38.98.51.20,9.30
13.7.64.22,38.98.51.20,9.12
13.7.64.22,38.98.51.20,10.3
13.7.64.22,38.98.51.20,9.14
13.7.64.22,38.98.51.20,9.45
13.7.64.22,38.98.51.20,9.10
13.7.64.22,38.98.51.20,9.17
13.7.64.22,38.98.51.20,9.23
13.7.64.22,38.98.51.20,9.08
13.7.64.22,38.98.51.20,9.05
13.7.64.22,38.98.51.20,9.09
13.7.64.22,38.98.51.20,9.01
13.7.64.22,38.98.51.20,9.14
13.7.64.22,38.98.51.20,9.28
13.7.64.22,38.98.51.20,9.03
13.7.64.22,38.98.51.20,9.13
13.7.64.22,38.98.51.20,9.06
13.7.64.22,38.98.51.20,9.19
13.7.64.22,38.98.51.20,9.58
13.7.64.22,38.98.51.20,9.10
13.7.64.22,38.98.51.20,9.27
13.7.64.22,38.98.51.20,9.08
13.7.64.22,38.98.51.20,9.16
13.7.64.22,38.98.51.20,9.08
13.7.64.22,38.98.51.20,9.12
13.7.64.22,38.98.51.20,9.16
13.7.64.22,38.98.51.20,9.04
13.7.64.22,38.98.51.20,9.04
13.7.64.22,38.98.51.20,9.15
13.7.64.22,38.98.51.20,9.16
13.7.64.22,38.98.51.20,9.05
13.7.64.22,38.98.51.20,9.11
13.7.64.22,38.98.51.20,9.10
13.7.64.22,38.98.51.20,9.14
13.7.64.22,38.98.51.20,9.15
13.7.64.22,38.98.51.20,9.20
13.7.64.22,38.98.51.20,12.3
13.7.64.22,38.98.51.20,9.12
13.7.64.22,38.98.51.20,9.15
13.7.64.22,38.98.51.20,9.20
13.7.64.22,38.98.51.20,9.53
13.7.64.22,38.98.51.20,9.09
13.7.64.22,38.98.51.20,10.5
13.7.64.22,38.98.51.20,9.49
13.7.64.22,38.98.51.20,9.10
13.7.64.22,38.98.51.20,11.9
13.7.64.22,38.98.51.20,16.5
13.7.64.22,38.98.51.20,9.09
13.7.64.22,38.98.51.20,9.16
13.7.64.22,38.98.51.20,9.10
13.7.64.22,38.98.51.20,9.29
13.7.64.22,38.98.51.20,9.10
13.7.64.22,38.98.51.20,10.0
13.7.64.22,38.98.51.20,9.12
13.7.64.22,38.98.51.20,9.19
13.7.64.22,38.98.51.20,9.20
13.7.64.22,38.98.51.20,9.12
13.7.64.22,38.98.51.20,9.06
13.7.64.22,38.98.51.20,9.17
13.7.64.22,38.98.51.20,9.05
13.7.64.22,38.98.51.20,9.27
13.7.64.22,38.98.51.20,9.08
13.7.64.22,38.98.51.20,9.14
13.7.64.22,38.98.51.20,9.00
13.7.64.22,38.98.51.20,9.09
13.7.64.22,38.98.51.20,9.09
13.7.64.22,38.98.51.20,9.15
13.7.64.22,38.98.51.20,9.13
13.7.64.22,38.98.51.20,9.22
13.7.64.22,38.98.51.20,9.37
13.7.64.22,38.98.51.20,9.22
13.7.64.22,38.98.51.20,9.35
13.7.64.22,38.98.51.20,9.07
13.7.64.22,38.98.51.20,9.10
13.7.64.22,38.98.51.20,9.24
13.7.64.22,38.98.51.20,9.07
13.7.64.22,38.98.51.20,9.20
13.7.64.22,38.98.51.20,9.64
13.7.64.22,38.98.51.20,9.14
13.7.64.22,38.98.51.20,9.25
13.7.64.22,38.98.51.20,9.02
13.7.64.22,38.98.51.20,9.07
13.7.64.22,38.98.51.20,9.45
13.7.64.22,38.98.51.20,9.26
13.7.64.22,38.98.51.20,9.07
13.7.64.22,38.98.51.20,9.08
13.7.64.22,38.98.51.20,9.15
13.7.64.22,38.98.51.20,9.05
13.7.64.22,38.98.51.20,9.05
13.7.64.22,38.98.51.20,9.16
13.7.64.22,38.98.51.20,9.11
13.7.64.22,38.98.51.20,9.11
13.7.64.22,38.98.51.20,9.13
13.7.64.22,38.98.51.20,9.26
13.7.64.22,38.98.51.20,9.23
13.7.64.22,38.98.51.20,9.15
13.7.64.22,38.98.51.20,9.96
13.7.64.22,38.98.51.20,9.36
13.7.64.22,38.98.51.20,9.10
13.7.64.22,38.98.51.20,9.08
13.7.64.22,38.98.51.20,9.23
13.7.64.22,38.98.51.20,10.2
13.7.64.22,38.98.51.20,9.21
13.7.64.22,38.98.51.20,9.24
13.7.64.22,38.98.51.20,9.54
13.7.64.22,38.98.51.20,9.18
13.7.64.22,38.98.51.20,9.14
13.7.64.22,38.98.51.20,9.10
13.7.64.22,38.98.51.20,9.10
13.7.64.22,38.98.51.20,9.39
13.7.64.22,38.98.51.20,9.13
13.7.64.22,38.98.51.20,9.90
13.7.64.22,38.98.51.20,9.15
13.7.64.22,38.98.51.20,9.07
13.7.64.22,38.98.51.20,9.13
13.7.64.22,38.98.51.20,9.10
13.7.64.22,38.98.51.20,9.38
13.7.64.22,38.98.51.20,9.08
13.7.64.22,38.98.51.20,9.48
13.7.64.22,38.98.51.20,9.08
13.7.64.22,38.98.51.20,9.10
13.7.64.22,38.98.51.20,9.19
13.7.64.22,38.98.51.20,9.07
13.7.64.22,38.98.51.20,9.18
13.7.64.22,38.98.51.20,9.11
13.7.64.22,38.98.51.20,9.20
13.7.64.22,38.98.51.20,9.10
13.7.64.22,38.98.51.20,9.12
13.7.64.22,38.98.51.20,9.09
13.7.64.22,38.98.51.20,9.09
13.7.64.22,38.98.51.20,9.23
13.7.64.22,38.98.51.20,10.9
13.7.64.22,38.98.51.20,9.27
13.7.64.22,38.98.51.20,9.19
13.7.64.22,38.98.51.20,9.94
13.7.64.22,38.98.51.20,9.12
13.7.64.22,38.98.51.20,9.57
13.7.64.22,38.98.51.20,9.15
13.7.64.22,38.98.51.20,9.13
13.7.64.22,38.98.51.20,9.69
13.7.64.22,38.98.51.20,9.22
13.7.64.22,38.98.51.20,9.12
13.7.64.22,38.98.51.20,9.13
13.7.64.22,38.98.51.20,9.24
13.7.64.22,38.98.51.20,9.13
13.7.64.22,38.98.51.20,9.13
13.7.64.22,38.98.51.20,10.3
13.7.64.22,38.98.51.20,9.06
13.7.64.22,38.98.51.20,9.15
13.7.64.22,38.98.51.20,9.04
13.7.64.22,38.98.51.20,9.05
13.7.64.22,38.98.51.20,9.19
13.7.64.22,38.98.51.20,9.14
13.7.64.22,38.98.51.20,9.04
13.7.64.22,38.98.51.20,9.14
13.7.64.22,38.98.51.20,9.13
13.7.64.22,38.98.51.20,9.09
13.7.64.22,38.98.51.20,9.13
13.7.64.22,38.98.51.20,9.19
13.7.64.22,38.98.51.20,9.08
13.7.64.22,38.98.51.20,9.08
13.7.64.22,38.98.51.20,9.18
13.7.64.22,38.98.51.20,9.13
13.7.64.22,38.98.51.20,9.07
13.7.64.22,38.98.51.20,9.17
13.7.64.22,38.98.51.20,9.10
13.7.64.22,38.98.51.20,9.02
13.7.64.22,38.98.51.20,9.12
13.7.64.22,38.98.51.20,9.46
13.7.64.22,38.98.51.20,9.30
13.7.64.22,38.98.51.20,9.01
13.7.64.22,38.98.51.20,9.08
13.7.64.22,38.98.51.20,9.10
13.7.64.22,38.98.51.20,12.1
13.7.64.22,38.98.51.20,9.30
13.7.64.22,38.98.51.20,9.18
13.7.64.22,38.98.51.20,9.54
13.7.64.22,38.98.51.20,9.40
13.7.64.22,38.98.51.20,9.76
13.7.64.22,38.98.51.20,9.42
13.7.64.22,38.98.51.20,9.12
13.7.64.22,38.98.51.20,9.16
13.7.64.22,38.98.51.20,9.09
13.7.64.22,38.98.51.20,9.14
13.7.64.22,38.98.51.20,9.21
13.7.64.22,38.98.51.20,10.2
13.7.64.22,38.98.51.20,9.15
13.7.64.22,38.98.51.20,9.19
13.7.64.22,38.98.51.20,9.72
13.7.64.22,38.98.51.20,9.95
13.7.64.22,38.98.51.20,9.49
13.7.64.22,38.98.51.20,9.65
13.7.64.22,38.98.51.20,9.06
13.7.64.22,38.98.51.20,9.29
13.7.64.22,38.98.51.20,9.66
13.7.64.22,38.98.51.20,9.11
13.7.64.22,38.98.51.20,9.07
13.7.64.22,38.98.51.20,9.11
13.7.64.22,38.98.51.20,9.05
13.7.64.22,38.98.51.20,9.07
13.7.64.22,38.98.51.20,9.09
13.7.64.22,38.98.51.20,9.17
13.7.64.22,38.98.51.20,9.12
13.7.64.22,38.98.51.20,9.12
13.7.64.22,38.98.51.20,9.04
13.7.64.22,38.98.51.20,9.23
13.7.64.22,38.98.51.20,9.07
13.7.64.22,38.98.51.20,9.34
13.7.64.22,38.98.51.20,9.39
13.7.64.22,38.98.51.20,9.29
13.7.64.22,38.98.51.20,9.28
13.7.64.22,38.98.51.20,9.09
13.7.64.22,38.98.51.20,9.32
13.7.64.22,38.98.51.20,9.12
13.7.64.22,38.98.51.20,9.10
13.7.64.22,38.98.51.20,9.07
13.7.64.22,38.98.51.20,9.09
13.7.64.22,38.98.51.20,9.05
13.7.64.22,38.98.51.20,9.96
13.7.64.22,38.98.51.20,9.36
13.7.64.22,38.98.51.20,10.8
13.7.64.22,38.98.51.20,9.16
13.7.64.22,38.98.51.20,9.59
13.7.64.22,38.98.51.20,9.21
13.7.64.22,38.98.51.20,9.03
13.7.64.22,38.98.51.20,9.11
13.7.64.22,38.98.51.20,9.08
13.7.64.22,38.98.51.20,9.03
13.7.64.22,38.98.51.20,9.14
13.7.64.22,38.98.51.20,9.42
13.7.64.22,38.98.51.20,9.13
13.7.64.22,38.98.51.20,9.62
13.7.64.22,38.98.51.20,9.56
13.7.64.22,38.98.51.20,9.12
13.7.64.22,38.98.51.20,9.28
13.7.64.22,38.98.51.20,9.18
13.7.64.22,38.98.51.20,9.16
13.7.64.22,38.98.51.20,9.11
13.7.64.22,38.98.51.20,9.10
13.7.64.22,38.98.51.20,10.0
13.7.64.22,38.98.51.20,9.48
13.7.64.22,38.98.51.20,9.35
13.7.64.22,38.98.51.20,9.06
13.7.64.22,38.98.51.20,10.3
13.7.64.22,38.98.51.20,12.9
13.7.64.22,38.98.51.20,9.48
13.7.64.22,38.98.51.20,9.55
13.7.64.22,38.98.51.20,10.4
13.7.64.22,38.98.51.20,11.4
13.7.64.22,38.98.51.20,9.60
13.7.64.22,38.98.51.20,9.32
13.7.64.22,38.98.51.20,9.75
13.7.64.22,38.98.51.20,9.72
13.7.64.22,38.98.51.20,9.77
13.7.64.22,38.98.51.20,9.04
13.7.64.22,38.98.51.20,11.2
13.7.64.22,38.98.51.20,9.33
13.7.64.22,38.98.51.20,9.10
13.7.64.22,38.98.51.20,9.66
13.7.64.22,38.98.51.20,9.12
13.7.64.22,38.98.51.20,9.35
13.7.64.22,38.98.51.20,9.33
13.7.64.22,38.98.51.20,9.14
13.7.64.22,38.98.51.20,9.18
13.7.64.22,38.98.51.20,10.4
13.7.64.22,38.98.51.20,10.0
13.7.64.22,38.98.51.20,9.24
13.7.64.22,38.98.51.20,9.32
13.7.64.22,38.98.51.20,9.24
13.7.64.22,38.98.51.20,9.07
13.7.64.22,38.98.51.20,9.67
13.7.64.22,38.98.51.20,9.13
13.7.64.22,38.98.51.20,9.67
13.7.64.22,38.98.51.20,9.73
13.7.64.22,38.98.51.20,9.17
13.7.64.22,38.98.51.20,9.08
13.7.64.22,38.98.51.20,9.72
13.7.64.22,38.98.51.20,9.34
13.7.64.22,38.98.51.20,9.60
13.7.64.22,38.98.51.20,9.29
13.7.64.22,38.98.51.20,9.15
13.7.64.22,38.98.51.20,9.14
13.7.64.22,38.98.51.20,9.33
13.7.64.22,38.98.51.20,9.17
13.7.64.22,38.98.51.20,9.13
13.7.64.22,38.98.51.20,9.23
13.7.64.22,38.98.51.20,9.37
13.7.64.22,38.98.51.20,9.23
13.7.64.22,38.98.51.20,9.33
13.7.64.22,38.98.51.20,9.13
13.7.64.22,38.98.51.20,9.09
13.7.64.22,38.98.51.20,9.56
13.7.64.22,38.98.51.20,9.16
13.7.64.22,38.98.51.20,9.47
13.7.64.22,38.98.51.20,9.31
13.7.64.22,38.98.51.20,9.32
13.7.64.22,38.98.51.20,11.8
13.7.64.22,38.98.51.20,9.52
13.7.64.22,38.98.51.20,9.02
13.7.64.22,38.98.51.20,9.82
13.7.64.22,38.98.51.20,9.06
13.7.64.22,38.98.51.20,10.0
13.7.64.22,38.98.51.20,9.77
13.7.64.22,38.98.51.20,9.33
13.7.64.22,38.98.51.20,9.19
13.7.64.22,38.98.51.20,9.11
13.7.64.22,38.98.51.20,9.08
13.7.64.22,38.98.51.20,9.11
13.7.64.22,38.98.51.20,9.05
13.7.64.22,38.98.51.20,9.08
13.7.64.22,38.98.51.20,9.15
13.7.64.22,38.98.51.20,9.64
13.7.64.22,38.98.51.20,9.57
13.7.64.22,38.98.51.20,10.1
13.7.64.22,38.98.51.20,10.2
13.7.64.22,38.98.51.20,9.02
13.7.64.22,38.98.51.20,9.53
13.7.64.22,38.98.51.20,9.40
13.7.64.22,38.98.51.20,10.0
13.7.64.22,38.98.51.20,9.24
13.7.64.22,38.98.51.20,9.17
13.7.64.22,38.98.51.20,9.64
13.7.64.22,38.98.51.20,9.10
13.7.64.22,38.98.51.20,9.04
13.7.64.22,38.98.51.20,9.14
13.7.64.22,38.98.51.20,9.26
13.7.64.22,38.98.51.20,9.23
13.7.64.22,38.98.51.20,10.0
13.7.64.22,38.98.51.20,9.17
13.7.64.22,38.98.51.20,9.53
13.7.64.22,38.98.51.20,9.21
13.7.64.22,38.98.51.20,9.10
13.7.64.22,38.98.51.20,10.4
13.7.64.22,38.98.51.20,9.50
13.7.64.22,38.98.51.20,9.27
13.7.64.22,38.98.51.20,9.15
13.7.64.22,38.98.51.20,9.15
13.7.64.22,38.98.51.20,9.15
13.7.64.22,38.98.51.20,9.22
13.7.64.22,38.98.51.20,9.18
13.7.64.22,38.98.51.20,9.08
13.7.64.22,38.98.51.20,9.55
13.7.64.22,38.98.51.20,9.19
13.7.64.22,38.98.51.20,9.08
13.7.64.22,38.98.51.20,9.40
13.7.64.22,38.98.51.20,9.52
13.7.64.22,38.98.51.20,9.12
13.7.64.22,38.98.51.20,9.51
13.7.64.22,38.98.51.20,9.44
13.7.64.22,38.98.51.20,9.04
13.7.64.22,38.98.51.20,9.12
13.7.64.22,38.98.51.20,9.22
13.7.64.22,38.98.51.20,9.48
13.7.64.22,38.98.51.20,11.8
13.7.64.22,38.98.51.20,8.98
13.7.64.22,38.98.51.20,9.10
13.7.64.22,38.98.51.20,9.60
13.7.64.22,38.98.51.20,9.13
13.7.64.22,38.98.51.20,9.16
13.7.64.22,38.98.51.20,9.52
13.7.64.22,38.98.51.20,9.58
13.7.64.22,38.98.51.20,9.11
13.7.64.22,38.98.51.20,9.05
13.7.64.22,38.98.51.20,9.53
13.7.64.22,38.98.51.20,9.31
13.7.64.22,38.98.51.20,9.13
13.7.64.22,38.98.51.20,9.10
13.7.64.22,38.98.51.20,9.19
13.7.64.22,38.98.51.20,9.04
13.7.64.22,38.98.51.20,9.20
13.7.64.22,38.98.51.20,9.24
13.7.64.22,38.98.51.20,9.18
13.7.64.22,38.98.51.20,9.07
13.7.64.22,38.98.51.20,9.10
13.7.64.22,38.98.51.20,9.09
13.7.64.22,38.98.51.20,9.18
13.7.64.22,38.98.51.20,9.56
13.7.64.22,38.98.51.20,9.28
13.7.64.22,38.98.51.20,9.08
13.7.64.22,38.98.51.20,9.16
13.7.64.22,38.98.51.20,9.11
13.7.64.22,38.98.51.20,9.23
13.7.64.22,38.98.51.20,9.17
13.7.64.22,38.98.51.20,9.68
13.7.64.22,38.98.51.20,9.09
13.7.64.22,38.98.51.20,9.25
13.7.64.22,38.98.51.20,9.05
13.7.64.22,38.98.51.20,9.16
13.7.64.22,38.98.51.20,9.06
13.7.64.22,38.98.51.20,9.04
13.7.64.22,38.98.51.20,9.02
13.7.64.22,38.98.51.20,9.16
13.7.64.22,38.98.51.20,9.18
13.7.64.22,38.98.51.20,9.05
13.7.64.22,38.98.51.20,9.16
13.7.64.22,38.98.51.20,9.15
13.7.64.22,38.98.51.20,9.07
13.7.64.22,38.98.51.20,9.08
13.7.64.22,38.98.51.20,9.12
13.7.64.22,38.98.51.20,10.0
13.7.64.22,38.98.51.20,9.15
13.7.64.22,38.98.51.20,9.12
13.7.64.22,38.98.51.20,9.05
13.7.64.22,38.98.51.20,9.09
13.7.64.22,38.98.51.20,9.20
13.7.64.22,38.98.51.20,9.12
13.7.64.22,38.98.51.20,9.34
13.7.64.22,38.98.51.20,9.24
13.7.64.22,38.98.51.20,9.37
13.7.64.22,38.98.51.20,9.04
13.7.64.22,38.98.51.20,10.1
13.7.64.22,38.98.51.20,9.12
13.7.64.22,38.98.51.20,9.94
13.7.64.22,38.98.51.20,9.14
13.7.64.22,38.98.51.20,9.07
13.7.64.22,38.98.51.20,9.06
13.7.64.22,38.98.51.20,10.0
13.7.64.22,38.98.51.20,9.46
13.7.64.22,38.98.51.20,9.06
13.7.64.22,38.98.51.20,9.11
13.7.64.22,38.98.51.20,9.55
13.7.64.22,38.98.51.20,9.16
13.7.64.22,38.98.51.20,9.16
13.7.64.22,38.98.51.20,9.46
13.7.64.22,38.98.51.20,9.19
13.7.64.22,38.98.51.20,9.09
13.7.64.22,38.98.51.20,9.27
13.7.64.22,38.98.51.20,9.11
13.7.64.22,38.98.51.20,9.22
13.7.64.22,38.98.51.20,9.07
13.7.64.22,38.98.51.20,9.04
13.7.64.22,38.98.51.20,10.2
13.7.64.22,38.98.51.20,9.10
13.7.64.22,38.98.51.20,10.5
13.7.64.22,38.98.51.20,9.81
13.7.64.22,38.98.51.20,9.07
13.7.64.22,38.98.51.20,9.44
13.7.64.22,38.98.51.20,9.36
13.7.64.22,38.98.51.20,9.21
13.7.64.22,38.98.51.20,10.8
13.7.64.22,38.98.51.20,9.18
13.7.64.22,38.98.51.20,9.09
13.7.64.22,38.98.51.20,9.15
13.7.64.22,38.98.51.20,9.05
13.7.64.22,38.98.51.20,9.51
13.7.64.22,38.98.51.20,9.05
13.7.64.22,38.98.51.20,9.18
13.7.64.22,38.98.51.20,9.18
13.7.64.22,38.98.51.20,9.15
13.7.64.22,38.98.51.20,9.07
13.7.64.22,38.98.51.20,8.99
13.7.64.22,38.98.51.20,9.35
13.7.64.22,38.98.51.20,9.24
13.7.64.22,38.98.51.20,9.13
13.7.64.22,38.98.51.20,9.05
13.7.64.22,38.98.51.20,12.6
13.7.64.22,38.98.51.20,9.25
13.7.64.22,38.98.51.20,9.10
13.7.64.22,38.98.51.20,9.51
13.7.64.22,38.98.51.20,9.32
13.7.64.22,38.98.51.20,9.14
13.7.64.22,38.98.51.20,9.17
13.7.64.22,38.98.51.20,9.09
13.7.64.22,38.98.51.20,9.06
13.7.64.22,38.98.51.20,9.45
13.7.64.22,38.98.51.20,9.44
13.7.64.22,38.98.51.20,9.37
13.7.64.22,38.98.51.20,9.15
13.7.64.22,38.98.51.20,9.43
13.7.64.22,38.98.51.20,9.11
13.7.64.22,38.98.51.20,9.35
13.7.64.22,38.98.51.20,9.08
13.7.64.22,38.98.51.20,10.2
13.7.64.22,38.98.51.20,9.72
13.7.64.22,38.98.51.20,9.87
13.7.64.22,38.98.51.20,9.10
13.7.64.22,38.98.51.20,9.28
13.7.64.22,38.98.51.20,9.22
13.7.64.22,38.98.51.20,9.39
13.7.64.22,38.98.51.20,9.33
13.7.64.22,38.98.51.20,9.07
13.7.64.22,38.98.51.20,9.05
13.7.64.22,38.98.51.20,9.99
13.7.64.22,38.98.51.20,9.14
13.7.64.22,38.98.51.20,9.14
13.7.64.22,38.98.51.20,9.46
13.7.64.22,38.98.51.20,9.57
13.7.64.22,38.98.51.20,9.36
13.7.64.22,38.98.51.20,9.14
13.7.64.22,38.98.51.20,9.67
13.7.64.22,38.98.51.20,9.23
13.7.64.22,38.98.51.20,9.17
13.7.64.22,38.98.51.20,9.96
13.7.64.22,38.98.51.20,9.31
13.7.64.22,38.98.51.20,9.07
13.7.64.22,38.98.51.20,9.45
13.7.64.22,38.98.51.20,9.55
13.7.64.22,38.98.51.20,9.18
13.7.64.22,38.98.51.20,9.20
13.7.64.22,38.98.51.20,9.20
13.7.64.22,38.98.51.20,9.46
13.7.64.22,38.98.51.20,9.29
13.7.64.22,38.98.51.20,9.11
13.7.64.22,38.98.51.20,10.3
13.7.64.22,38.98.51.20,10.2
13.7.64.22,38.98.51.20,10.3
13.7.64.22,38.98.51.20,20.2
13.7.64.22,38.98.51.20,9.29
13.7.64.22,38.98.51.20,9.61
13.7.64.22,38.98.51.20,9.09
13.7.64.22,38.98.51.20,9.48
13.7.64.22,38.98.51.20,9.02
13.7.64.22,38.98.51.20,9.16
13.7.64.22,38.98.51.20,9.10
13.7.64.22,38.98.51.20,9.10
13.7.64.22,38.98.51.20,9.16
13.7.64.22,38.98.51.20,9.13
13.7.64.22,38.98.51.20,9.06
13.7.64.22,38.98.51.20,9.17
13.7.64.22,38.98.51.20,9.20
13.7.64.22,38.98.51.20,9.55
13.7.64.22,38.98.51.20,9.18
13.7.64.22,38.98.51.20,9.20
13.7.64.22,38.98.51.20,9.09
13.7.64.22,38.98.51.20,9.39
13.7.64.22,38.98.51.20,9.13
13.7.64.22,38.98.51.20,9.10
13.7.64.22,38.98.51.20,9.07
13.7.64.22,38.98.51.20,9.14
13.7.64.22,38.98.51.20,9.44
13.7.64.22,38.98.51.20,9.53
13.7.64.22,38.98.51.20,9.09
13.7.64.22,38.98.51.20,9.57
13.7.64.22,38.98.51.20,9.11
13.7.64.22,38.98.51.20,9.23
13.7.64.22,38.98.51.20,9.17
13.7.64.22,38.98.51.20,9.41
13.7.64.22,38.98.51.20,9.10
13.7.64.22,38.98.51.20,9.52
13.7.64.22,38.98.51.20,9.13
13.7.64.22,38.98.51.20,9.15
13.7.64.22,38.98.51.20,9.03
13.7.64.22,38.98.51.20,9.14
13.7.64.22,38.98.51.20,9.08
13.7.64.22,38.98.51.20,9.10
13.7.64.22,38.98.51.20,9.15
13.7.64.22,38.98.51.20,9.09
13.7.64.22,38.98.51.20,9.11
13.7.64.22,38.98.51.20,9.20
13.7.64.22,38.98.51.20,10.3
13.7.64.22,38.98.51.20,9.65
13.7.64.22,38.98.51.20,9.14
13.7.64.22,38.98.51.20,9.21
13.7.64.22,38.98.51.20,9.17
13.7.64.22,38.98.51.20,9.13
13.7.64.22,38.98.51.20,9.14
13.7.64.22,38.98.51.20,9.09
13.7.64.22,38.98.51.20,9.41
13.7.64.22,38.98.51.20,9.54
13.7.64.22,38.98.51.20,9.64
13.7.64.22,38.98.51.20,11.4
13.7.64.22,38.98.51.20,9.59
13.7.64.22,38.98.51.20,9.09
13.7.64.22,38.98.51.20,9.17
13.7.64.22,38.98.51.20,9.66
13.7.64.22,38.98.51.20,10.0
13.7.64.22,38.98.51.20,9.35
13.7.64.22,38.98.51.20,9.40
13.7.64.22,38.98.51.20,9.06
13.7.64.22,38.98.51.20,9.24
13.7.64.22,38.98.51.20,9.26
13.7.64.22,38.98.51.20,9.16
13.7.64.22,38.98.51.20,9.10
13.7.64.22,38.98.51.20,9.24
13.7.64.22,38.98.51.20,9.23
13.7.64.22,38.98.51.20,9.12
13.7.64.22,38.98.51.20,9.17
13.7.64.22,38.98.51.20,9.13
13.7.64.22,38.98.51.20,9.31
13.7.64.22,38.98.51.20,10.2
13.7.64.22,38.98.51.20,9.57
13.7.64.22,38.98.51.20,9.42
13.7.64.22,38.98.51.20,9.15
13.7.64.22,38.98.51.20,9.47
13.7.64.22,38.98.51.20,9.40
13.7.64.22,38.98.51.20,9.56
13.7.64.22,38.98.51.20,9.31
13.7.64.22,38.98.51.20,9.50
13.7.64.22,38.98.51.20,9.08
13.7.64.22,38.98.51.20,9.20
13.7.64.22,38.98.51.20,9.17
13.7.64.22,38.98.51.20,9.90
13.7.64.22,38.98.51.20,9.09
13.7.64.22,38.98.51.20,9.17
13.7.64.22,38.98.51.20,9.18
13.7.64.22,38.98.51.20,9.37
13.7.64.22,38.98.51.20,9.31
13.7.64.22,38.98.51.20,9.42
13.7.64.22,38.98.51.20,9.41
13.7.64.22,38.98.51.20,10.4
13.7.64.22,38.98.51.20,9.08
13.7.64.22,38.98.51.20,13.5
13.7.64.22,38.98.51.20,9.53
13.7.64.22,38.98.51.20,9.42
13.7.64.22,38.98.51.20,9.40
13.7.64.22,38.98.51.20,9.47
13.7.64.22,38.98.51.20,11.8
13.7.64.22,38.98.51.20,15.7
13.7.64.22,38.98.51.20,9.93
13.7.64.22,38.98.51.20,9.07
13.7.64.22,38.98.51.20,9.69
13.7.64.22,38.98.51.20,11.4
13.7.64.22,38.98.51.20,9.12
13.7.64.22,38.98.51.20,9.16
13.7.64.22,38.98.51.20,9.58
13.7.64.22,38.98.51.20,9.11
13.7.64.22,38.98.51.20,9.18
13.7.64.22,38.98.51.20,9.53
13.7.64.22,38.98.51.20,9.19
13.7.64.22,38.98.51.20,9.26
13.7.64.22,38.98.51.20,9.14
13.7.64.22,38.98.51.20,9.32
13.7.64.22,38.98.51.20,9.24
13.7.64.22,38.98.51.20,9.04
13.7.64.22,38.98.51.20,9.30
13.7.64.22,38.98.51.20,9.15
13.7.64.22,38.98.51.20,9.11
13.7.64.22,38.98.51.20,9.48
13.7.64.22,38.98.51.20,9.12
13.7.64.22,38.98.51.20,15.8
13.7.64.22,38.98.51.20,9.31
13.7.64.22,38.98.51.20,9.06
13.7.64.22,38.98.51.20,9.47
13.7.64.22,38.98.51.20,9.51
13.7.64.22,38.98.51.20,9.37
13.7.64.22,38.98.51.20,9.18
13.7.64.22,38.98.51.20,9.26
13.7.64.22,38.98.51.20,10.3
13.7.64.22,38.98.51.20,9.47
13.7.64.22,38.98.51.20,9.07
13.7.64.22,38.98.51.20,9.19
13.7.64.22,38.98.51.20,9.17
13.7.64.22,38.98.51.20,10.7
13.7.64.22,38.98.51.20,10.0
13.7.64.22,38.98.51.20,9.06
13.7.64.22,38.98.51.20,9.38
13.7.64.22,38.98.51.20,9.13
13.7.64.22,38.98.51.20,9.06
13.7.64.22,38.98.51.20,9.07
13.7.64.22,38.98.51.20,9.64
13.7.64.22,38.98.51.20,8.98
13.7.64.22,38.98.51.20,9.10
13.7.64.22,38.98.51.20,9.91
13.7.64.22,38.98.51.20,9.25
13.7.64.22,38.98.51.20,9.12
13.7.64.22,38.98.51.20,9.32
13.7.64.22,38.98.51.20,9.40
13.7.64.22,38.98.51.20,9.15
13.7.64.22,38.98.51.20,9.95
13.7.64.22,38.98.51.20,10.0
13.7.64.22,38.98.51.20,9.56
13.7.64.22,38.98.51.20,9.50
13.7.64.22,38.98.51.20,9.37
13.7.64.22,38.98.51.20,9.37
13.7.64.22,38.98.51.20,9.05
13.7.64.22,38.98.51.20,9.13
13.7.64.22,38.98.51.20,9.93
13.7.64.22,38.98.51.20,9.38
13.7.64.22,38.98.51.20,9.07
13.7.64.22,38.98.51.20,9.62
13.7.64.22,38.98.51.20,9.06
13.7.64.22,38.98.51.20,9.69
13.7.64.22,38.98.51.20,9.07
13.7.64.22,38.98.51.20,9.19
13.7.64.22,38.98.51.20,9.21
13.7.64.22,38.98.51.20,9.42
13.7.64.22,38.98.51.20,9.26
13.7.64.22,38.98.51.20,9.11
13.7.64.22,4.71.254.147,60.1
13.7.64.22,4.71.254.147,60.5
13.7.64.22,4.71.254.147,60.5
13.7.64.22,4.71.254.147,62.9
13.7.64.22,4.71.254.147,61.3
13.7.64.22,4.71.254.147,60.2
13.7.64.22,4.71.254.147,61.1
13.7.64.22,4.71.254.147,60.5
13.7.64.22,4.71.254.147,60.2
13.7.64.22,4.71.254.147,60.1
13.7.64.22,4.71.254.147,66.9
13.7.64.22,4.71.254.147,61.4
13.7.64.22,4.71.254.147,61.6
13.7.64.22,4.71.254.147,60.4
13.7.64.22,4.71.254.147,60.1
13.7.64.22,4.71.254.147,60.1
13.7.64.22,4.71.254.147,62.4
13.7.64.22,4.71.254.147,61.3
13.7.64.22,4.71.254.147,60.5
13.7.64.22,4.71.254.147,60.1
13.7.64.22,4.71.254.147,60.6
13.7.64.22,4.71.254.147,60.2
13.7.64.22,4.71.254.147,60.1
13.7.64.22,4.71.254.147,60.2
13.7.64.22,4.71.254.147,60.5
13.7.64.22,4.71.254.147,60.2
13.7.64.22,4.71.254.147,60.2
13.7.64.22,4.71.254.147,60.1
13.7.64.22,4.71.254.147,60.2
13.7.64.22,4.71.254.147,60.1
13.7.64.22,4.71.254.147,60.2
13.7.64.22,4.71.254.147,60.3
13.7.64.22,4.71.254.147,60.1
13.7.64.22,4.71.254.147,61.1
13.7.64.22,4.71.254.147,60.1
13.7.64.22,4.71.254.147,60.3
13.7.64.22,4.71.254.147,60.1
13.7.64.22,4.71.254.147,60.2
13.7.64.22,4.71.254.147,60.4
13.7.64.22,4.71.254.147,60.6
13.7.64.22,4.71.254.147,60.2
13.7.64.22,4.71.254.147,60.1
13.7.64.22,4.71.254.147,60.9
13.7.64.22,4.71.254.147,60.1
13.7.64.22,4.71.254.147,60.3
13.7.64.22,4.71.254.147,60.1
13.7.64.22,4.71.254.147,60.2
13.7.64.22,4.71.254.147,60.9
13.7.64.22,4.71.254.147,60.1
13.7.64.22,4.71.254.147,60.1
13.7.64.22,4.71.254.147,60.1
13.7.64.22,4.71.254.147,60.7
13.7.64.22,4.71.254.147,60.2
13.7.64.22,4.71.254.147,60.3
13.7.64.22,4.71.254.147,60.5
13.7.64.22,4.71.254.147,60.2
13.7.64.22,4.71.254.147,61.1
13.7.64.22,4.71.254.147,60.1
13.7.64.22,4.71.254.147,60.1
13.7.64.22,4.71.254.147,60.1
13.7.64.22,4.71.254.147,60.3
13.7.64.22,4.71.254.147,60.2
13.7.64.22,4.71.254.147,60.1
13.7.64.22,4.71.254.147,60.1
13.7.64.22,4.71.254.147,60.3
13.7.64.22,4.71.254.147,60.2
13.7.64.22,4.71.254.147,60.1
13.7.64.22,4.71.254.147,60.4
13.7.64.22,4.71.254.147,60.1
13.7.64.22,4.71.254.147,60.2
13.7.64.22,4.71.254.147,61.4
13.7.64.22,4.71.254.147,60.9
13.7.64.22,4.71.254.147,60.1
13.7.64.22,4.71.254.147,60.2
13.7.64.22,4.71.254.147,61.5
13.7.64.22,4.71.254.147,60.1
13.7.64.22,4.71.254.147,61.8
13.7.64.22,4.71.254.147,60.7
13.7.64.22,4.71.254.147,60.4
13.7.64.22,4.71.254.147,60.9
13.7.64.22,4.71.254.147,60.5
13.7.64.22,4.71.254.147,60.3
13.7.64.22,4.71.254.147,60.4
13.7.64.22,4.71.254.147,60.2
13.7.64.22,4.71.254.147,60.2
13.7.64.22,4.71.254.147,60.1
13.7.64.22,4.71.254.147,61.3
13.7.64.22,4.71.254.147,60.2
13.7.64.22,4.71.254.147,60.1
13.7.64.22,4.71.254.147,60.2
13.7.64.22,4.71.254.147,60.2
13.7.64.22,4.71.254.147,60.4
13.7.64.22,4.71.254.147,60.2
13.7.64.22,4.71.254.147,60.1
13.7.64.22,4.71.254.147,61.3
13.7.64.22,4.71.254.147,60.2
13.7.64.22,4.71.254.147,60.1
13.7.64.22,4.71.254.147,60.6
13.7.64.22,4.71.254.147,60.1
13.7.64.22,4.71.254.147,60.1
13.7.64.22,4.71.254.147,60.2
13.7.64.22,4.71.254.147,60.1
13.7.64.22,4.71.254.147,60.2
13.7.64.22,4.71.254.147,60.1
13.7.64.22,4.71.254.147,60.4
13.7.64.22,4.71.254.147,60.4
13.7.64.22,4.71.254.147,60.1
13.7.64.22,4.71.254.147,60.3
13.7.64.22,4.71.254.147,60.3
13.7.64.22,4.71.254.147,60.6
13.7.64.22,4.71.254.147,60.1
13.7.64.22,4.71.254.147,60.1
13.7.64.22,4.71.254.147,60.4
13.7.64.22,4.71.254.147,60.1
13.7.64.22,4.71.254.147,60.1
13.7.64.22,4.71.254.147,60.2
13.7.64.22,4.71.254.147,60.4
13.7.64.22,4.71.254.147,60.5
13.7.64.22,4.71.254.147,60.2
13.7.64.22,4.71.254.147,60.1
13.7.64.22,4.71.254.147,60.1
13.7.64.22,4.71.254.147,60.2
13.7.64.22,4.71.254.147,60.1
13.7.64.22,4.71.254.147,60.1
13.7.64.22,4.71.254.147,61.3
13.7.64.22,4.71.254.147,60.4
13.7.64.22,4.71.254.147,60.0
13.7.64.22,4.71.254.147,60.1
13.7.64.22,4.71.254.147,60.1
13.7.64.22,4.71.254.147,60.1
13.7.64.22,4.71.254.147,60.5
13.7.64.22,4.71.254.147,60.1
13.7.64.22,4.71.254.147,60.5
13.7.64.22,4.71.254.147,60.1
13.7.64.22,4.71.254.147,60.1
13.7.64.22,4.71.254.147,61.2
13.7.64.22,4.71.254.147,60.2
13.7.64.22,4.71.254.147,60.9
13.7.64.22,4.71.254.147,60.0
13.7.64.22,4.71.254.147,60.8
13.7.64.22,4.71.254.147,60.2
13.7.64.22,4.71.254.147,60.1
13.7.64.22,4.71.254.147,60.1
13.7.64.22,4.71.254.147,68.8
13.7.64.22,4.71.254.147,61.8
13.7.64.22,4.71.254.147,62.8
13.7.64.22,4.71.254.147,60.3
13.7.64.22,4.71.254.147,60.1
13.7.64.22,4.71.254.147,60.0
13.7.64.22,4.71.254.147,60.3
13.7.64.22,4.71.254.147,60.1
13.7.64.22,4.71.254.147,60.6
13.7.64.22,4.71.254.147,60.1
13.7.64.22,4.71.254.147,60.3
13.7.64.22,4.71.254.147,61.1
13.7.64.22,4.71.254.147,60.7
13.7.64.22,4.71.254.147,60.2
13.7.64.22,4.71.254.147,60.2
13.7.64.22,4.71.254.147,61.6
13.7.64.22,4.71.254.147,60.4
13.7.64.22,4.71.254.147,63.5
13.7.64.22,4.71.254.147,60.2
13.7.64.22,4.71.254.147,60.7
13.7.64.22,4.71.254.147,60.4
13.7.64.22,4.71.254.147,60.1
13.7.64.22,4.71.254.147,60.3
13.7.64.22,4.71.254.147,60.1
13.7.64.22,4.71.254.147,61.0
13.7.64.22,4.71.254.147,60.1
13.7.64.22,4.71.254.147,60.1
13.7.64.22,4.71.254.147,60.4
13.7.64.22,4.71.254.147,60.3
13.7.64.22,4.71.254.147,60.4
13.7.64.22,4.71.254.147,60.1
13.7.64.22,4.71.254.147,60.1
13.7.64.22,4.71.254.147,60.2
13.7.64.22,4.71.254.147,60.3
13.7.64.22,4.71.254.147,60.2
13.7.64.22,4.71.254.147,60.1
13.7.64.22,4.71.254.147,61.5
13.7.64.22,4.71.254.147,60.2
13.7.64.22,4.71.254.147,60.3
13.7.64.22,4.71.254.147,60.2
13.7.64.22,4.71.254.147,60.2
13.7.64.22,4.71.254.147,60.1
13.7.64.22,4.71.254.147,60.1
13.7.64.22,4.71.254.147,60.1
13.7.64.22,4.71.254.147,60.2
13.7.64.22,4.71.254.147,60.1
13.7.64.22,4.71.254.147,60.1
13.7.64.22,4.71.254.147,60.2
13.7.64.22,4.71.254.147,60.4
13.7.64.22,4.71.254.147,60.2
13.7.64.22,4.71.254.147,60.2
13.7.64.22,4.71.254.147,60.6
13.7.64.22,4.71.254.147,60.2
13.7.64.22,4.71.254.147,60.4
13.7.64.22,4.71.254.147,60.4
13.7.64.22,4.71.254.147,60.2
13.7.64.22,4.71.254.147,60.1
13.7.64.22,4.71.254.147,60.1
13.7.64.22,4.71.254.147,60.4
13.7.64.22,4.71.254.147,60.2
13.7.64.22,4.71.254.147,60.2
13.7.64.22,4.71.254.147,60.1
13.7.64.22,4.71.254.147,60.2
13.7.64.22,4.71.254.147,62.8
13.7.64.22,4.71.254.147,60.2
13.7.64.22,4.71.254.147,61.3
13.7.64.22,4.71.254.147,60.5
13.7.64.22,4.71.254.147,60.9
13.7.64.22,4.71.254.147,60.2
13.7.64.22,4.71.254.147,60.1
13.7.64.22,4.71.254.147,60.1
13.7.64.22,4.71.254.147,61.6
13.7.64.22,4.71.254.147,60.2
13.7.64.22,4.71.254.147,60.1
13.7.64.22,4.71.254.147,61.1
13.7.64.22,4.71.254.147,60.1
13.7.64.22,4.71.254.147,60.3
13.7.64.22,4.71.254.147,60.2
13.7.64.22,4.71.254.147,60.2
13.7.64.22,4.71.254.147,60.6
13.7.64.22,4.71.254.147,60.2
13.7.64.22,4.71.254.147,60.7
13.7.64.22,4.71.254.147,60.1
13.7.64.22,4.71.254.147,60.2
13.7.64.22,4.71.254.147,60.2
13.7.64.22,4.71.254.147,60.6
13.7.64.22,4.71.254.147,60.2
13.7.64.22,4.71.254.147,61.1
13.7.64.22,4.71.254.147,60.9
13.7.64.22,4.71.254.147,60.4
13.7.64.22,4.71.254.147,60.2
13.7.64.22,4.71.254.147,60.9
13.7.64.22,4.71.254.147,60.3
13.7.64.22,4.71.254.147,60.6
13.7.64.22,4.71.254.147,60.4
13.7.64.22,4.71.254.147,60.4
13.7.64.22,4.71.254.147,60.4
13.7.64.22,4.71.254.147,60.5
13.7.64.22,4.71.254.147,60.5
13.7.64.22,4.71.254.147,60.1
13.7.64.22,4.71.254.147,60.2
13.7.64.22,4.71.254.147,60.2
13.7.64.22,4.71.254.147,60.9
13.7.64.22,4.71.254.147,61.5
13.7.64.22,4.71.254.147,60.1
13.7.64.22,4.71.254.147,60.8
13.7.64.22,4.71.254.147,61.1
13.7.64.22,4.71.254.147,62.7
13.7.64.22,4.71.254.147,60.1
13.7.64.22,4.71.254.147,61.0
13.7.64.22,4.71.254.147,60.5
13.7.64.22,4.71.254.147,60.7
13.7.64.22,4.71.254.147,60.2
13.7.64.22,4.71.254.147,60.2
13.7.64.22,4.71.254.147,63.0
13.7.64.22,4.71.254.147,60.6
13.7.64.22,4.71.254.147,60.8
13.7.64.22,4.71.254.147,60.4
13.7.64.22,4.71.254.147,60.2
13.7.64.22,4.71.254.147,60.1
13.7.64.22,4.71.254.147,60.9
13.7.64.22,4.71.254.147,60.5
13.7.64.22,4.71.254.147,60.3
13.7.64.22,4.71.254.147,60.1
13.7.64.22,4.71.254.147,61.2
13.7.64.22,4.71.254.147,60.1
13.7.64.22,4.71.254.147,60.5
13.7.64.22,4.71.254.147,60.1
13.7.64.22,4.71.254.147,60.1
13.7.64.22,4.71.254.147,60.3
13.7.64.22,4.71.254.147,60.2
13.7.64.22,4.71.254.147,60.1
13.7.64.22,4.71.254.147,60.1
13.7.64.22,4.71.254.147,60.6
13.7.64.22,4.71.254.147,60.2
13.7.64.22,4.71.254.147,60.1
13.7.64.22,4.71.254.147,61.2
13.7.64.22,4.71.254.147,60.7
13.7.64.22,4.71.254.147,60.2
13.7.64.22,4.71.254.147,60.3
13.7.64.22,4.71.254.147,60.1
13.7.64.22,4.71.254.147,60.2
13.7.64.22,4.71.254.147,60.1
13.7.64.22,4.71.254.147,60.1
13.7.64.22,4.71.254.147,60.2
13.7.64.22,4.71.254.147,60.2
13.7.64.22,4.71.254.147,60.1
13.7.64.22,4.71.254.147,60.3
13.7.64.22,4.71.254.147,60.8
13.7.64.22,4.71.254.147,60.6
13.7.64.22,4.71.254.147,60.1
13.7.64.22,4.71.254.147,60.2
13.7.64.22,4.71.254.147,60.2
13.7.64.22,4.71.254.147,60.6
13.7.64.22,4.71.254.147,60.3
13.7.64.22,4.71.254.147,60.4
13.7.64.22,4.71.254.147,60.1
13.7.64.22,4.71.254.147,61.0
13.7.64.22,4.71.254.147,60.2
13.7.64.22,4.71.254.147,60.1
13.7.64.22,4.71.254.147,60.8
13.7.64.22,4.71.254.147,60.2
13.7.64.22,4.71.254.147,60.2
13.7.64.22,4.71.254.147,60.1
13.7.64.22,4.71.254.147,60.6
13.7.64.22,4.71.254.147,60.2
13.7.64.22,4.71.254.147,60.2
13.7.64.22,4.71.254.147,60.1
13.7.64.22,4.71.254.147,60.2
13.7.64.22,4.71.254.147,60.4
13.7.64.22,4.71.254.147,60.1
13.7.64.22,4.71.254.147,60.1
13.7.64.22,4.71.254.147,60.1
13.7.64.22,4.71.254.147,60.2
13.7.64.22,4.71.254.147,60.4
13.7.64.22,4.71.254.147,60.2
13.7.64.22,4.71.254.147,60.2
13.7.64.22,4.71.254.147,60.2
13.7.64.22,4.71.254.147,60.2
13.7.64.22,4.71.254.147,60.1
13.7.64.22,4.71.254.147,60.4
13.7.64.22,4.71.254.147,60.2
13.7.64.22,4.71.254.147,60.4
13.7.64.22,4.71.254.147,60.2
13.7.64.22,4.71.254.147,60.2
13.7.64.22,4.71.254.147,60.2
13.7.64.22,4.71.254.147,60.2
13.7.64.22,4.71.254.147,60.8
13.7.64.22,4.71.254.147,60.4
13.7.64.22,4.71.254.147,60.1
13.7.64.22,4.71.254.147,60.1
13.7.64.22,4.71.254.147,60.2
13.7.64.22,4.71.254.147,60.3
13.7.64.22,4.71.254.147,60.1
13.7.64.22,4.71.254.147,60.2
13.7.64.22,4.71.254.147,60.1
13.7.64.22,4.71.254.147,60.2
13.7.64.22,4.71.254.147,62.3
13.7.64.22,4.71.254.147,60.8
13.7.64.22,4.71.254.147,60.3
13.7.64.22,4.71.254.147,60.2
13.7.64.22,4.71.254.147,60.1
13.7.64.22,4.71.254.147,60.2
13.7.64.22,4.71.254.147,60.2
13.7.64.22,4.71.254.147,60.2
13.7.64.22,4.71.254.147,60.1
13.7.64.22,4.71.254.147,60.1
13.7.64.22,4.71.254.147,60.1
13.7.64.22,4.71.254.147,60.2
13.7.64.22,4.71.254.147,61.0
13.7.64.22,4.71.254.147,60.2
13.7.64.22,4.71.254.147,60.2
13.7.64.22,4.71.254.147,60.1
13.7.64.22,4.71.254.147,60.1
13.7.64.22,4.71.254.147,60.5
13.7.64.22,4.71.254.147,60.1
13.7.64.22,4.71.254.147,60.5
13.7.64.22,4.71.254.147,60.3
13.7.64.22,4.71.254.147,60.1
13.7.64.22,4.71.254.147,60.1
13.7.64.22,4.71.254.147,60.2
13.7.64.22,4.71.254.147,60.8
13.7.64.22,4.71.254.147,60.0
13.7.64.22,4.71.254.147,60.1
13.7.64.22,4.71.254.147,60.3
13.7.64.22,4.71.254.147,60.3
13.7.64.22,4.71.254.147,60.7
13.7.64.22,4.71.254.147,60.3
13.7.64.22,4.71.254.147,60.1
13.7.64.22,4.71.254.147,60.1
13.7.64.22,4.71.254.147,60.9
13.7.64.22,4.71.254.147,60.2
13.7.64.22,4.71.254.147,60.1
13.7.64.22,4.71.254.147,60.0
13.7.64.22,4.71.254.147,60.2
13.7.64.22,4.71.254.147,60.2
13.7.64.22,4.71.254.147,60.2
13.7.64.22,4.71.254.147,60.1
13.7.64.22,4.71.254.147,60.1
13.7.64.22,4.71.254.147,60.1
13.7.64.22,4.71.254.147,61.0
13.7.64.22,4.71.254.147,60.2
13.7.64.22,4.71.254.147,60.1
13.7.64.22,4.71.254.147,60.3
13.7.64.22,4.71.254.147,60.1
13.7.64.22,4.71.254.147,60.1
13.7.64.22,4.71.254.147,63.8
13.7.64.22,4.71.254.147,60.1
13.7.64.22,4.71.254.147,60.2
13.7.64.22,4.71.254.147,60.1
13.7.64.22,4.71.254.147,60.1
13.7.64.22,4.71.254.147,62.5
13.7.64.22,4.71.254.147,60.2
13.7.64.22,4.71.254.147,60.1
13.7.64.22,4.71.254.147,62.1
13.7.64.22,4.71.254.147,60.1
13.7.64.22,4.71.254.147,60.2
13.7.64.22,4.71.254.147,60.2
13.7.64.22,4.71.254.147,60.2
13.7.64.22,4.71.254.147,60.2
13.7.64.22,4.71.254.147,60.4
13.7.64.22,4.71.254.147,60.2
13.7.64.22,4.71.254.147,60.2
13.7.64.22,4.71.254.147,60.1
13.7.64.22,4.71.254.147,66.6
13.7.64.22,4.71.254.147,60.6
13.7.64.22,4.71.254.147,60.1
13.7.64.22,4.71.254.147,60.1
13.7.64.22,4.71.254.147,60.4
13.7.64.22,4.71.254.147,60.4
13.7.64.22,4.71.254.147,60.5
13.7.64.22,4.71.254.147,60.3
13.7.64.22,4.71.254.147,60.2
13.7.64.22,4.71.254.147,60.2
13.7.64.22,4.71.254.147,60.2
13.7.64.22,4.71.254.147,60.1
13.7.64.22,4.71.254.147,60.1
13.7.64.22,4.71.254.147,60.6
13.7.64.22,4.71.254.147,60.1
13.7.64.22,4.71.254.147,61.2
13.7.64.22,4.71.254.147,60.2
13.7.64.22,4.71.254.147,60.5
13.7.64.22,4.71.254.147,60.2
13.7.64.22,4.71.254.147,60.2
13.7.64.22,4.71.254.147,60.1
13.7.64.22,4.71.254.147,60.1
13.7.64.22,4.71.254.147,60.1
13.7.64.22,4.71.254.147,60.8
13.7.64.22,4.71.254.147,60.2
13.7.64.22,4.71.254.147,60.2
13.7.64.22,4.71.254.147,60.6
13.7.64.22,4.71.254.147,61.5
13.7.64.22,4.71.254.147,60.5
13.7.64.22,4.71.254.147,60.2
13.7.64.22,4.71.254.147,60.1
13.7.64.22,4.71.254.147,60.3
13.7.64.22,4.71.254.147,60.4
13.7.64.22,4.71.254.147,61.9
13.7.64.22,4.71.254.147,61.2
13.7.64.22,4.71.254.147,60.8
13.7.64.22,4.71.254.147,60.2
13.7.64.22,4.71.254.147,60.2
13.7.64.22,4.71.254.147,60.4
13.7.64.22,4.71.254.147,60.3
13.7.64.22,4.71.254.147,60.1
13.7.64.22,4.71.254.147,60.1
13.7.64.22,4.71.254.147,60.7
13.7.64.22,4.71.254.147,60.3
13.7.64.22,4.71.254.147,60.2
13.7.64.22,4.71.254.147,60.2
13.7.64.22,4.71.254.147,60.1
13.7.64.22,4.71.254.147,60.1
13.7.64.22,4.71.254.147,60.1
13.7.64.22,4.71.254.147,60.1
13.7.64.22,4.71.254.147,60.1
13.7.64.22,4.71.254.147,60.2
13.7.64.22,4.71.254.147,60.6
13.7.64.22,4.71.254.147,60.1
13.7.64.22,4.71.254.147,60.2
13.7.64.22,4.71.254.147,61.1
13.7.64.22,4.71.254.147,60.5
13.7.64.22,4.71.254.147,60.4
13.7.64.22,4.71.254.147,60.1
13.7.64.22,4.71.254.147,60.1
13.7.64.22,4.71.254.147,60.2
13.7.64.22,4.71.254.147,60.8
13.7.64.22,4.71.254.147,60.1
13.7.64.22,4.71.254.147,60.5
13.7.64.22,4.71.254.147,61.2
13.7.64.22,4.71.254.147,60.1
13.7.64.22,4.71.254.147,60.2
13.7.64.22,4.71.254.147,60.2
13.7.64.22,4.71.254.147,60.4
13.7.64.22,4.71.254.147,60.2
13.7.64.22,4.71.254.147,60.2
13.7.64.22,4.71.254.147,60.1
13.7.64.22,4.71.254.147,60.1
13.7.64.22,4.71.254.147,60.1
13.7.64.22,4.71.254.147,60.1
13.7.64.22,4.71.254.147,63.3
13.7.64.22,4.71.254.147,60.2
13.7.64.22,4.71.254.147,60.2
13.7.64.22,4.71.254.147,60.1
13.7.64.22,4.71.254.147,60.2
13.7.64.22,4.71.254.147,60.1
13.7.64.22,4.71.254.147,60.2
13.7.64.22,4.71.254.147,60.1
13.7.64.22,4.71.254.147,60.5
13.7.64.22,4.71.254.147,60.0
13.7.64.22,4.71.254.147,61.4
13.7.64.22,4.71.254.147,60.2
13.7.64.22,4.71.254.147,60.2
13.7.64.22,4.71.254.147,60.3
13.7.64.22,4.71.254.147,60.2
13.7.64.22,4.71.254.147,60.7
13.7.64.22,4.71.254.147,60.1
13.7.64.22,4.71.254.147,60.2
13.7.64.22,4.71.254.147,60.7
13.7.64.22,4.71.254.147,60.1
13.7.64.22,4.71.254.147,60.1
13.7.64.22,4.71.254.147,60.2
13.7.64.22,4.71.254.147,61.1
13.7.64.22,4.71.254.147,60.1
13.7.64.22,4.71.254.147,60.5
13.7.64.22,4.71.254.147,60.3
13.7.64.22,4.71.254.147,60.2
13.7.64.22,4.71.254.147,60.4
13.7.64.22,4.71.254.147,60.1
13.7.64.22,4.71.254.147,60.2
13.7.64.22,4.71.254.147,60.1
13.7.64.22,4.71.254.147,60.5
13.7.64.22,4.71.254.147,60.3
13.7.64.22,4.71.254.147,60.1
13.7.64.22,4.71.254.147,61.3
13.7.64.22,4.71.254.147,60.7
13.7.64.22,4.71.254.147,60.0
13.7.64.22,4.71.254.147,60.2
13.7.64.22,4.71.254.147,60.1
13.7.64.22,4.71.254.147,60.1
13.7.64.22,4.71.254.147,60.1
13.7.64.22,4.71.254.147,60.2
13.7.64.22,4.71.254.147,60.1
13.7.64.22,4.71.254.147,60.1
13.7.64.22,4.71.254.147,60.1
13.7.64.22,4.71.254.147,60.2
13.7.64.22,4.71.254.147,60.2
13.7.64.22,4.71.254.147,69.0
13.7.64.22,4.71.254.147,60.1
13.7.64.22,4.71.254.147,60.1
13.7.64.22,4.71.254.147,60.2
13.7.64.22,4.71.254.147,60.1
13.7.64.22,4.71.254.147,60.2
13.7.64.22,4.71.254.147,60.2
13.7.64.22,4.71.254.147,60.1
13.7.64.22,4.71.254.147,60.2
13.7.64.22,4.71.254.147,60.1
13.7.64.22,4.71.254.147,60.2
13.7.64.22,4.71.254.147,60.1
13.7.64.22,4.71.254.147,60.1
13.7.64.22,4.71.254.147,60.5
13.7.64.22,4.71.254.147,60.2
13.7.64.22,4.71.254.147,60.1
13.7.64.22,4.71.254.147,60.2
13.7.64.22,4.71.254.147,60.6
13.7.64.22,4.71.254.147,60.1
13.7.64.22,4.71.254.147,60.2
13.7.64.22,4.71.254.147,60.1
13.7.64.22,4.71.254.147,60.2
13.7.64.22,4.71.254.147,60.1
13.7.64.22,4.71.254.147,60.2
13.7.64.22,4.71.254.147,60.1
13.7.64.22,4.71.254.147,60.2
13.7.64.22,4.71.254.147,60.2
13.7.64.22,4.71.254.147,60.3
13.7.64.22,4.71.254.147,60.3
13.7.64.22,4.71.254.147,60.2
13.7.64.22,4.71.254.147,60.1
13.7.64.22,4.71.254.147,60.1
13.7.64.22,4.71.254.147,60.1
13.7.64.22,4.71.254.147,60.2
13.7.64.22,4.71.254.147,60.2
13.7.64.22,4.71.254.147,60.2
13.7.64.22,4.71.254.147,60.2
13.7.64.22,4.71.254.147,60.7
13.7.64.22,4.71.254.147,60.2
13.7.64.22,4.71.254.147,60.2
13.7.64.22,4.71.254.147,60.1
13.7.64.22,4.71.254.147,60.2
13.7.64.22,4.71.254.147,60.5
13.7.64.22,4.71.254.147,60.1
13.7.64.22,4.71.254.147,60.2
13.7.64.22,4.71.254.147,60.4
13.7.64.22,4.71.254.147,60.1
13.7.64.22,4.71.254.147,60.1
13.7.64.22,4.71.254.147,60.3
13.7.64.22,4.71.254.147,60.2
13.7.64.22,4.71.254.147,60.2
13.7.64.22,4.71.254.147,60.3
13.7.64.22,4.71.254.147,60.3
13.7.64.22,4.71.254.147,60.4
13.7.64.22,4.71.254.147,60.2
13.7.64.22,4.71.254.147,60.1
13.7.64.22,4.71.254.147,60.2
13.7.64.22,4.71.254.147,60.1
13.7.64.22,4.71.254.147,60.2
13.7.64.22,4.71.254.147,60.2
13.7.64.22,4.71.254.147,60.6
13.7.64.22,4.71.254.147,60.2
13.7.64.22,4.71.254.147,60.2
13.7.64.22,4.71.254.147,60.2
13.7.64.22,4.71.254.147,61.9
13.7.64.22,4.71.254.147,60.2
13.7.64.22,4.71.254.147,60.2
13.7.64.22,4.71.254.147,60.3
13.7.64.22,4.71.254.147,60.2
13.7.64.22,4.71.254.147,60.1
13.7.64.22,4.71.254.147,60.1
13.7.64.22,4.71.254.147,60.2
13.7.64.22,4.71.254.147,61.1
13.7.64.22,4.71.254.147,60.6
13.7.64.22,4.71.254.147,60.1
13.7.64.22,4.71.254.147,60.2
13.7.64.22,4.71.254.147,60.1
13.7.64.22,4.71.254.147,60.6
13.7.64.22,4.71.254.147,60.1
13.7.64.22,4.71.254.147,60.1
13.7.64.22,4.71.254.147,60.2
13.7.64.22,4.71.254.147,60.1
13.7.64.22,4.71.254.147,60.9
13.7.64.22,4.71.254.147,60.2
13.7.64.22,4.71.254.147,60.1
13.7.64.22,4.71.254.147,60.1
13.7.64.22,4.71.254.147,60.2
13.7.64.22,4.71.254.147,60.0
13.7.64.22,4.71.254.147,62.9
13.7.64.22,4.71.254.147,60.1
13.7.64.22,4.71.254.147,60.1
13.7.64.22,4.71.254.147,60.4
13.7.64.22,4.71.254.147,61.8
13.7.64.22,4.71.254.147,60.2
13.7.64.22,4.71.254.147,60.2
13.7.64.22,4.71.254.147,60.2
13.7.64.22,4.71.254.147,60.2
13.7.64.22,4.71.254.147,61.0
13.7.64.22,4.71.254.147,60.2
13.7.64.22,4.71.254.147,60.1
13.7.64.22,4.71.254.147,60.2
13.7.64.22,4.71.254.147,60.1
13.7.64.22,4.71.254.147,60.1
13.7.64.22,4.71.254.147,60.3
13.7.64.22,4.71.254.147,60.3
13.7.64.22,4.71.254.147,60.1
13.7.64.22,4.71.254.147,60.1
13.7.64.22,4.71.254.147,60.1
13.7.64.22,4.71.254.147,60.2
13.7.64.22,4.71.254.147,60.5
13.7.64.22,4.71.254.147,60.1
13.7.64.22,4.71.254.147,60.1
13.7.64.22,4.71.254.147,60.4
13.7.64.22,4.71.254.147,60.1
13.7.64.22,4.71.254.147,66.7
13.7.64.22,4.71.254.147,60.8
13.7.64.22,4.71.254.147,60.2
13.7.64.22,4.71.254.147,60.1
13.7.64.22,4.71.254.147,60.0
13.7.64.22,4.71.254.147,60.1
13.7.64.22,4.71.254.147,61.0
13.7.64.22,4.71.254.147,60.7
13.7.64.22,4.71.254.147,60.2
13.7.64.22,4.71.254.147,60.1
13.7.64.22,4.71.254.147,60.2
13.7.64.22,4.71.254.147,60.3
13.7.64.22,4.71.254.147,60.2
13.7.64.22,4.71.254.147,60.2
13.7.64.22,4.71.254.147,60.2
13.7.64.22,4.71.254.147,60.2
13.7.64.22,4.71.254.147,60.1
13.7.64.22,4.71.254.147,60.1
13.7.64.22,4.71.254.147,60.2
13.7.64.22,4.71.254.147,60.2
13.7.64.22,4.71.254.147,60.1
13.7.64.22,4.71.254.147,60.1
13.7.64.22,4.71.254.147,60.2
13.7.64.22,4.71.254.147,60.7
13.7.64.22,4.71.254.147,60.2
13.7.64.22,4.71.254.147,60.2
13.7.64.22,4.71.254.147,60.1
13.7.64.22,4.71.254.147,60.1
13.7.64.22,4.71.254.147,60.1
13.7.64.22,4.71.254.147,60.2
13.7.64.22,4.71.254.147,60.1
13.7.64.22,4.71.254.147,60.2
13.7.64.22,4.71.254.147,60.1
13.7.64.22,4.71.254.147,60.1
13.7.64.22,4.71.254.147,60.2
13.7.64.22,4.71.254.147,60.1
13.7.64.22,4.71.254.147,60.2
13.7.64.22,4.71.254.147,60.2
13.7.64.22,4.71.254.147,60.2
13.7.64.22,4.71.254.147,60.2
13.7.64.22,4.71.254.147,60.1
13.7.64.22,4.71.254.147,60.2
13.7.64.22,4.71.254.147,60.1
13.7.64.22,4.71.254.147,60.1
13.7.64.22,4.71.254.147,60.1
13.7.64.22,4.71.254.147,60.3
13.7.64.22,4.71.254.147,60.2
13.7.64.22,4.71.254.147,60.1
13.7.64.22,4.71.254.147,60.6
13.7.64.22,4.71.254.147,60.6
13.7.64.22,4.71.254.147,65.9
13.7.64.22,4.71.254.147,60.2
13.7.64.22,4.71.254.147,60.1
13.7.64.22,4.71.254.147,60.3
13.7.64.22,4.71.254.147,60.6
13.7.64.22,4.71.254.147,60.3
13.7.64.22,4.71.254.147,60.1
13.7.64.22,4.71.254.147,60.8
13.7.64.22,4.71.254.147,60.5
13.7.64.22,4.71.254.147,60.1
13.7.64.22,4.71.254.147,60.1
13.7.64.22,4.71.254.147,60.1
13.7.64.22,4.71.254.147,60.4
13.7.64.22,4.71.254.147,60.1
13.7.64.22,4.71.254.147,60.2
13.7.64.22,4.71.254.147,61.0
13.7.64.22,4.71.254.147,60.2
13.7.64.22,4.71.254.147,61.1
13.7.64.22,4.71.254.147,60.8
13.7.64.22,4.71.254.147,60.4
13.7.64.22,4.71.254.147,60.1
13.7.64.22,4.71.254.147,60.1
13.7.64.22,4.71.254.147,60.3
13.7.64.22,4.71.254.147,60.9
13.7.64.22,4.71.254.147,60.3
13.7.64.22,4.71.254.147,60.2
13.7.64.22,4.71.254.147,60.2
13.7.64.22,4.71.254.147,60.6
13.7.64.22,4.71.254.147,60.1
13.7.64.22,4.71.254.147,60.1
13.7.64.22,4.71.254.147,61.0
13.7.64.22,4.71.254.147,60.1
13.7.64.22,4.71.254.147,60.5
13.7.64.22,4.71.254.147,60.2
13.7.64.22,4.71.254.147,60.2
13.7.64.22,4.71.254.147,60.2
13.7.64.22,4.71.254.147,60.5
13.7.64.22,4.71.254.147,60.4
13.7.64.22,4.71.254.147,60.5
13.7.64.22,4.71.254.147,60.2
13.7.64.22,4.71.254.147,60.7
13.7.64.22,4.71.254.147,60.2
13.7.64.22,4.71.254.147,60.2
13.7.64.22,4.71.254.147,60.2
13.7.64.22,4.71.254.147,60.5
13.7.64.22,4.71.254.147,60.2
13.7.64.22,4.71.254.147,60.1
13.7.64.22,4.71.254.147,60.2
13.7.64.22,4.71.254.147,60.2
13.7.64.22,4.71.254.147,60.2
13.7.64.22,4.71.254.147,60.4
13.7.64.22,4.71.254.147,61.3
13.7.64.22,4.71.254.147,60.3
13.7.64.22,4.71.254.147,60.2
13.7.64.22,4.71.254.147,60.4
13.7.64.22,4.71.254.147,60.5
13.7.64.22,4.71.254.147,60.9
13.7.64.22,4.71.254.147,60.2
13.7.64.22,4.71.254.147,60.1
13.7.64.22,4.71.254.147,60.2
13.7.64.22,4.71.254.147,60.2
13.7.64.22,4.71.254.147,60.1
13.7.64.22,4.71.254.147,60.1
13.7.64.22,4.71.254.147,60.1
13.7.64.22,4.71.254.147,60.4
13.7.64.22,4.71.254.147,60.2
13.7.64.22,4.71.254.147,60.1
13.7.64.22,4.71.254.147,60.2
13.7.64.22,4.71.254.147,60.6
13.7.64.22,4.71.254.147,60.1
13.7.64.22,4.71.254.147,60.2
13.7.64.22,4.71.254.147,60.1
13.7.64.22,4.71.254.147,60.8
13.7.64.22,4.71.254.147,60.7
13.7.64.22,4.71.254.147,60.8
13.7.64.22,4.71.254.147,60.3
13.7.64.22,4.71.254.147,60.0
13.7.64.22,4.71.254.147,60.2
13.7.64.22,4.71.254.147,60.1
13.7.64.22,4.71.254.147,60.2
13.7.64.22,4.71.254.147,60.1
13.7.64.22,4.71.254.147,60.2
13.7.64.22,4.71.254.147,60.5
13.7.64.22,4.71.254.147,60.0
13.7.64.22,4.71.254.147,60.2
13.7.64.22,4.71.254.147,60.1
13.7.64.22,4.71.254.147,60.4
13.7.64.22,4.71.254.147,60.2
13.7.64.22,4.71.254.147,60.4
13.7.64.22,4.71.254.147,61.5
13.7.64.22,4.71.254.147,60.4
13.7.64.22,4.71.254.147,60.1
13.7.64.22,4.71.254.147,61.3
13.7.64.22,4.71.254.147,60.1
13.7.64.22,4.71.254.147,60.1
13.7.64.22,4.71.254.147,60.8
13.7.64.22,4.71.254.147,60.1
13.7.64.22,4.71.254.147,62.6
13.7.64.22,4.71.254.147,60.1
13.7.64.22,4.71.254.147,60.2
13.7.64.22,4.71.254.147,61.5
13.7.64.22,4.71.254.147,60.7
13.7.64.22,4.71.254.147,60.1
13.7.64.22,4.71.254.147,60.2
13.7.64.22,4.71.254.147,60.3
13.7.64.22,4.71.254.147,60.3
13.7.64.22,4.71.254.147,60.1
13.7.64.22,4.71.254.147,60.7
13.7.64.22,4.71.254.147,60.2
13.7.64.22,4.71.254.147,60.1
13.7.64.22,4.71.254.147,60.1
13.7.64.22,4.71.254.147,60.2
13.7.64.22,4.71.254.147,60.0
13.7.64.22,4.71.254.147,60.3
13.7.64.22,4.71.254.147,60.1
13.7.64.22,4.71.254.147,60.6
13.7.64.22,4.71.254.147,60.1
13.7.64.22,4.71.254.147,60.2
13.7.64.22,4.71.254.147,60.3
13.7.64.22,4.71.254.147,60.1
13.7.64.22,4.71.254.147,62.7
13.7.64.22,4.71.254.147,60.1
13.7.64.22,4.71.254.147,61.0
13.7.64.22,4.71.254.147,60.4
13.7.64.22,4.71.254.147,60.2
13.7.64.22,4.71.254.147,60.2
13.7.64.22,4.71.254.147,60.2
13.7.64.22,4.71.254.147,60.1
13.7.64.22,4.71.254.147,60.2
13.7.64.22,4.71.254.147,60.3
13.7.64.22,4.71.254.147,60.2
13.7.64.22,4.71.254.147,60.1
13.7.64.22,4.71.254.147,60.1
13.7.64.22,4.71.254.147,60.3
13.7.64.22,4.71.254.147,60.4
13.7.64.22,4.71.254.147,60.7
13.7.64.22,4.71.254.147,60.2
13.7.64.22,4.71.254.147,60.3
13.7.64.22,4.71.254.147,60.1
13.7.64.22,4.71.254.147,61.4
13.7.64.22,4.71.254.147,60.2
13.7.64.22,4.71.254.147,60.2
13.7.64.22,4.71.254.147,60.1
13.7.64.22,4.71.254.147,60.6
13.7.64.22,4.71.254.147,60.1
13.7.64.22,4.71.254.147,60.2
13.7.64.22,4.71.254.147,60.5
13.7.64.22,4.71.254.147,60.1
13.7.64.22,4.71.254.147,60.1
13.7.64.22,4.71.254.147,65.5
13.7.64.22,4.71.254.147,60.1
13.7.64.22,4.71.254.147,60.0
13.7.64.22,4.71.254.147,60.1
13.7.64.22,4.71.254.147,60.2
13.7.64.22,4.71.254.147,60.2
13.7.64.22,4.71.254.147,60.2
13.7.64.22,4.71.254.147,61.6
13.7.64.22,4.71.254.147,60.6
13.7.64.22,4.71.254.147,60.1
13.7.64.22,4.71.254.147,60.2
13.7.64.22,4.71.254.147,60.1
13.7.64.22,4.71.254.147,60.2
13.7.64.22,4.71.254.147,60.2
13.7.64.22,4.71.254.147,60.0
13.7.64.22,4.71.254.147,60.2
13.7.64.22,4.71.254.147,62.4
13.7.64.22,4.71.254.147,68.2
13.7.64.22,4.71.254.147,60.4
13.7.64.22,4.71.254.147,60.1
13.7.64.22,4.71.254.147,60.1
13.7.64.22,4.71.254.147,60.1
13.7.64.22,4.71.254.147,61.3
13.7.64.22,4.71.254.147,61.0
13.7.64.22,4.71.254.147,60.7
13.7.64.22,4.71.254.147,60.4
13.7.64.22,4.71.254.147,60.3
13.7.64.22,4.71.254.147,60.2
13.7.64.22,4.71.254.147,60.1
13.7.64.22,4.71.254.147,60.1
13.7.64.22,4.71.254.147,60.0
13.7.64.22,4.71.254.147,60.1
13.7.64.22,4.71.254.147,60.1
13.7.64.22,4.71.254.147,60.4
13.7.64.22,4.71.254.147,60.1
13.7.64.22,4.71.254.147,60.0
13.7.64.22,4.71.254.147,60.1
13.7.64.22,4.71.254.147,60.1
13.7.64.22,4.71.254.147,60.3
13.7.64.22,4.71.254.147,60.3
13.7.64.22,4.71.254.147,60.5
13.7.64.22,4.71.254.147,60.2
13.7.64.22,4.71.254.147,60.1
13.7.64.22,4.71.254.147,60.0
13.7.64.22,4.71.254.147,64.5
13.7.64.22,4.71.254.147,60.5
13.7.64.22,4.71.254.147,60.4
13.7.64.22,4.71.254.147,60.1
13.7.64.22,4.71.254.147,60.1
13.7.64.22,4.71.254.147,63.5
13.7.64.22,4.71.254.147,60.3
13.7.64.22,4.71.254.147,60.1
13.7.64.22,4.71.254.147,60.2
13.7.64.22,4.71.254.147,60.2
13.7.64.22,4.71.254.147,60.6
13.7.64.22,4.71.254.147,60.5
13.7.64.22,4.71.254.147,61.2
13.7.64.22,4.71.254.147,60.1
13.7.64.22,4.71.254.147,60.0
13.7.64.22,4.71.254.147,60.1
13.7.64.22,4.71.254.147,60.6
13.7.64.22,4.71.254.147,64.3
13.7.64.22,4.71.254.147,60.1
13.7.64.22,4.71.254.147,60.2
13.7.64.22,4.71.254.147,60.2
13.7.64.22,4.71.254.147,60.2
13.7.64.22,4.71.254.147,60.2
13.7.64.22,4.71.254.147,60.1
13.7.64.22,4.71.254.147,60.1
13.7.64.22,4.71.254.147,60.1
13.7.64.22,4.71.254.147,60.1
13.7.64.22,4.71.254.147,60.1
13.7.64.22,4.71.254.147,61.2
13.7.64.22,4.71.254.147,60.1
13.7.64.22,4.71.254.147,60.1
13.7.64.22,4.71.254.147,60.2
13.7.64.22,4.71.254.147,60.5
13.7.64.22,4.71.254.147,60.2
13.7.64.22,4.71.254.147,60.3
13.7.64.22,4.71.254.147,60.2
13.7.64.22,4.71.254.147,60.2
13.7.64.22,4.71.254.147,61.0
13.7.64.22,4.71.254.147,60.1
13.7.64.22,4.71.254.147,60.2
13.7.64.22,4.71.254.147,60.1
13.7.64.22,4.71.254.147,61.9
13.7.64.22,4.71.254.147,60.2
13.7.64.22,4.71.254.147,62.8
13.7.64.22,4.71.254.147,60.1
13.7.64.22,4.71.254.147,60.8
13.7.64.22,4.71.254.147,60.1
13.7.64.22,4.71.254.147,61.2
13.7.64.22,4.71.254.147,60.3
13.7.64.22,4.71.254.147,60.3
13.7.64.22,4.71.254.147,60.2
13.7.64.22,4.71.254.147,60.7
13.7.64.22,4.71.254.147,60.1
13.7.64.22,4.71.254.147,60.1
13.7.64.22,4.71.254.147,60.1
13.7.64.22,4.71.254.147,60.2
13.7.64.22,4.71.254.147,60.1
13.7.64.22,4.71.254.147,60.2
13.7.64.22,4.71.254.147,60.2
13.7.64.22,4.71.254.147,60.2
13.7.64.22,4.71.254.147,60.4
13.7.64.22,4.71.254.147,60.2
13.7.64.22,4.71.254.147,60.1
13.7.64.22,4.71.254.147,60.2
13.7.64.22,4.71.254.147,61.0
13.7.64.22,4.71.254.147,60.1
13.7.64.22,4.71.254.147,60.2
13.7.64.22,4.71.254.147,60.1
13.7.64.22,4.71.254.147,60.1
13.7.64.22,4.71.254.147,62.8
13.7.64.22,4.71.254.147,60.6
13.7.64.22,4.71.254.147,60.1
13.7.64.22,4.71.254.147,60.1
13.7.64.22,4.71.254.147,60.2
13.7.64.22,4.71.254.147,60.3
13.7.64.22,4.71.254.147,60.2
13.7.64.22,4.71.254.147,62.1
13.7.64.22,4.71.254.147,61.5
13.7.64.22,4.71.254.147,61.1
13.7.64.22,4.71.254.147,60.4
13.7.64.22,4.71.254.147,60.3
13.7.64.22,4.71.254.147,62.1
13.7.64.22,4.71.254.147,60.1
13.7.64.22,4.71.254.147,60.1
13.7.64.22,4.71.254.147,60.4
13.7.64.22,4.71.254.147,60.4
13.7.64.22,4.71.254.147,60.2
13.7.64.22,4.71.254.147,60.1
13.7.64.22,4.71.254.147,60.4
13.7.64.22,4.71.254.147,60.2
13.7.64.22,4.71.254.147,60.3
13.7.64.22,4.71.254.147,60.1
13.7.64.22,4.71.254.147,60.1
13.7.64.22,4.71.254.147,60.2
13.7.64.22,4.71.254.147,60.8
13.7.64.22,4.71.254.147,60.2
13.7.64.22,4.71.254.147,60.2
13.7.64.22,4.71.254.147,60.2
13.7.64.22,4.71.254.147,60.1
13.7.64.22,4.71.254.147,60.4
13.7.64.22,4.71.254.147,60.8
13.7.64.22,4.71.254.147,60.1
13.7.64.22,4.71.254.147,60.2
13.7.64.22,4.71.254.147,60.1
13.7.64.22,4.71.254.147,60.1
13.7.64.22,4.71.254.147,60.1
13.7.64.22,4.71.254.147,60.2
13.7.64.22,4.71.254.147,60.2
13.7.64.22,4.71.254.147,60.1
13.7.64.22,4.71.254.147,60.1
13.7.64.22,4.71.254.147,60.2
13.7.64.22,4.71.254.147,60.2
13.7.64.22,4.71.254.147,60.9
13.7.64.22,4.71.254.147,60.2
